USE [StudentCoursesManagement]
GO
INSERT [dbo].[LOP] ([MALOP], [TENLOP], [SISO]) VALUES (N'13CTT1', N'13CTT1', 120)
INSERT [dbo].[LOP] ([MALOP], [TENLOP], [SISO]) VALUES (N'13CTT2', N'13CTT2', 60)
INSERT [dbo].[LOP] ([MALOP], [TENLOP], [SISO]) VALUES (N'13CTT3', N'13CTT3', 105)
INSERT [dbo].[LOP] ([MALOP], [TENLOP], [SISO]) VALUES (N'14CTT1', N'14CTT1', 60)
INSERT [dbo].[LOP] ([MALOP], [TENLOP], [SISO]) VALUES (N'14CTT2', N'14CTT2', 105)
INSERT [dbo].[LOP] ([MALOP], [TENLOP], [SISO]) VALUES (N'14CTT3', N'14CTT3', 90)
INSERT [dbo].[LOP] ([MALOP], [TENLOP], [SISO]) VALUES (N'15CTT1', N'15CTT1', 75)
INSERT [dbo].[LOP] ([MALOP], [TENLOP], [SISO]) VALUES (N'15CTT2', N'15CTT2', 75)
INSERT [dbo].[LOP] ([MALOP], [TENLOP], [SISO]) VALUES (N'15CTT3', N'15CTT3', 90)
SET IDENTITY_INSERT [dbo].[SINHVIEN] ON 

INSERT [dbo].[SINHVIEN] ([MASV], [HOTEN], [NGAYSINH], [MALOP]) VALUES (1, N'Jeanine Walton', CAST(N'1985-05-18 06:26:00.010' AS DateTime), N'15CTT2')
INSERT [dbo].[SINHVIEN] ([MASV], [HOTEN], [NGAYSINH], [MALOP]) VALUES (2, N'Claire Farrell', CAST(N'1991-11-29 05:51:46.020' AS DateTime), N'14CTT3')
INSERT [dbo].[SINHVIEN] ([MASV], [HOTEN], [NGAYSINH], [MALOP]) VALUES (3, N'Valerie Huynh', CAST(N'2007-02-22 20:24:58.250' AS DateTime), N'14CTT3')
INSERT [dbo].[SINHVIEN] ([MASV], [HOTEN], [NGAYSINH], [MALOP]) VALUES (4, N'Roy Massey', CAST(N'1997-09-14 18:01:34.640' AS DateTime), N'14CTT1')
INSERT [dbo].[SINHVIEN] ([MASV], [HOTEN], [NGAYSINH], [MALOP]) VALUES (5, N'Forrest Baxter', CAST(N'1992-05-18 03:15:48.440' AS DateTime), N'13CTT3')
INSERT [dbo].[SINHVIEN] ([MASV], [HOTEN], [NGAYSINH], [MALOP]) VALUES (6, N'Gerard Drake', CAST(N'1989-06-27 17:35:01.800' AS DateTime), N'14CTT2')
INSERT [dbo].[SINHVIEN] ([MASV], [HOTEN], [NGAYSINH], [MALOP]) VALUES (7, N'Gilberto Woodard', CAST(N'1999-11-18 19:17:34.720' AS DateTime), N'14CTT2')
INSERT [dbo].[SINHVIEN] ([MASV], [HOTEN], [NGAYSINH], [MALOP]) VALUES (8, N'Roberta Carroll', CAST(N'1956-10-31 20:16:28.770' AS DateTime), N'13CTT1')
INSERT [dbo].[SINHVIEN] ([MASV], [HOTEN], [NGAYSINH], [MALOP]) VALUES (9, N'Randal Anderson', CAST(N'1988-12-29 17:25:30.410' AS DateTime), N'15CTT3')
INSERT [dbo].[SINHVIEN] ([MASV], [HOTEN], [NGAYSINH], [MALOP]) VALUES (10, N'Max Peters', CAST(N'1953-12-04 23:53:34.390' AS DateTime), N'13CTT3')
INSERT [dbo].[SINHVIEN] ([MASV], [HOTEN], [NGAYSINH], [MALOP]) VALUES (11, N'Rolando Matthews', CAST(N'1998-05-30 05:47:32.230' AS DateTime), N'15CTT2')
INSERT [dbo].[SINHVIEN] ([MASV], [HOTEN], [NGAYSINH], [MALOP]) VALUES (12, N'Lee Sanchez', CAST(N'1968-10-08 00:01:57.900' AS DateTime), N'13CTT1')
INSERT [dbo].[SINHVIEN] ([MASV], [HOTEN], [NGAYSINH], [MALOP]) VALUES (13, N'Roderick Little', CAST(N'1994-08-19 12:11:18.530' AS DateTime), N'14CTT2')
INSERT [dbo].[SINHVIEN] ([MASV], [HOTEN], [NGAYSINH], [MALOP]) VALUES (14, N'Ty Mosley', CAST(N'1964-12-07 21:35:24.040' AS DateTime), N'15CTT1')
INSERT [dbo].[SINHVIEN] ([MASV], [HOTEN], [NGAYSINH], [MALOP]) VALUES (15, N'Donna Norris', CAST(N'1966-02-03 15:50:10.830' AS DateTime), N'13CTT1')
INSERT [dbo].[SINHVIEN] ([MASV], [HOTEN], [NGAYSINH], [MALOP]) VALUES (16, N'Yvonne Reeves', CAST(N'1998-06-13 20:27:55.560' AS DateTime), N'14CTT2')
INSERT [dbo].[SINHVIEN] ([MASV], [HOTEN], [NGAYSINH], [MALOP]) VALUES (17, N'Bridgette Hardy', CAST(N'2004-10-12 11:04:25.050' AS DateTime), N'15CTT3')
INSERT [dbo].[SINHVIEN] ([MASV], [HOTEN], [NGAYSINH], [MALOP]) VALUES (18, N'Daphne Woodard', CAST(N'1987-10-02 23:31:45.130' AS DateTime), N'15CTT1')
INSERT [dbo].[SINHVIEN] ([MASV], [HOTEN], [NGAYSINH], [MALOP]) VALUES (19, N'Damian Horton', CAST(N'1971-03-30 20:36:02.390' AS DateTime), N'14CTT1')
INSERT [dbo].[SINHVIEN] ([MASV], [HOTEN], [NGAYSINH], [MALOP]) VALUES (20, N'Andrea Eaton', CAST(N'1984-10-15 06:36:19.420' AS DateTime), N'15CTT3')
INSERT [dbo].[SINHVIEN] ([MASV], [HOTEN], [NGAYSINH], [MALOP]) VALUES (21, N'Lewis Rowe', CAST(N'1973-11-21 03:16:46.610' AS DateTime), N'15CTT1')
INSERT [dbo].[SINHVIEN] ([MASV], [HOTEN], [NGAYSINH], [MALOP]) VALUES (22, N'Dwayne Arias', CAST(N'1978-06-11 13:55:50.490' AS DateTime), N'13CTT3')
INSERT [dbo].[SINHVIEN] ([MASV], [HOTEN], [NGAYSINH], [MALOP]) VALUES (23, N'Glen Greer', CAST(N'1987-12-15 14:21:52.320' AS DateTime), N'15CTT2')
INSERT [dbo].[SINHVIEN] ([MASV], [HOTEN], [NGAYSINH], [MALOP]) VALUES (24, N'Garrett Preston', CAST(N'1974-01-08 15:14:42.400' AS DateTime), N'14CTT2')
INSERT [dbo].[SINHVIEN] ([MASV], [HOTEN], [NGAYSINH], [MALOP]) VALUES (25, N'Marco Rogers', CAST(N'1990-09-07 17:47:02.860' AS DateTime), N'13CTT2')
INSERT [dbo].[SINHVIEN] ([MASV], [HOTEN], [NGAYSINH], [MALOP]) VALUES (26, N'Kate Ellison', CAST(N'2003-01-11 09:58:23.190' AS DateTime), N'15CTT1')
INSERT [dbo].[SINHVIEN] ([MASV], [HOTEN], [NGAYSINH], [MALOP]) VALUES (27, N'Anna Frost', CAST(N'1988-10-03 19:52:10.580' AS DateTime), N'14CTT2')
INSERT [dbo].[SINHVIEN] ([MASV], [HOTEN], [NGAYSINH], [MALOP]) VALUES (28, N'Christine Cisneros', CAST(N'1970-07-30 14:25:53.280' AS DateTime), N'15CTT2')
INSERT [dbo].[SINHVIEN] ([MASV], [HOTEN], [NGAYSINH], [MALOP]) VALUES (29, N'Trent Weber', CAST(N'1970-01-14 13:40:41.200' AS DateTime), N'15CTT1')
INSERT [dbo].[SINHVIEN] ([MASV], [HOTEN], [NGAYSINH], [MALOP]) VALUES (30, N'Alisha Key', CAST(N'1960-04-24 05:40:20.000' AS DateTime), N'15CTT1')
INSERT [dbo].[SINHVIEN] ([MASV], [HOTEN], [NGAYSINH], [MALOP]) VALUES (31, N'Marisol Villanueva', CAST(N'1959-05-10 09:28:21.130' AS DateTime), N'13CTT2')
INSERT [dbo].[SINHVIEN] ([MASV], [HOTEN], [NGAYSINH], [MALOP]) VALUES (32, N'Elisabeth Duncan', CAST(N'1987-04-08 14:35:52.840' AS DateTime), N'15CTT3')
INSERT [dbo].[SINHVIEN] ([MASV], [HOTEN], [NGAYSINH], [MALOP]) VALUES (33, N'Emma Kerr', CAST(N'2006-09-07 11:35:07.090' AS DateTime), N'15CTT2')
INSERT [dbo].[SINHVIEN] ([MASV], [HOTEN], [NGAYSINH], [MALOP]) VALUES (34, N'Janette Shannon', CAST(N'1975-01-06 08:55:15.370' AS DateTime), N'14CTT3')
INSERT [dbo].[SINHVIEN] ([MASV], [HOTEN], [NGAYSINH], [MALOP]) VALUES (35, N'Deanna Dodson', CAST(N'1960-06-16 22:42:04.200' AS DateTime), N'13CTT2')
INSERT [dbo].[SINHVIEN] ([MASV], [HOTEN], [NGAYSINH], [MALOP]) VALUES (36, N'Alma Kelley', CAST(N'1993-09-18 02:23:43.850' AS DateTime), N'14CTT2')
INSERT [dbo].[SINHVIEN] ([MASV], [HOTEN], [NGAYSINH], [MALOP]) VALUES (37, N'Mitchell Glenn', CAST(N'1998-12-14 12:02:31.270' AS DateTime), N'15CTT1')
INSERT [dbo].[SINHVIEN] ([MASV], [HOTEN], [NGAYSINH], [MALOP]) VALUES (38, N'Damion Villa', CAST(N'1953-12-27 13:30:18.310' AS DateTime), N'13CTT1')
INSERT [dbo].[SINHVIEN] ([MASV], [HOTEN], [NGAYSINH], [MALOP]) VALUES (39, N'Jenny Beasley', CAST(N'1980-03-31 11:48:13.050' AS DateTime), N'15CTT1')
INSERT [dbo].[SINHVIEN] ([MASV], [HOTEN], [NGAYSINH], [MALOP]) VALUES (40, N'Kerrie Scott', CAST(N'1966-06-19 18:34:59.220' AS DateTime), N'15CTT3')
INSERT [dbo].[SINHVIEN] ([MASV], [HOTEN], [NGAYSINH], [MALOP]) VALUES (41, N'Nichole Graham', CAST(N'1988-05-28 06:09:42.800' AS DateTime), N'14CTT2')
INSERT [dbo].[SINHVIEN] ([MASV], [HOTEN], [NGAYSINH], [MALOP]) VALUES (42, N'Kelly Gay', CAST(N'1993-02-16 20:31:56.400' AS DateTime), N'13CTT3')
INSERT [dbo].[SINHVIEN] ([MASV], [HOTEN], [NGAYSINH], [MALOP]) VALUES (43, N'Candy Osborn', CAST(N'1988-12-26 21:22:50.550' AS DateTime), N'14CTT2')
INSERT [dbo].[SINHVIEN] ([MASV], [HOTEN], [NGAYSINH], [MALOP]) VALUES (44, N'Joel Boyle', CAST(N'2002-06-20 12:25:47.050' AS DateTime), N'15CTT2')
INSERT [dbo].[SINHVIEN] ([MASV], [HOTEN], [NGAYSINH], [MALOP]) VALUES (45, N'Mandi Zavala', CAST(N'1975-07-16 03:42:28.710' AS DateTime), N'15CTT1')
INSERT [dbo].[SINHVIEN] ([MASV], [HOTEN], [NGAYSINH], [MALOP]) VALUES (46, N'Caroline Sellers', CAST(N'1976-10-15 00:15:39.100' AS DateTime), N'13CTT3')
INSERT [dbo].[SINHVIEN] ([MASV], [HOTEN], [NGAYSINH], [MALOP]) VALUES (47, N'Andrea Barker', CAST(N'2005-04-17 10:13:36.770' AS DateTime), N'14CTT3')
INSERT [dbo].[SINHVIEN] ([MASV], [HOTEN], [NGAYSINH], [MALOP]) VALUES (48, N'Carla Schmidt', CAST(N'1991-05-21 03:54:54.810' AS DateTime), N'13CTT3')
INSERT [dbo].[SINHVIEN] ([MASV], [HOTEN], [NGAYSINH], [MALOP]) VALUES (49, N'Billy Estes', CAST(N'1982-05-15 12:47:58.130' AS DateTime), N'13CTT3')
INSERT [dbo].[SINHVIEN] ([MASV], [HOTEN], [NGAYSINH], [MALOP]) VALUES (50, N'Nathaniel Hunter', CAST(N'1963-08-10 10:38:26.630' AS DateTime), N'13CTT1')
INSERT [dbo].[SINHVIEN] ([MASV], [HOTEN], [NGAYSINH], [MALOP]) VALUES (51, N'Erica Villegas', CAST(N'1979-06-11 14:44:00.820' AS DateTime), N'15CTT1')
INSERT [dbo].[SINHVIEN] ([MASV], [HOTEN], [NGAYSINH], [MALOP]) VALUES (52, N'Bryce Rosales', CAST(N'1964-05-10 00:31:42.940' AS DateTime), N'15CTT3')
INSERT [dbo].[SINHVIEN] ([MASV], [HOTEN], [NGAYSINH], [MALOP]) VALUES (53, N'Kellie Weaver', CAST(N'1956-12-15 02:09:28.610' AS DateTime), N'15CTT3')
INSERT [dbo].[SINHVIEN] ([MASV], [HOTEN], [NGAYSINH], [MALOP]) VALUES (54, N'Lakeisha Mckee', CAST(N'2006-09-29 05:52:45.360' AS DateTime), N'15CTT3')
INSERT [dbo].[SINHVIEN] ([MASV], [HOTEN], [NGAYSINH], [MALOP]) VALUES (55, N'Perry Mcintosh', CAST(N'1995-06-02 01:09:07.110' AS DateTime), N'13CTT1')
INSERT [dbo].[SINHVIEN] ([MASV], [HOTEN], [NGAYSINH], [MALOP]) VALUES (56, N'Jayson Little', CAST(N'1959-12-08 16:30:09.520' AS DateTime), N'13CTT1')
INSERT [dbo].[SINHVIEN] ([MASV], [HOTEN], [NGAYSINH], [MALOP]) VALUES (57, N'Eugene Holder', CAST(N'1956-12-15 15:29:53.690' AS DateTime), N'15CTT3')
INSERT [dbo].[SINHVIEN] ([MASV], [HOTEN], [NGAYSINH], [MALOP]) VALUES (58, N'Karen Levy', CAST(N'1986-02-15 05:10:15.840' AS DateTime), N'13CTT2')
INSERT [dbo].[SINHVIEN] ([MASV], [HOTEN], [NGAYSINH], [MALOP]) VALUES (59, N'Sonya Davenport', CAST(N'1960-01-09 00:14:31.780' AS DateTime), N'14CTT3')
INSERT [dbo].[SINHVIEN] ([MASV], [HOTEN], [NGAYSINH], [MALOP]) VALUES (60, N'Jeanne Dudley', CAST(N'1997-05-06 17:17:25.250' AS DateTime), N'14CTT3')
INSERT [dbo].[SINHVIEN] ([MASV], [HOTEN], [NGAYSINH], [MALOP]) VALUES (61, N'Terrance Wells', CAST(N'1953-09-24 21:42:51.210' AS DateTime), NULL)
INSERT [dbo].[SINHVIEN] ([MASV], [HOTEN], [NGAYSINH], [MALOP]) VALUES (62, N'Adrian Gay', CAST(N'1982-04-22 04:51:41.430' AS DateTime), N'15CTT2')
INSERT [dbo].[SINHVIEN] ([MASV], [HOTEN], [NGAYSINH], [MALOP]) VALUES (63, N'Gloria Tate', CAST(N'1994-10-17 06:35:47.570' AS DateTime), N'13CTT3')
INSERT [dbo].[SINHVIEN] ([MASV], [HOTEN], [NGAYSINH], [MALOP]) VALUES (64, N'Cecilia Espinoza', CAST(N'1981-09-07 11:45:10.400' AS DateTime), N'15CTT3')
INSERT [dbo].[SINHVIEN] ([MASV], [HOTEN], [NGAYSINH], [MALOP]) VALUES (65, N'Tasha Vasquez', CAST(N'2002-07-27 14:25:13.260' AS DateTime), N'14CTT1')
INSERT [dbo].[SINHVIEN] ([MASV], [HOTEN], [NGAYSINH], [MALOP]) VALUES (66, N'George Burton', CAST(N'1964-02-22 15:11:39.390' AS DateTime), N'13CTT3')
INSERT [dbo].[SINHVIEN] ([MASV], [HOTEN], [NGAYSINH], [MALOP]) VALUES (67, N'Laura Kidd', CAST(N'1970-01-30 12:26:50.820' AS DateTime), N'14CTT2')
INSERT [dbo].[SINHVIEN] ([MASV], [HOTEN], [NGAYSINH], [MALOP]) VALUES (68, N'Dallas Durham', CAST(N'1972-08-14 03:16:03.150' AS DateTime), N'13CTT3')
INSERT [dbo].[SINHVIEN] ([MASV], [HOTEN], [NGAYSINH], [MALOP]) VALUES (69, N'Sonny Stephenson', CAST(N'1957-06-23 22:53:19.830' AS DateTime), N'15CTT2')
INSERT [dbo].[SINHVIEN] ([MASV], [HOTEN], [NGAYSINH], [MALOP]) VALUES (70, N'Jennie Noble', CAST(N'1980-05-17 13:26:26.990' AS DateTime), N'13CTT1')
INSERT [dbo].[SINHVIEN] ([MASV], [HOTEN], [NGAYSINH], [MALOP]) VALUES (71, N'Mandy Ortega', CAST(N'2007-06-30 08:25:24.290' AS DateTime), N'14CTT1')
INSERT [dbo].[SINHVIEN] ([MASV], [HOTEN], [NGAYSINH], [MALOP]) VALUES (72, N'Karen Perez', CAST(N'2003-10-17 21:34:06.740' AS DateTime), N'13CTT2')
INSERT [dbo].[SINHVIEN] ([MASV], [HOTEN], [NGAYSINH], [MALOP]) VALUES (73, N'Jane Mc Guire', CAST(N'1960-07-04 11:43:32.070' AS DateTime), N'14CTT3')
INSERT [dbo].[SINHVIEN] ([MASV], [HOTEN], [NGAYSINH], [MALOP]) VALUES (74, N'Stephen Bush', CAST(N'1957-10-12 02:01:03.170' AS DateTime), N'15CTT1')
INSERT [dbo].[SINHVIEN] ([MASV], [HOTEN], [NGAYSINH], [MALOP]) VALUES (75, N'Neal Arias', CAST(N'2004-05-19 00:26:36.630' AS DateTime), N'13CTT2')
INSERT [dbo].[SINHVIEN] ([MASV], [HOTEN], [NGAYSINH], [MALOP]) VALUES (76, N'Wendi Dawson', CAST(N'1988-10-03 06:44:50.220' AS DateTime), N'14CTT3')
INSERT [dbo].[SINHVIEN] ([MASV], [HOTEN], [NGAYSINH], [MALOP]) VALUES (77, N'Rebecca Gay', CAST(N'1997-06-14 16:32:59.950' AS DateTime), N'15CTT3')
INSERT [dbo].[SINHVIEN] ([MASV], [HOTEN], [NGAYSINH], [MALOP]) VALUES (78, N'Kimberly Hogan', CAST(N'1993-06-26 01:56:05.270' AS DateTime), N'13CTT1')
INSERT [dbo].[SINHVIEN] ([MASV], [HOTEN], [NGAYSINH], [MALOP]) VALUES (79, N'Paul Walls', CAST(N'2006-06-25 11:32:13.690' AS DateTime), N'15CTT2')
INSERT [dbo].[SINHVIEN] ([MASV], [HOTEN], [NGAYSINH], [MALOP]) VALUES (80, N'Megan Malone', CAST(N'1966-11-24 17:31:23.750' AS DateTime), N'14CTT3')
INSERT [dbo].[SINHVIEN] ([MASV], [HOTEN], [NGAYSINH], [MALOP]) VALUES (81, N'Isaac Nolan', CAST(N'2005-09-24 23:44:46.430' AS DateTime), N'15CTT3')
INSERT [dbo].[SINHVIEN] ([MASV], [HOTEN], [NGAYSINH], [MALOP]) VALUES (82, N'Joey Becker', CAST(N'2005-05-15 15:57:15.780' AS DateTime), N'14CTT2')
INSERT [dbo].[SINHVIEN] ([MASV], [HOTEN], [NGAYSINH], [MALOP]) VALUES (83, N'Bridgett Maxwell', CAST(N'1996-03-16 01:37:55.160' AS DateTime), N'15CTT2')
INSERT [dbo].[SINHVIEN] ([MASV], [HOTEN], [NGAYSINH], [MALOP]) VALUES (84, N'Doris Jordan', CAST(N'1959-06-08 03:02:14.570' AS DateTime), N'14CTT3')
INSERT [dbo].[SINHVIEN] ([MASV], [HOTEN], [NGAYSINH], [MALOP]) VALUES (85, N'Eli Dickerson', CAST(N'1988-11-12 14:56:19.190' AS DateTime), N'15CTT1')
INSERT [dbo].[SINHVIEN] ([MASV], [HOTEN], [NGAYSINH], [MALOP]) VALUES (86, N'Ismael Schaefer', CAST(N'2002-12-30 08:56:38.190' AS DateTime), N'13CTT3')
INSERT [dbo].[SINHVIEN] ([MASV], [HOTEN], [NGAYSINH], [MALOP]) VALUES (87, N'Nora Osborne', CAST(N'1983-04-25 12:26:24.230' AS DateTime), N'14CTT2')
INSERT [dbo].[SINHVIEN] ([MASV], [HOTEN], [NGAYSINH], [MALOP]) VALUES (88, N'Hope Webster', CAST(N'2007-12-09 05:42:21.740' AS DateTime), N'13CTT2')
INSERT [dbo].[SINHVIEN] ([MASV], [HOTEN], [NGAYSINH], [MALOP]) VALUES (89, N'Ty Krueger', CAST(N'1987-08-06 07:46:08.270' AS DateTime), N'13CTT3')
INSERT [dbo].[SINHVIEN] ([MASV], [HOTEN], [NGAYSINH], [MALOP]) VALUES (90, N'Caroline Mathews', CAST(N'1953-07-11 06:11:54.680' AS DateTime), N'14CTT2')
INSERT [dbo].[SINHVIEN] ([MASV], [HOTEN], [NGAYSINH], [MALOP]) VALUES (91, N'Nikki Patrick', CAST(N'1989-10-04 10:53:50.150' AS DateTime), N'13CTT1')
INSERT [dbo].[SINHVIEN] ([MASV], [HOTEN], [NGAYSINH], [MALOP]) VALUES (92, N'David Meyer', CAST(N'1965-10-30 06:52:15.430' AS DateTime), N'15CTT2')
INSERT [dbo].[SINHVIEN] ([MASV], [HOTEN], [NGAYSINH], [MALOP]) VALUES (93, N'Scot Briggs', CAST(N'2001-12-18 13:15:46.540' AS DateTime), N'15CTT3')
INSERT [dbo].[SINHVIEN] ([MASV], [HOTEN], [NGAYSINH], [MALOP]) VALUES (94, N'Cedric Acevedo', CAST(N'1990-11-24 18:30:47.800' AS DateTime), N'14CTT2')
INSERT [dbo].[SINHVIEN] ([MASV], [HOTEN], [NGAYSINH], [MALOP]) VALUES (95, N'Maria Spence', CAST(N'1965-09-25 20:52:08.000' AS DateTime), N'15CTT3')
INSERT [dbo].[SINHVIEN] ([MASV], [HOTEN], [NGAYSINH], [MALOP]) VALUES (96, N'Jayson Carson', CAST(N'1959-02-07 01:18:01.370' AS DateTime), N'14CTT3')
INSERT [dbo].[SINHVIEN] ([MASV], [HOTEN], [NGAYSINH], [MALOP]) VALUES (97, N'Chadwick O''Neal', CAST(N'2006-05-02 13:56:08.830' AS DateTime), N'15CTT3')
INSERT [dbo].[SINHVIEN] ([MASV], [HOTEN], [NGAYSINH], [MALOP]) VALUES (98, N'Brooke Willis', CAST(N'1960-04-21 09:37:40.140' AS DateTime), N'15CTT1')
INSERT [dbo].[SINHVIEN] ([MASV], [HOTEN], [NGAYSINH], [MALOP]) VALUES (99, N'Tanya Lewis', CAST(N'2007-11-23 22:00:33.800' AS DateTime), N'14CTT1')
GO
INSERT [dbo].[SINHVIEN] ([MASV], [HOTEN], [NGAYSINH], [MALOP]) VALUES (100, N'Camille Livingston', CAST(N'1964-05-24 12:30:49.320' AS DateTime), N'15CTT2')
INSERT [dbo].[SINHVIEN] ([MASV], [HOTEN], [NGAYSINH], [MALOP]) VALUES (101, N'Linda Carey', CAST(N'1959-09-16 11:48:48.280' AS DateTime), N'13CTT3')
INSERT [dbo].[SINHVIEN] ([MASV], [HOTEN], [NGAYSINH], [MALOP]) VALUES (102, N'Melody Blair', CAST(N'1985-09-04 06:57:33.610' AS DateTime), N'15CTT3')
INSERT [dbo].[SINHVIEN] ([MASV], [HOTEN], [NGAYSINH], [MALOP]) VALUES (103, N'Milton Huerta', CAST(N'1986-11-28 05:01:34.970' AS DateTime), N'15CTT2')
INSERT [dbo].[SINHVIEN] ([MASV], [HOTEN], [NGAYSINH], [MALOP]) VALUES (104, N'Emma Stephens', CAST(N'1954-12-29 23:21:31.130' AS DateTime), N'15CTT2')
INSERT [dbo].[SINHVIEN] ([MASV], [HOTEN], [NGAYSINH], [MALOP]) VALUES (105, N'Beth Lopez', CAST(N'1964-02-10 02:13:02.340' AS DateTime), N'14CTT1')
INSERT [dbo].[SINHVIEN] ([MASV], [HOTEN], [NGAYSINH], [MALOP]) VALUES (106, N'Lindsay Boyd', CAST(N'1983-08-24 17:09:54.080' AS DateTime), N'13CTT1')
INSERT [dbo].[SINHVIEN] ([MASV], [HOTEN], [NGAYSINH], [MALOP]) VALUES (107, N'Freddie Ponce', CAST(N'1956-11-06 12:48:10.870' AS DateTime), N'13CTT2')
INSERT [dbo].[SINHVIEN] ([MASV], [HOTEN], [NGAYSINH], [MALOP]) VALUES (108, N'Rebecca Hurley', CAST(N'2007-03-05 00:08:25.450' AS DateTime), N'14CTT2')
INSERT [dbo].[SINHVIEN] ([MASV], [HOTEN], [NGAYSINH], [MALOP]) VALUES (109, N'Angela Wyatt', CAST(N'1955-05-14 05:26:08.730' AS DateTime), N'13CTT3')
INSERT [dbo].[SINHVIEN] ([MASV], [HOTEN], [NGAYSINH], [MALOP]) VALUES (110, N'Troy Swanson', CAST(N'1959-08-30 18:24:16.890' AS DateTime), N'13CTT3')
INSERT [dbo].[SINHVIEN] ([MASV], [HOTEN], [NGAYSINH], [MALOP]) VALUES (111, N'Cheryl Hutchinson', CAST(N'1970-06-24 23:57:09.570' AS DateTime), N'13CTT2')
INSERT [dbo].[SINHVIEN] ([MASV], [HOTEN], [NGAYSINH], [MALOP]) VALUES (112, N'Juanita Melton', CAST(N'1971-06-21 13:33:48.430' AS DateTime), N'14CTT3')
INSERT [dbo].[SINHVIEN] ([MASV], [HOTEN], [NGAYSINH], [MALOP]) VALUES (113, N'Tera Jackson', CAST(N'1987-08-22 17:38:02.150' AS DateTime), N'14CTT1')
INSERT [dbo].[SINHVIEN] ([MASV], [HOTEN], [NGAYSINH], [MALOP]) VALUES (114, N'Leigh Frost', CAST(N'2001-02-13 06:43:08.030' AS DateTime), N'13CTT1')
INSERT [dbo].[SINHVIEN] ([MASV], [HOTEN], [NGAYSINH], [MALOP]) VALUES (115, N'Maggie Schaefer', CAST(N'1999-08-11 17:32:38.830' AS DateTime), N'15CTT1')
INSERT [dbo].[SINHVIEN] ([MASV], [HOTEN], [NGAYSINH], [MALOP]) VALUES (116, N'Iris Weeks', CAST(N'1956-05-11 05:45:35.440' AS DateTime), N'14CTT3')
INSERT [dbo].[SINHVIEN] ([MASV], [HOTEN], [NGAYSINH], [MALOP]) VALUES (117, N'Alberto Carney', CAST(N'1994-02-05 03:13:46.280' AS DateTime), N'13CTT3')
INSERT [dbo].[SINHVIEN] ([MASV], [HOTEN], [NGAYSINH], [MALOP]) VALUES (118, N'Shannon Salazar', CAST(N'1988-05-12 03:33:33.000' AS DateTime), N'13CTT2')
INSERT [dbo].[SINHVIEN] ([MASV], [HOTEN], [NGAYSINH], [MALOP]) VALUES (119, N'Karrie Duarte', CAST(N'2000-10-24 20:48:51.210' AS DateTime), N'14CTT2')
INSERT [dbo].[SINHVIEN] ([MASV], [HOTEN], [NGAYSINH], [MALOP]) VALUES (120, N'Clay Frank', CAST(N'2007-07-28 05:28:35.070' AS DateTime), N'13CTT3')
INSERT [dbo].[SINHVIEN] ([MASV], [HOTEN], [NGAYSINH], [MALOP]) VALUES (121, N'Sam Cannon', CAST(N'1988-10-29 02:45:15.170' AS DateTime), N'13CTT3')
INSERT [dbo].[SINHVIEN] ([MASV], [HOTEN], [NGAYSINH], [MALOP]) VALUES (122, N'Leo Morrow', CAST(N'1970-02-21 06:44:29.090' AS DateTime), N'14CTT3')
INSERT [dbo].[SINHVIEN] ([MASV], [HOTEN], [NGAYSINH], [MALOP]) VALUES (123, N'Marianne Poole', CAST(N'1993-01-07 19:29:54.890' AS DateTime), NULL)
INSERT [dbo].[SINHVIEN] ([MASV], [HOTEN], [NGAYSINH], [MALOP]) VALUES (124, N'Sherri May', CAST(N'1956-12-14 16:41:25.140' AS DateTime), N'15CTT3')
INSERT [dbo].[SINHVIEN] ([MASV], [HOTEN], [NGAYSINH], [MALOP]) VALUES (125, N'Gerald Koch', CAST(N'1998-08-13 02:32:36.840' AS DateTime), N'15CTT1')
INSERT [dbo].[SINHVIEN] ([MASV], [HOTEN], [NGAYSINH], [MALOP]) VALUES (126, N'Salvador Rowland', CAST(N'1994-09-01 01:33:08.860' AS DateTime), N'13CTT2')
INSERT [dbo].[SINHVIEN] ([MASV], [HOTEN], [NGAYSINH], [MALOP]) VALUES (127, N'Victor Hull', CAST(N'1954-10-31 08:18:20.190' AS DateTime), N'13CTT1')
INSERT [dbo].[SINHVIEN] ([MASV], [HOTEN], [NGAYSINH], [MALOP]) VALUES (128, N'Rhonda Espinoza', CAST(N'1977-08-09 17:12:44.270' AS DateTime), N'13CTT1')
INSERT [dbo].[SINHVIEN] ([MASV], [HOTEN], [NGAYSINH], [MALOP]) VALUES (129, N'Walter Gordon', CAST(N'2000-01-16 05:08:55.170' AS DateTime), N'14CTT3')
INSERT [dbo].[SINHVIEN] ([MASV], [HOTEN], [NGAYSINH], [MALOP]) VALUES (130, N'Becky Silva', CAST(N'1998-04-12 23:08:35.250' AS DateTime), N'13CTT3')
INSERT [dbo].[SINHVIEN] ([MASV], [HOTEN], [NGAYSINH], [MALOP]) VALUES (131, NULL, CAST(N'1990-06-02 16:48:41.390' AS DateTime), N'15CTT2')
INSERT [dbo].[SINHVIEN] ([MASV], [HOTEN], [NGAYSINH], [MALOP]) VALUES (132, N'Latonya Harrison', CAST(N'1990-02-24 06:55:19.800' AS DateTime), N'15CTT3')
INSERT [dbo].[SINHVIEN] ([MASV], [HOTEN], [NGAYSINH], [MALOP]) VALUES (133, N'Jess Perkins', CAST(N'1993-08-02 03:55:31.480' AS DateTime), N'14CTT2')
INSERT [dbo].[SINHVIEN] ([MASV], [HOTEN], [NGAYSINH], [MALOP]) VALUES (134, N'Benjamin Hooper', CAST(N'1995-02-01 23:01:24.370' AS DateTime), N'15CTT2')
INSERT [dbo].[SINHVIEN] ([MASV], [HOTEN], [NGAYSINH], [MALOP]) VALUES (135, N'Dennis Bailey', CAST(N'1960-03-11 05:42:35.460' AS DateTime), N'14CTT3')
INSERT [dbo].[SINHVIEN] ([MASV], [HOTEN], [NGAYSINH], [MALOP]) VALUES (136, N'Ryan Yang', CAST(N'1973-01-21 16:47:12.810' AS DateTime), N'14CTT3')
INSERT [dbo].[SINHVIEN] ([MASV], [HOTEN], [NGAYSINH], [MALOP]) VALUES (137, N'Bobby Steele', CAST(N'1971-06-19 10:55:40.800' AS DateTime), N'14CTT3')
INSERT [dbo].[SINHVIEN] ([MASV], [HOTEN], [NGAYSINH], [MALOP]) VALUES (138, N'Carol Schroeder', CAST(N'1994-03-19 02:16:24.020' AS DateTime), N'15CTT2')
INSERT [dbo].[SINHVIEN] ([MASV], [HOTEN], [NGAYSINH], [MALOP]) VALUES (139, N'Tim Mc Gee', CAST(N'2003-04-28 00:49:12.240' AS DateTime), N'13CTT2')
INSERT [dbo].[SINHVIEN] ([MASV], [HOTEN], [NGAYSINH], [MALOP]) VALUES (140, N'Grant Rodriguez', CAST(N'1958-03-22 21:46:25.110' AS DateTime), NULL)
INSERT [dbo].[SINHVIEN] ([MASV], [HOTEN], [NGAYSINH], [MALOP]) VALUES (141, N'Lance Lyons', CAST(N'1999-02-23 20:08:27.320' AS DateTime), N'15CTT1')
INSERT [dbo].[SINHVIEN] ([MASV], [HOTEN], [NGAYSINH], [MALOP]) VALUES (142, N'Philip Horton', CAST(N'1984-02-20 12:17:58.790' AS DateTime), N'15CTT2')
INSERT [dbo].[SINHVIEN] ([MASV], [HOTEN], [NGAYSINH], [MALOP]) VALUES (143, N'Seth Horton', CAST(N'2005-07-29 00:16:13.000' AS DateTime), N'15CTT2')
INSERT [dbo].[SINHVIEN] ([MASV], [HOTEN], [NGAYSINH], [MALOP]) VALUES (144, N'Nathaniel Mayo', CAST(N'1980-12-07 13:21:51.370' AS DateTime), N'15CTT2')
INSERT [dbo].[SINHVIEN] ([MASV], [HOTEN], [NGAYSINH], [MALOP]) VALUES (145, N'Darryl Chaney', CAST(N'1991-01-16 06:14:45.120' AS DateTime), N'14CTT2')
INSERT [dbo].[SINHVIEN] ([MASV], [HOTEN], [NGAYSINH], [MALOP]) VALUES (146, N'Leticia Lynch', CAST(N'1971-04-16 21:20:01.720' AS DateTime), N'14CTT3')
INSERT [dbo].[SINHVIEN] ([MASV], [HOTEN], [NGAYSINH], [MALOP]) VALUES (147, N'Esteban Skinner', CAST(N'1986-03-09 13:14:13.290' AS DateTime), N'13CTT3')
INSERT [dbo].[SINHVIEN] ([MASV], [HOTEN], [NGAYSINH], [MALOP]) VALUES (148, NULL, CAST(N'1953-11-05 06:32:38.500' AS DateTime), N'15CTT2')
INSERT [dbo].[SINHVIEN] ([MASV], [HOTEN], [NGAYSINH], [MALOP]) VALUES (149, N'Rudy Berger', CAST(N'1999-04-15 00:58:08.980' AS DateTime), N'15CTT3')
INSERT [dbo].[SINHVIEN] ([MASV], [HOTEN], [NGAYSINH], [MALOP]) VALUES (150, N'Annie Lloyd', CAST(N'1962-05-18 15:06:32.550' AS DateTime), N'13CTT2')
INSERT [dbo].[SINHVIEN] ([MASV], [HOTEN], [NGAYSINH], [MALOP]) VALUES (151, N'Rolando Lin', CAST(N'1972-12-31 22:04:15.090' AS DateTime), N'14CTT3')
INSERT [dbo].[SINHVIEN] ([MASV], [HOTEN], [NGAYSINH], [MALOP]) VALUES (152, N'Timmy Stanley', CAST(N'1970-12-22 10:22:35.830' AS DateTime), N'14CTT2')
INSERT [dbo].[SINHVIEN] ([MASV], [HOTEN], [NGAYSINH], [MALOP]) VALUES (153, N'Karin Sherman', CAST(N'1967-06-27 12:48:48.940' AS DateTime), N'15CTT1')
INSERT [dbo].[SINHVIEN] ([MASV], [HOTEN], [NGAYSINH], [MALOP]) VALUES (154, N'Jill Russo', CAST(N'1953-04-29 16:31:58.720' AS DateTime), N'13CTT1')
INSERT [dbo].[SINHVIEN] ([MASV], [HOTEN], [NGAYSINH], [MALOP]) VALUES (155, N'Danielle Guerra', CAST(N'1983-07-26 09:45:34.160' AS DateTime), N'13CTT2')
INSERT [dbo].[SINHVIEN] ([MASV], [HOTEN], [NGAYSINH], [MALOP]) VALUES (156, N'Sherry Dyer', CAST(N'1997-07-25 05:04:19.200' AS DateTime), N'14CTT3')
INSERT [dbo].[SINHVIEN] ([MASV], [HOTEN], [NGAYSINH], [MALOP]) VALUES (157, N'Myron Cervantes', CAST(N'2000-08-26 11:27:38.720' AS DateTime), N'14CTT3')
INSERT [dbo].[SINHVIEN] ([MASV], [HOTEN], [NGAYSINH], [MALOP]) VALUES (158, N'Shauna Bright', CAST(N'1982-12-15 12:20:09.820' AS DateTime), N'14CTT3')
INSERT [dbo].[SINHVIEN] ([MASV], [HOTEN], [NGAYSINH], [MALOP]) VALUES (159, N'Mia Wagner', CAST(N'1964-05-17 20:48:54.290' AS DateTime), N'15CTT3')
INSERT [dbo].[SINHVIEN] ([MASV], [HOTEN], [NGAYSINH], [MALOP]) VALUES (160, N'Barbara Moore', CAST(N'1977-06-10 00:39:53.490' AS DateTime), N'13CTT2')
INSERT [dbo].[SINHVIEN] ([MASV], [HOTEN], [NGAYSINH], [MALOP]) VALUES (161, N'Alex Mckay', CAST(N'1981-10-25 08:51:33.880' AS DateTime), N'14CTT3')
INSERT [dbo].[SINHVIEN] ([MASV], [HOTEN], [NGAYSINH], [MALOP]) VALUES (162, N'Albert Rose', CAST(N'1987-03-29 19:35:26.610' AS DateTime), N'13CTT3')
INSERT [dbo].[SINHVIEN] ([MASV], [HOTEN], [NGAYSINH], [MALOP]) VALUES (163, N'Leroy Frank', CAST(N'1960-02-18 18:59:30.270' AS DateTime), N'13CTT1')
INSERT [dbo].[SINHVIEN] ([MASV], [HOTEN], [NGAYSINH], [MALOP]) VALUES (164, N'Olivia Murphy', CAST(N'1965-01-30 06:17:33.480' AS DateTime), N'13CTT3')
INSERT [dbo].[SINHVIEN] ([MASV], [HOTEN], [NGAYSINH], [MALOP]) VALUES (165, N'Kimberley Ballard', CAST(N'1977-03-29 01:35:35.500' AS DateTime), N'15CTT2')
INSERT [dbo].[SINHVIEN] ([MASV], [HOTEN], [NGAYSINH], [MALOP]) VALUES (166, N'Clayton Archer', CAST(N'1988-04-29 17:01:49.770' AS DateTime), N'15CTT3')
INSERT [dbo].[SINHVIEN] ([MASV], [HOTEN], [NGAYSINH], [MALOP]) VALUES (167, N'Jordan Walters', CAST(N'1985-11-18 09:38:16.950' AS DateTime), N'15CTT3')
INSERT [dbo].[SINHVIEN] ([MASV], [HOTEN], [NGAYSINH], [MALOP]) VALUES (168, N'Jo Pierce', CAST(N'2000-07-19 18:36:37.780' AS DateTime), N'15CTT3')
INSERT [dbo].[SINHVIEN] ([MASV], [HOTEN], [NGAYSINH], [MALOP]) VALUES (169, N'Cary Wallace', CAST(N'1993-12-06 01:00:32.560' AS DateTime), N'15CTT2')
INSERT [dbo].[SINHVIEN] ([MASV], [HOTEN], [NGAYSINH], [MALOP]) VALUES (170, N'Jane Kim', CAST(N'1979-07-22 00:45:26.020' AS DateTime), N'14CTT2')
INSERT [dbo].[SINHVIEN] ([MASV], [HOTEN], [NGAYSINH], [MALOP]) VALUES (171, N'Summer Price', CAST(N'1992-11-21 18:49:54.650' AS DateTime), N'14CTT1')
INSERT [dbo].[SINHVIEN] ([MASV], [HOTEN], [NGAYSINH], [MALOP]) VALUES (172, N'Chester Holt', CAST(N'2007-11-19 00:57:22.260' AS DateTime), N'14CTT1')
INSERT [dbo].[SINHVIEN] ([MASV], [HOTEN], [NGAYSINH], [MALOP]) VALUES (173, N'Jayson Ritter', CAST(N'1993-01-14 02:44:20.760' AS DateTime), N'14CTT3')
INSERT [dbo].[SINHVIEN] ([MASV], [HOTEN], [NGAYSINH], [MALOP]) VALUES (174, N'Harry Morrow', CAST(N'1995-08-05 23:02:26.100' AS DateTime), N'15CTT3')
INSERT [dbo].[SINHVIEN] ([MASV], [HOTEN], [NGAYSINH], [MALOP]) VALUES (175, N'Mitchell Oliver', CAST(N'1961-06-04 09:20:07.750' AS DateTime), N'15CTT1')
INSERT [dbo].[SINHVIEN] ([MASV], [HOTEN], [NGAYSINH], [MALOP]) VALUES (176, N'Kristen Zimmerman', CAST(N'1957-09-09 14:27:16.380' AS DateTime), N'14CTT2')
INSERT [dbo].[SINHVIEN] ([MASV], [HOTEN], [NGAYSINH], [MALOP]) VALUES (177, N'Jami Foster', CAST(N'1972-07-25 06:28:16.090' AS DateTime), N'13CTT2')
INSERT [dbo].[SINHVIEN] ([MASV], [HOTEN], [NGAYSINH], [MALOP]) VALUES (178, N'Fred Stevenson', CAST(N'1965-02-01 06:08:03.520' AS DateTime), N'14CTT2')
INSERT [dbo].[SINHVIEN] ([MASV], [HOTEN], [NGAYSINH], [MALOP]) VALUES (179, N'Kristine Lynch', CAST(N'1973-11-28 10:26:40.030' AS DateTime), N'15CTT3')
INSERT [dbo].[SINHVIEN] ([MASV], [HOTEN], [NGAYSINH], [MALOP]) VALUES (180, N'Marisol Ibarra', CAST(N'1980-04-29 05:12:35.120' AS DateTime), N'14CTT2')
INSERT [dbo].[SINHVIEN] ([MASV], [HOTEN], [NGAYSINH], [MALOP]) VALUES (181, NULL, CAST(N'1961-06-25 12:18:55.560' AS DateTime), N'13CTT2')
INSERT [dbo].[SINHVIEN] ([MASV], [HOTEN], [NGAYSINH], [MALOP]) VALUES (182, N'Lester Hester', CAST(N'1953-12-27 01:45:41.690' AS DateTime), N'14CTT3')
INSERT [dbo].[SINHVIEN] ([MASV], [HOTEN], [NGAYSINH], [MALOP]) VALUES (183, N'Tonya Wood', CAST(N'1986-04-26 16:14:35.300' AS DateTime), N'15CTT3')
INSERT [dbo].[SINHVIEN] ([MASV], [HOTEN], [NGAYSINH], [MALOP]) VALUES (184, N'Sherman Stanley', CAST(N'1990-08-31 14:02:22.610' AS DateTime), N'15CTT1')
INSERT [dbo].[SINHVIEN] ([MASV], [HOTEN], [NGAYSINH], [MALOP]) VALUES (185, N'Mario Bartlett', CAST(N'1978-04-13 01:04:20.150' AS DateTime), N'13CTT2')
INSERT [dbo].[SINHVIEN] ([MASV], [HOTEN], [NGAYSINH], [MALOP]) VALUES (186, N'Roman Moran', CAST(N'1972-06-12 06:26:05.560' AS DateTime), N'14CTT3')
INSERT [dbo].[SINHVIEN] ([MASV], [HOTEN], [NGAYSINH], [MALOP]) VALUES (187, N'Shana Parrish', CAST(N'1975-08-31 18:06:30.860' AS DateTime), N'14CTT3')
INSERT [dbo].[SINHVIEN] ([MASV], [HOTEN], [NGAYSINH], [MALOP]) VALUES (188, N'Carey Skinner', CAST(N'1993-04-05 11:23:32.750' AS DateTime), N'15CTT2')
INSERT [dbo].[SINHVIEN] ([MASV], [HOTEN], [NGAYSINH], [MALOP]) VALUES (189, N'Rickey Gregory', CAST(N'1964-07-10 13:15:50.200' AS DateTime), N'14CTT1')
INSERT [dbo].[SINHVIEN] ([MASV], [HOTEN], [NGAYSINH], [MALOP]) VALUES (190, N'Charity Duarte', CAST(N'1970-08-17 00:38:16.270' AS DateTime), N'14CTT3')
INSERT [dbo].[SINHVIEN] ([MASV], [HOTEN], [NGAYSINH], [MALOP]) VALUES (191, N'Nora Watts', CAST(N'1980-05-27 05:19:34.100' AS DateTime), N'14CTT2')
INSERT [dbo].[SINHVIEN] ([MASV], [HOTEN], [NGAYSINH], [MALOP]) VALUES (192, N'Norma Floyd', CAST(N'1996-07-03 22:35:30.980' AS DateTime), N'13CTT2')
INSERT [dbo].[SINHVIEN] ([MASV], [HOTEN], [NGAYSINH], [MALOP]) VALUES (193, N'Corey Bonilla', CAST(N'1982-11-02 05:27:29.720' AS DateTime), N'13CTT1')
INSERT [dbo].[SINHVIEN] ([MASV], [HOTEN], [NGAYSINH], [MALOP]) VALUES (194, N'Julio Tyler', CAST(N'1978-11-19 00:09:18.740' AS DateTime), N'15CTT3')
INSERT [dbo].[SINHVIEN] ([MASV], [HOTEN], [NGAYSINH], [MALOP]) VALUES (195, N'Rhonda Schultz', CAST(N'1984-05-27 12:54:51.230' AS DateTime), N'13CTT3')
INSERT [dbo].[SINHVIEN] ([MASV], [HOTEN], [NGAYSINH], [MALOP]) VALUES (196, N'Duane Morse', CAST(N'1964-11-28 00:33:00.700' AS DateTime), N'14CTT2')
INSERT [dbo].[SINHVIEN] ([MASV], [HOTEN], [NGAYSINH], [MALOP]) VALUES (197, N'Tera Higgins', CAST(N'1977-01-02 17:18:28.510' AS DateTime), N'15CTT2')
INSERT [dbo].[SINHVIEN] ([MASV], [HOTEN], [NGAYSINH], [MALOP]) VALUES (198, N'Brent Flowers', CAST(N'1993-06-29 17:58:39.520' AS DateTime), N'13CTT2')
INSERT [dbo].[SINHVIEN] ([MASV], [HOTEN], [NGAYSINH], [MALOP]) VALUES (199, N'Bennie Carrillo', CAST(N'1956-09-11 11:46:15.870' AS DateTime), N'15CTT1')
GO
INSERT [dbo].[SINHVIEN] ([MASV], [HOTEN], [NGAYSINH], [MALOP]) VALUES (200, N'Marlon Small', CAST(N'1955-09-19 13:12:55.340' AS DateTime), N'15CTT1')
INSERT [dbo].[SINHVIEN] ([MASV], [HOTEN], [NGAYSINH], [MALOP]) VALUES (201, N'Javier Sherman', CAST(N'1993-05-28 11:41:44.770' AS DateTime), N'13CTT2')
INSERT [dbo].[SINHVIEN] ([MASV], [HOTEN], [NGAYSINH], [MALOP]) VALUES (202, N'Leon Williamson', CAST(N'1993-08-19 18:37:35.510' AS DateTime), N'13CTT2')
INSERT [dbo].[SINHVIEN] ([MASV], [HOTEN], [NGAYSINH], [MALOP]) VALUES (203, N'Sandra Watts', CAST(N'1967-11-30 05:32:05.940' AS DateTime), N'15CTT1')
INSERT [dbo].[SINHVIEN] ([MASV], [HOTEN], [NGAYSINH], [MALOP]) VALUES (204, N'Ralph Cunningham', CAST(N'1972-09-25 00:12:42.960' AS DateTime), N'13CTT3')
INSERT [dbo].[SINHVIEN] ([MASV], [HOTEN], [NGAYSINH], [MALOP]) VALUES (205, N'Levi Osborne', CAST(N'1977-06-25 20:16:37.910' AS DateTime), N'13CTT1')
INSERT [dbo].[SINHVIEN] ([MASV], [HOTEN], [NGAYSINH], [MALOP]) VALUES (206, N'Kisha Hickman', CAST(N'1973-02-11 21:06:52.840' AS DateTime), N'14CTT2')
INSERT [dbo].[SINHVIEN] ([MASV], [HOTEN], [NGAYSINH], [MALOP]) VALUES (207, N'Salvatore Barnett', CAST(N'1985-12-07 07:38:15.070' AS DateTime), N'14CTT3')
INSERT [dbo].[SINHVIEN] ([MASV], [HOTEN], [NGAYSINH], [MALOP]) VALUES (208, N'Austin Blackwell', CAST(N'1979-11-21 13:46:22.840' AS DateTime), N'15CTT2')
INSERT [dbo].[SINHVIEN] ([MASV], [HOTEN], [NGAYSINH], [MALOP]) VALUES (209, N'Dustin Terrell', CAST(N'1999-11-25 07:11:50.980' AS DateTime), N'13CTT1')
INSERT [dbo].[SINHVIEN] ([MASV], [HOTEN], [NGAYSINH], [MALOP]) VALUES (210, N'Chandra Kirk', CAST(N'1978-11-16 19:18:17.780' AS DateTime), N'14CTT2')
INSERT [dbo].[SINHVIEN] ([MASV], [HOTEN], [NGAYSINH], [MALOP]) VALUES (211, N'Clifton Oliver', CAST(N'1977-12-31 22:36:03.100' AS DateTime), N'14CTT1')
INSERT [dbo].[SINHVIEN] ([MASV], [HOTEN], [NGAYSINH], [MALOP]) VALUES (212, N'Wendy Morgan', CAST(N'1988-07-26 05:19:35.200' AS DateTime), N'14CTT2')
INSERT [dbo].[SINHVIEN] ([MASV], [HOTEN], [NGAYSINH], [MALOP]) VALUES (213, N'Jeremy Nash', CAST(N'1962-01-18 01:53:29.790' AS DateTime), N'14CTT3')
INSERT [dbo].[SINHVIEN] ([MASV], [HOTEN], [NGAYSINH], [MALOP]) VALUES (214, N'Karl Gonzalez', CAST(N'1992-01-18 15:36:19.180' AS DateTime), N'15CTT2')
INSERT [dbo].[SINHVIEN] ([MASV], [HOTEN], [NGAYSINH], [MALOP]) VALUES (215, N'Dale Cortez', CAST(N'1968-12-16 12:20:57.920' AS DateTime), N'15CTT1')
INSERT [dbo].[SINHVIEN] ([MASV], [HOTEN], [NGAYSINH], [MALOP]) VALUES (216, N'Reginald Perkins', CAST(N'1980-10-30 07:05:52.190' AS DateTime), N'14CTT2')
INSERT [dbo].[SINHVIEN] ([MASV], [HOTEN], [NGAYSINH], [MALOP]) VALUES (217, N'Aimee Brady', CAST(N'1953-12-04 03:20:51.310' AS DateTime), N'15CTT2')
INSERT [dbo].[SINHVIEN] ([MASV], [HOTEN], [NGAYSINH], [MALOP]) VALUES (218, N'Pedro Sanchez', CAST(N'1977-06-19 04:57:07.670' AS DateTime), N'15CTT3')
INSERT [dbo].[SINHVIEN] ([MASV], [HOTEN], [NGAYSINH], [MALOP]) VALUES (219, N'Belinda George', CAST(N'1994-10-19 05:13:13.330' AS DateTime), N'15CTT2')
INSERT [dbo].[SINHVIEN] ([MASV], [HOTEN], [NGAYSINH], [MALOP]) VALUES (220, N'Leroy Roberts', CAST(N'1957-10-17 19:09:29.940' AS DateTime), N'15CTT1')
INSERT [dbo].[SINHVIEN] ([MASV], [HOTEN], [NGAYSINH], [MALOP]) VALUES (221, N'Randall Mc Cormick', CAST(N'1965-08-30 22:55:18.910' AS DateTime), N'15CTT3')
INSERT [dbo].[SINHVIEN] ([MASV], [HOTEN], [NGAYSINH], [MALOP]) VALUES (222, N'Cheri Floyd', CAST(N'2000-08-13 22:14:44.210' AS DateTime), N'15CTT3')
INSERT [dbo].[SINHVIEN] ([MASV], [HOTEN], [NGAYSINH], [MALOP]) VALUES (223, N'Kristen Dennis', CAST(N'1989-01-10 05:20:47.580' AS DateTime), N'14CTT2')
INSERT [dbo].[SINHVIEN] ([MASV], [HOTEN], [NGAYSINH], [MALOP]) VALUES (224, N'Sherrie Abbott', CAST(N'1976-04-22 00:22:16.290' AS DateTime), N'15CTT3')
INSERT [dbo].[SINHVIEN] ([MASV], [HOTEN], [NGAYSINH], [MALOP]) VALUES (225, N'Rex Tate', CAST(N'2007-02-23 19:25:51.920' AS DateTime), N'14CTT1')
INSERT [dbo].[SINHVIEN] ([MASV], [HOTEN], [NGAYSINH], [MALOP]) VALUES (226, N'Guadalupe Rangel', CAST(N'2004-05-19 20:14:23.670' AS DateTime), N'13CTT1')
INSERT [dbo].[SINHVIEN] ([MASV], [HOTEN], [NGAYSINH], [MALOP]) VALUES (227, N'Alfonso Anderson', CAST(N'1978-01-17 19:29:52.540' AS DateTime), N'13CTT3')
INSERT [dbo].[SINHVIEN] ([MASV], [HOTEN], [NGAYSINH], [MALOP]) VALUES (228, N'Lawrence Page', CAST(N'1967-02-27 02:35:02.020' AS DateTime), N'15CTT2')
INSERT [dbo].[SINHVIEN] ([MASV], [HOTEN], [NGAYSINH], [MALOP]) VALUES (229, N'Cheri Kirk', CAST(N'1964-03-11 10:07:34.870' AS DateTime), N'15CTT1')
INSERT [dbo].[SINHVIEN] ([MASV], [HOTEN], [NGAYSINH], [MALOP]) VALUES (230, N'Belinda Pittman', CAST(N'2004-07-06 08:47:07.050' AS DateTime), N'15CTT3')
INSERT [dbo].[SINHVIEN] ([MASV], [HOTEN], [NGAYSINH], [MALOP]) VALUES (231, N'Clint Avery', CAST(N'1988-09-05 21:08:47.870' AS DateTime), N'13CTT1')
INSERT [dbo].[SINHVIEN] ([MASV], [HOTEN], [NGAYSINH], [MALOP]) VALUES (232, N'Belinda Flores', CAST(N'1987-01-25 12:29:36.570' AS DateTime), N'15CTT1')
INSERT [dbo].[SINHVIEN] ([MASV], [HOTEN], [NGAYSINH], [MALOP]) VALUES (233, N'Lena Lawrence', CAST(N'1961-05-23 18:21:47.650' AS DateTime), N'15CTT2')
INSERT [dbo].[SINHVIEN] ([MASV], [HOTEN], [NGAYSINH], [MALOP]) VALUES (234, N'Alonzo Levy', NULL, N'14CTT2')
INSERT [dbo].[SINHVIEN] ([MASV], [HOTEN], [NGAYSINH], [MALOP]) VALUES (235, N'Travis Stark', CAST(N'1971-03-12 21:13:44.680' AS DateTime), N'14CTT2')
INSERT [dbo].[SINHVIEN] ([MASV], [HOTEN], [NGAYSINH], [MALOP]) VALUES (236, N'Erika Hinton', CAST(N'1994-12-01 17:30:50.360' AS DateTime), N'14CTT1')
INSERT [dbo].[SINHVIEN] ([MASV], [HOTEN], [NGAYSINH], [MALOP]) VALUES (237, N'Floyd Trujillo', CAST(N'1975-11-05 17:41:20.060' AS DateTime), N'14CTT1')
INSERT [dbo].[SINHVIEN] ([MASV], [HOTEN], [NGAYSINH], [MALOP]) VALUES (238, N'Amanda Good', CAST(N'1994-01-26 20:13:35.750' AS DateTime), N'15CTT2')
INSERT [dbo].[SINHVIEN] ([MASV], [HOTEN], [NGAYSINH], [MALOP]) VALUES (239, N'Alma Costa', CAST(N'1966-08-02 16:01:52.330' AS DateTime), N'15CTT1')
INSERT [dbo].[SINHVIEN] ([MASV], [HOTEN], [NGAYSINH], [MALOP]) VALUES (240, N'Kathryn Stephens', CAST(N'1966-03-08 17:45:44.700' AS DateTime), N'14CTT2')
INSERT [dbo].[SINHVIEN] ([MASV], [HOTEN], [NGAYSINH], [MALOP]) VALUES (241, N'Donnell Hanna', CAST(N'1958-03-02 03:57:27.310' AS DateTime), N'13CTT1')
INSERT [dbo].[SINHVIEN] ([MASV], [HOTEN], [NGAYSINH], [MALOP]) VALUES (242, N'Lakisha Gray', NULL, N'15CTT3')
INSERT [dbo].[SINHVIEN] ([MASV], [HOTEN], [NGAYSINH], [MALOP]) VALUES (243, N'Trina Wells', CAST(N'1994-07-05 22:47:50.490' AS DateTime), N'14CTT3')
INSERT [dbo].[SINHVIEN] ([MASV], [HOTEN], [NGAYSINH], [MALOP]) VALUES (244, N'Tonia Lam', CAST(N'2003-10-10 04:20:08.020' AS DateTime), N'13CTT3')
INSERT [dbo].[SINHVIEN] ([MASV], [HOTEN], [NGAYSINH], [MALOP]) VALUES (245, N'Audra Baker', CAST(N'2001-05-11 04:11:41.770' AS DateTime), N'14CTT3')
INSERT [dbo].[SINHVIEN] ([MASV], [HOTEN], [NGAYSINH], [MALOP]) VALUES (246, N'Desiree Perry', CAST(N'1993-08-23 17:57:32.430' AS DateTime), N'15CTT1')
INSERT [dbo].[SINHVIEN] ([MASV], [HOTEN], [NGAYSINH], [MALOP]) VALUES (247, N'Chandra Stein', CAST(N'2000-08-15 02:02:13.170' AS DateTime), N'14CTT3')
INSERT [dbo].[SINHVIEN] ([MASV], [HOTEN], [NGAYSINH], [MALOP]) VALUES (248, N'Joshua Andrews', CAST(N'1999-10-31 23:59:58.900' AS DateTime), N'13CTT2')
INSERT [dbo].[SINHVIEN] ([MASV], [HOTEN], [NGAYSINH], [MALOP]) VALUES (249, N'Vicky Cooke', CAST(N'1987-06-17 20:42:01.190' AS DateTime), N'15CTT2')
INSERT [dbo].[SINHVIEN] ([MASV], [HOTEN], [NGAYSINH], [MALOP]) VALUES (250, N'Louis Hodge', CAST(N'1998-10-14 13:51:10.550' AS DateTime), N'13CTT3')
INSERT [dbo].[SINHVIEN] ([MASV], [HOTEN], [NGAYSINH], [MALOP]) VALUES (251, N'Douglas Roberson', CAST(N'1962-12-04 11:48:20.820' AS DateTime), N'14CTT3')
INSERT [dbo].[SINHVIEN] ([MASV], [HOTEN], [NGAYSINH], [MALOP]) VALUES (252, N'Belinda Arroyo', CAST(N'1956-07-29 05:48:59.030' AS DateTime), N'15CTT3')
INSERT [dbo].[SINHVIEN] ([MASV], [HOTEN], [NGAYSINH], [MALOP]) VALUES (253, N'Hilary Goodman', CAST(N'1963-12-26 21:12:09.390' AS DateTime), N'14CTT2')
INSERT [dbo].[SINHVIEN] ([MASV], [HOTEN], [NGAYSINH], [MALOP]) VALUES (254, N'Rachelle Moss', CAST(N'2007-07-16 12:21:20.850' AS DateTime), N'13CTT3')
INSERT [dbo].[SINHVIEN] ([MASV], [HOTEN], [NGAYSINH], [MALOP]) VALUES (255, N'Jana Fletcher', CAST(N'2006-09-10 12:45:26.200' AS DateTime), N'13CTT2')
INSERT [dbo].[SINHVIEN] ([MASV], [HOTEN], [NGAYSINH], [MALOP]) VALUES (256, N'Otis Hicks', CAST(N'2006-11-24 16:36:45.940' AS DateTime), N'15CTT1')
INSERT [dbo].[SINHVIEN] ([MASV], [HOTEN], [NGAYSINH], [MALOP]) VALUES (257, N'Juan Pham', CAST(N'1998-01-18 14:17:36.440' AS DateTime), N'14CTT3')
INSERT [dbo].[SINHVIEN] ([MASV], [HOTEN], [NGAYSINH], [MALOP]) VALUES (258, N'Kisha Fritz', CAST(N'2000-10-13 13:27:00.560' AS DateTime), N'14CTT3')
INSERT [dbo].[SINHVIEN] ([MASV], [HOTEN], [NGAYSINH], [MALOP]) VALUES (259, N'Saul Castaneda', CAST(N'1957-08-10 13:16:47.930' AS DateTime), N'15CTT3')
INSERT [dbo].[SINHVIEN] ([MASV], [HOTEN], [NGAYSINH], [MALOP]) VALUES (260, N'Jeremiah Wise', CAST(N'1999-08-09 05:09:49.660' AS DateTime), N'15CTT1')
INSERT [dbo].[SINHVIEN] ([MASV], [HOTEN], [NGAYSINH], [MALOP]) VALUES (261, N'Kristy Dawson', CAST(N'1973-08-01 04:46:51.040' AS DateTime), N'15CTT1')
INSERT [dbo].[SINHVIEN] ([MASV], [HOTEN], [NGAYSINH], [MALOP]) VALUES (262, N'Steven Choi', CAST(N'1981-02-05 00:02:14.240' AS DateTime), N'14CTT3')
INSERT [dbo].[SINHVIEN] ([MASV], [HOTEN], [NGAYSINH], [MALOP]) VALUES (263, N'Regina Schmitt', CAST(N'2003-01-25 01:37:00.300' AS DateTime), N'14CTT3')
INSERT [dbo].[SINHVIEN] ([MASV], [HOTEN], [NGAYSINH], [MALOP]) VALUES (264, N'Beverly Krause', CAST(N'1971-10-12 05:03:13.050' AS DateTime), N'15CTT3')
INSERT [dbo].[SINHVIEN] ([MASV], [HOTEN], [NGAYSINH], [MALOP]) VALUES (265, N'Ross Holt', CAST(N'1968-09-12 03:38:47.970' AS DateTime), N'13CTT1')
INSERT [dbo].[SINHVIEN] ([MASV], [HOTEN], [NGAYSINH], [MALOP]) VALUES (266, N'Krista Hoffman', CAST(N'2003-05-20 22:24:43.930' AS DateTime), N'15CTT3')
INSERT [dbo].[SINHVIEN] ([MASV], [HOTEN], [NGAYSINH], [MALOP]) VALUES (267, N'Damian Roy', CAST(N'1998-03-11 22:09:29.910' AS DateTime), N'13CTT2')
INSERT [dbo].[SINHVIEN] ([MASV], [HOTEN], [NGAYSINH], [MALOP]) VALUES (268, N'Cesar Larsen', CAST(N'1998-12-06 10:06:26.540' AS DateTime), N'15CTT2')
INSERT [dbo].[SINHVIEN] ([MASV], [HOTEN], [NGAYSINH], [MALOP]) VALUES (269, N'Bridget Gates', CAST(N'1980-03-05 10:57:47.550' AS DateTime), N'14CTT1')
INSERT [dbo].[SINHVIEN] ([MASV], [HOTEN], [NGAYSINH], [MALOP]) VALUES (270, N'Bret Bradford', CAST(N'1998-11-07 04:39:45.110' AS DateTime), N'13CTT3')
INSERT [dbo].[SINHVIEN] ([MASV], [HOTEN], [NGAYSINH], [MALOP]) VALUES (271, N'Jami Good', CAST(N'2005-02-15 22:05:28.820' AS DateTime), N'14CTT3')
INSERT [dbo].[SINHVIEN] ([MASV], [HOTEN], [NGAYSINH], [MALOP]) VALUES (272, N'Kathryn Ho', CAST(N'2001-02-09 18:39:37.870' AS DateTime), N'15CTT1')
INSERT [dbo].[SINHVIEN] ([MASV], [HOTEN], [NGAYSINH], [MALOP]) VALUES (273, N'Judy Blackburn', CAST(N'1994-10-03 10:52:16.440' AS DateTime), N'15CTT1')
INSERT [dbo].[SINHVIEN] ([MASV], [HOTEN], [NGAYSINH], [MALOP]) VALUES (274, N'Yvonne Torres', CAST(N'1995-05-03 11:18:58.980' AS DateTime), N'13CTT2')
INSERT [dbo].[SINHVIEN] ([MASV], [HOTEN], [NGAYSINH], [MALOP]) VALUES (275, N'Eduardo Greene', CAST(N'1964-04-13 11:11:22.960' AS DateTime), N'14CTT2')
INSERT [dbo].[SINHVIEN] ([MASV], [HOTEN], [NGAYSINH], [MALOP]) VALUES (276, N'Ernesto Hansen', CAST(N'1989-08-20 01:15:46.010' AS DateTime), N'13CTT1')
INSERT [dbo].[SINHVIEN] ([MASV], [HOTEN], [NGAYSINH], [MALOP]) VALUES (277, N'Rebekah Mejia', CAST(N'1971-04-13 20:21:39.450' AS DateTime), N'15CTT3')
INSERT [dbo].[SINHVIEN] ([MASV], [HOTEN], [NGAYSINH], [MALOP]) VALUES (278, N'Dana Branch', CAST(N'1969-11-20 18:35:10.890' AS DateTime), N'15CTT3')
INSERT [dbo].[SINHVIEN] ([MASV], [HOTEN], [NGAYSINH], [MALOP]) VALUES (279, N'Christie Mc Millan', CAST(N'2007-04-04 18:03:02.440' AS DateTime), N'13CTT2')
INSERT [dbo].[SINHVIEN] ([MASV], [HOTEN], [NGAYSINH], [MALOP]) VALUES (280, N'Adam Clayton', CAST(N'2003-05-19 11:23:15.150' AS DateTime), N'14CTT1')
INSERT [dbo].[SINHVIEN] ([MASV], [HOTEN], [NGAYSINH], [MALOP]) VALUES (281, N'Trina Rose', CAST(N'1983-09-06 22:20:03.120' AS DateTime), N'14CTT3')
INSERT [dbo].[SINHVIEN] ([MASV], [HOTEN], [NGAYSINH], [MALOP]) VALUES (282, N'Franklin Simpson', CAST(N'1960-04-25 19:25:53.020' AS DateTime), N'15CTT3')
INSERT [dbo].[SINHVIEN] ([MASV], [HOTEN], [NGAYSINH], [MALOP]) VALUES (283, N'Renee Fritz', CAST(N'1969-12-03 23:32:22.480' AS DateTime), N'13CTT2')
INSERT [dbo].[SINHVIEN] ([MASV], [HOTEN], [NGAYSINH], [MALOP]) VALUES (284, N'Sheri Odonnell', CAST(N'1987-04-05 05:38:41.990' AS DateTime), N'13CTT1')
INSERT [dbo].[SINHVIEN] ([MASV], [HOTEN], [NGAYSINH], [MALOP]) VALUES (285, N'Theodore Huber', CAST(N'1957-03-26 14:46:41.190' AS DateTime), N'15CTT2')
INSERT [dbo].[SINHVIEN] ([MASV], [HOTEN], [NGAYSINH], [MALOP]) VALUES (286, N'Dominic Cantu', CAST(N'1960-08-14 04:18:35.830' AS DateTime), N'13CTT3')
INSERT [dbo].[SINHVIEN] ([MASV], [HOTEN], [NGAYSINH], [MALOP]) VALUES (287, N'Gilbert Buchanan', CAST(N'1993-07-12 11:34:57.660' AS DateTime), N'15CTT1')
INSERT [dbo].[SINHVIEN] ([MASV], [HOTEN], [NGAYSINH], [MALOP]) VALUES (288, N'Scot Braun', CAST(N'1989-02-20 08:47:27.030' AS DateTime), N'14CTT1')
INSERT [dbo].[SINHVIEN] ([MASV], [HOTEN], [NGAYSINH], [MALOP]) VALUES (289, N'Kevin Cooley', CAST(N'1988-05-15 23:44:10.380' AS DateTime), N'13CTT1')
INSERT [dbo].[SINHVIEN] ([MASV], [HOTEN], [NGAYSINH], [MALOP]) VALUES (290, N'Erika Joyce', CAST(N'1962-06-29 01:45:01.710' AS DateTime), N'14CTT1')
INSERT [dbo].[SINHVIEN] ([MASV], [HOTEN], [NGAYSINH], [MALOP]) VALUES (291, N'Kerrie Moran', CAST(N'1981-02-21 06:56:08.250' AS DateTime), N'14CTT2')
INSERT [dbo].[SINHVIEN] ([MASV], [HOTEN], [NGAYSINH], [MALOP]) VALUES (292, N'Herman Cruz', CAST(N'2002-02-17 04:03:49.810' AS DateTime), N'15CTT2')
INSERT [dbo].[SINHVIEN] ([MASV], [HOTEN], [NGAYSINH], [MALOP]) VALUES (293, N'Patrick Holden', CAST(N'1971-03-29 04:24:32.120' AS DateTime), N'15CTT1')
INSERT [dbo].[SINHVIEN] ([MASV], [HOTEN], [NGAYSINH], [MALOP]) VALUES (294, N'Sophia Whitaker', CAST(N'2002-06-19 15:03:46.100' AS DateTime), N'13CTT1')
INSERT [dbo].[SINHVIEN] ([MASV], [HOTEN], [NGAYSINH], [MALOP]) VALUES (295, N'Chasity Rasmussen', CAST(N'2000-12-31 11:15:01.300' AS DateTime), N'13CTT1')
INSERT [dbo].[SINHVIEN] ([MASV], [HOTEN], [NGAYSINH], [MALOP]) VALUES (296, N'Randolph Yang', CAST(N'1993-01-30 17:43:30.460' AS DateTime), N'13CTT2')
INSERT [dbo].[SINHVIEN] ([MASV], [HOTEN], [NGAYSINH], [MALOP]) VALUES (297, N'Juanita Long', CAST(N'1963-02-05 02:20:27.010' AS DateTime), N'14CTT2')
INSERT [dbo].[SINHVIEN] ([MASV], [HOTEN], [NGAYSINH], [MALOP]) VALUES (298, N'Curtis Rubio', CAST(N'1975-09-25 17:44:37.440' AS DateTime), N'14CTT2')
INSERT [dbo].[SINHVIEN] ([MASV], [HOTEN], [NGAYSINH], [MALOP]) VALUES (299, N'Eileen Sanders', CAST(N'1988-01-29 00:41:20.050' AS DateTime), N'13CTT3')
GO
INSERT [dbo].[SINHVIEN] ([MASV], [HOTEN], [NGAYSINH], [MALOP]) VALUES (300, N'Susana Mcpherson', CAST(N'2005-12-21 05:46:57.840' AS DateTime), N'13CTT3')
INSERT [dbo].[SINHVIEN] ([MASV], [HOTEN], [NGAYSINH], [MALOP]) VALUES (301, N'Rodolfo Thompson', CAST(N'2003-06-13 19:48:02.520' AS DateTime), N'14CTT1')
INSERT [dbo].[SINHVIEN] ([MASV], [HOTEN], [NGAYSINH], [MALOP]) VALUES (302, N'Angelo Juarez', CAST(N'1954-09-10 15:55:46.630' AS DateTime), N'13CTT3')
INSERT [dbo].[SINHVIEN] ([MASV], [HOTEN], [NGAYSINH], [MALOP]) VALUES (303, N'Lana Moore', CAST(N'1972-08-28 13:02:11.350' AS DateTime), N'13CTT2')
INSERT [dbo].[SINHVIEN] ([MASV], [HOTEN], [NGAYSINH], [MALOP]) VALUES (304, N'Christi Buchanan', CAST(N'1996-08-09 16:02:16.080' AS DateTime), N'13CTT3')
INSERT [dbo].[SINHVIEN] ([MASV], [HOTEN], [NGAYSINH], [MALOP]) VALUES (305, N'Christa Gaines', CAST(N'2001-08-27 15:45:41.740' AS DateTime), N'15CTT2')
INSERT [dbo].[SINHVIEN] ([MASV], [HOTEN], [NGAYSINH], [MALOP]) VALUES (306, N'Kim Landry', CAST(N'1969-10-23 17:08:42.950' AS DateTime), N'15CTT3')
INSERT [dbo].[SINHVIEN] ([MASV], [HOTEN], [NGAYSINH], [MALOP]) VALUES (307, N'Craig Griffin', CAST(N'1969-10-25 18:56:42.600' AS DateTime), N'14CTT2')
INSERT [dbo].[SINHVIEN] ([MASV], [HOTEN], [NGAYSINH], [MALOP]) VALUES (308, N'Alex Parrish', CAST(N'1976-08-24 09:53:10.410' AS DateTime), N'14CTT1')
INSERT [dbo].[SINHVIEN] ([MASV], [HOTEN], [NGAYSINH], [MALOP]) VALUES (309, N'Kirsten Key', CAST(N'1996-04-04 01:09:57.880' AS DateTime), N'13CTT1')
INSERT [dbo].[SINHVIEN] ([MASV], [HOTEN], [NGAYSINH], [MALOP]) VALUES (310, N'Julian Santos', CAST(N'1970-01-22 11:29:40.180' AS DateTime), N'14CTT3')
INSERT [dbo].[SINHVIEN] ([MASV], [HOTEN], [NGAYSINH], [MALOP]) VALUES (311, N'Jocelyn Allison', CAST(N'1988-08-13 20:15:06.480' AS DateTime), N'14CTT2')
INSERT [dbo].[SINHVIEN] ([MASV], [HOTEN], [NGAYSINH], [MALOP]) VALUES (312, N'Jerrod Moon', CAST(N'1981-02-28 19:42:25.540' AS DateTime), N'14CTT3')
INSERT [dbo].[SINHVIEN] ([MASV], [HOTEN], [NGAYSINH], [MALOP]) VALUES (313, N'Ebony Espinoza', CAST(N'2001-07-10 19:23:58.120' AS DateTime), N'13CTT2')
INSERT [dbo].[SINHVIEN] ([MASV], [HOTEN], [NGAYSINH], [MALOP]) VALUES (314, N'Samuel Richmond', CAST(N'1962-03-24 01:53:32.780' AS DateTime), N'14CTT3')
INSERT [dbo].[SINHVIEN] ([MASV], [HOTEN], [NGAYSINH], [MALOP]) VALUES (315, N'Reginald Carey', CAST(N'1968-12-03 06:49:46.540' AS DateTime), N'13CTT1')
INSERT [dbo].[SINHVIEN] ([MASV], [HOTEN], [NGAYSINH], [MALOP]) VALUES (316, N'Johanna Scott', CAST(N'1966-04-08 09:20:58.010' AS DateTime), N'13CTT2')
INSERT [dbo].[SINHVIEN] ([MASV], [HOTEN], [NGAYSINH], [MALOP]) VALUES (317, N'Bernard Cruz', CAST(N'1964-03-05 00:29:51.760' AS DateTime), N'15CTT2')
INSERT [dbo].[SINHVIEN] ([MASV], [HOTEN], [NGAYSINH], [MALOP]) VALUES (318, NULL, CAST(N'1968-10-22 19:58:18.300' AS DateTime), N'15CTT1')
INSERT [dbo].[SINHVIEN] ([MASV], [HOTEN], [NGAYSINH], [MALOP]) VALUES (319, N'Kathleen Alvarez', CAST(N'1967-07-19 14:16:31.850' AS DateTime), N'15CTT1')
INSERT [dbo].[SINHVIEN] ([MASV], [HOTEN], [NGAYSINH], [MALOP]) VALUES (320, N'Darcy Silva', CAST(N'1961-01-29 23:20:12.130' AS DateTime), N'14CTT2')
INSERT [dbo].[SINHVIEN] ([MASV], [HOTEN], [NGAYSINH], [MALOP]) VALUES (321, N'Anne Roman', CAST(N'1962-11-09 10:49:46.270' AS DateTime), N'15CTT1')
INSERT [dbo].[SINHVIEN] ([MASV], [HOTEN], [NGAYSINH], [MALOP]) VALUES (322, N'Angelica Hickman', CAST(N'1962-01-20 13:22:02.880' AS DateTime), N'13CTT1')
INSERT [dbo].[SINHVIEN] ([MASV], [HOTEN], [NGAYSINH], [MALOP]) VALUES (323, N'Patrick Ferguson', CAST(N'1963-07-24 10:22:16.160' AS DateTime), N'15CTT2')
INSERT [dbo].[SINHVIEN] ([MASV], [HOTEN], [NGAYSINH], [MALOP]) VALUES (324, N'Rick Pollard', CAST(N'1970-09-08 09:12:45.830' AS DateTime), N'15CTT3')
INSERT [dbo].[SINHVIEN] ([MASV], [HOTEN], [NGAYSINH], [MALOP]) VALUES (325, N'Isabel Gallagher', CAST(N'1970-09-16 21:43:36.860' AS DateTime), N'15CTT3')
INSERT [dbo].[SINHVIEN] ([MASV], [HOTEN], [NGAYSINH], [MALOP]) VALUES (326, NULL, CAST(N'1955-12-31 18:01:39.000' AS DateTime), N'14CTT3')
INSERT [dbo].[SINHVIEN] ([MASV], [HOTEN], [NGAYSINH], [MALOP]) VALUES (327, N'Mitchell Archer', CAST(N'1982-11-15 14:15:05.740' AS DateTime), N'14CTT3')
INSERT [dbo].[SINHVIEN] ([MASV], [HOTEN], [NGAYSINH], [MALOP]) VALUES (328, N'Robbie Benton', CAST(N'2000-04-14 19:48:30.350' AS DateTime), N'14CTT2')
INSERT [dbo].[SINHVIEN] ([MASV], [HOTEN], [NGAYSINH], [MALOP]) VALUES (329, N'Andrew Wong', CAST(N'2002-05-02 00:03:57.680' AS DateTime), N'15CTT3')
INSERT [dbo].[SINHVIEN] ([MASV], [HOTEN], [NGAYSINH], [MALOP]) VALUES (330, N'Jake Myers', CAST(N'1979-03-13 17:27:52.510' AS DateTime), N'15CTT3')
INSERT [dbo].[SINHVIEN] ([MASV], [HOTEN], [NGAYSINH], [MALOP]) VALUES (331, N'Shirley Keith', CAST(N'1979-07-16 22:55:18.990' AS DateTime), N'14CTT1')
INSERT [dbo].[SINHVIEN] ([MASV], [HOTEN], [NGAYSINH], [MALOP]) VALUES (332, N'Brandy Graham', CAST(N'2003-07-19 02:37:02.010' AS DateTime), N'14CTT1')
INSERT [dbo].[SINHVIEN] ([MASV], [HOTEN], [NGAYSINH], [MALOP]) VALUES (333, N'Jared Warner', CAST(N'1989-10-22 17:53:50.850' AS DateTime), N'13CTT3')
INSERT [dbo].[SINHVIEN] ([MASV], [HOTEN], [NGAYSINH], [MALOP]) VALUES (334, N'Curtis Hogan', CAST(N'1954-04-15 12:16:04.590' AS DateTime), N'13CTT2')
INSERT [dbo].[SINHVIEN] ([MASV], [HOTEN], [NGAYSINH], [MALOP]) VALUES (335, N'Terry Hurley', CAST(N'2007-12-05 15:35:12.640' AS DateTime), N'14CTT2')
INSERT [dbo].[SINHVIEN] ([MASV], [HOTEN], [NGAYSINH], [MALOP]) VALUES (336, N'Clifton Kent', CAST(N'1981-12-28 06:24:16.480' AS DateTime), N'13CTT1')
INSERT [dbo].[SINHVIEN] ([MASV], [HOTEN], [NGAYSINH], [MALOP]) VALUES (337, N'Kim Walsh', CAST(N'1995-08-28 06:23:41.680' AS DateTime), N'15CTT1')
INSERT [dbo].[SINHVIEN] ([MASV], [HOTEN], [NGAYSINH], [MALOP]) VALUES (338, N'Melanie Rhodes', CAST(N'1981-04-25 07:30:06.400' AS DateTime), N'14CTT2')
INSERT [dbo].[SINHVIEN] ([MASV], [HOTEN], [NGAYSINH], [MALOP]) VALUES (339, N'Toby West', CAST(N'1993-08-07 13:53:00.260' AS DateTime), N'13CTT1')
INSERT [dbo].[SINHVIEN] ([MASV], [HOTEN], [NGAYSINH], [MALOP]) VALUES (340, N'Ashley Irwin', CAST(N'1995-06-02 21:37:58.250' AS DateTime), N'13CTT1')
INSERT [dbo].[SINHVIEN] ([MASV], [HOTEN], [NGAYSINH], [MALOP]) VALUES (341, N'Lakeisha Salas', CAST(N'1998-10-19 09:21:53.240' AS DateTime), N'15CTT2')
INSERT [dbo].[SINHVIEN] ([MASV], [HOTEN], [NGAYSINH], [MALOP]) VALUES (342, N'Lara Holmes', CAST(N'1969-11-19 01:41:47.240' AS DateTime), N'14CTT1')
INSERT [dbo].[SINHVIEN] ([MASV], [HOTEN], [NGAYSINH], [MALOP]) VALUES (343, N'Cornelius Bentley', CAST(N'2000-11-17 07:37:29.160' AS DateTime), N'13CTT3')
INSERT [dbo].[SINHVIEN] ([MASV], [HOTEN], [NGAYSINH], [MALOP]) VALUES (344, N'Joshua Davila', CAST(N'1971-04-25 12:14:30.190' AS DateTime), N'13CTT1')
INSERT [dbo].[SINHVIEN] ([MASV], [HOTEN], [NGAYSINH], [MALOP]) VALUES (345, N'Melinda Brewer', CAST(N'1981-11-14 05:29:55.240' AS DateTime), N'15CTT1')
INSERT [dbo].[SINHVIEN] ([MASV], [HOTEN], [NGAYSINH], [MALOP]) VALUES (346, N'Christine Jimenez', CAST(N'2007-12-23 11:13:42.720' AS DateTime), N'13CTT1')
INSERT [dbo].[SINHVIEN] ([MASV], [HOTEN], [NGAYSINH], [MALOP]) VALUES (347, N'Jenna Pierce', CAST(N'1953-08-10 08:39:51.680' AS DateTime), N'15CTT2')
INSERT [dbo].[SINHVIEN] ([MASV], [HOTEN], [NGAYSINH], [MALOP]) VALUES (348, N'Clay Barrett', CAST(N'1962-01-06 02:30:59.340' AS DateTime), N'14CTT1')
INSERT [dbo].[SINHVIEN] ([MASV], [HOTEN], [NGAYSINH], [MALOP]) VALUES (349, N'Glen Shaffer', CAST(N'1986-07-18 08:13:59.560' AS DateTime), N'14CTT1')
INSERT [dbo].[SINHVIEN] ([MASV], [HOTEN], [NGAYSINH], [MALOP]) VALUES (350, N'Kristi Ball', CAST(N'1987-09-26 01:54:03.280' AS DateTime), N'14CTT1')
INSERT [dbo].[SINHVIEN] ([MASV], [HOTEN], [NGAYSINH], [MALOP]) VALUES (351, N'Victoria King', CAST(N'1981-11-28 17:13:38.690' AS DateTime), N'15CTT3')
INSERT [dbo].[SINHVIEN] ([MASV], [HOTEN], [NGAYSINH], [MALOP]) VALUES (352, N'Sammy Mendez', CAST(N'2002-04-14 06:22:08.710' AS DateTime), N'15CTT1')
INSERT [dbo].[SINHVIEN] ([MASV], [HOTEN], [NGAYSINH], [MALOP]) VALUES (353, N'Elisabeth Ashley', CAST(N'1961-03-10 03:28:05.580' AS DateTime), N'15CTT2')
INSERT [dbo].[SINHVIEN] ([MASV], [HOTEN], [NGAYSINH], [MALOP]) VALUES (354, N'Curtis Sherman', CAST(N'1979-12-31 01:21:07.910' AS DateTime), N'13CTT3')
INSERT [dbo].[SINHVIEN] ([MASV], [HOTEN], [NGAYSINH], [MALOP]) VALUES (355, N'Ian Walker', CAST(N'1996-02-12 18:57:11.570' AS DateTime), N'14CTT2')
INSERT [dbo].[SINHVIEN] ([MASV], [HOTEN], [NGAYSINH], [MALOP]) VALUES (356, N'Brooke Mann', CAST(N'1994-05-25 06:25:59.640' AS DateTime), N'13CTT2')
INSERT [dbo].[SINHVIEN] ([MASV], [HOTEN], [NGAYSINH], [MALOP]) VALUES (357, N'Anita Day', CAST(N'1999-02-17 05:33:30.480' AS DateTime), N'13CTT2')
INSERT [dbo].[SINHVIEN] ([MASV], [HOTEN], [NGAYSINH], [MALOP]) VALUES (358, N'Rochelle Whitaker', CAST(N'1954-12-22 03:49:25.510' AS DateTime), N'14CTT3')
INSERT [dbo].[SINHVIEN] ([MASV], [HOTEN], [NGAYSINH], [MALOP]) VALUES (359, N'Gilbert Moreno', CAST(N'1978-11-24 18:18:39.220' AS DateTime), N'14CTT2')
INSERT [dbo].[SINHVIEN] ([MASV], [HOTEN], [NGAYSINH], [MALOP]) VALUES (360, N'Jody Archer', CAST(N'1998-08-28 21:44:02.730' AS DateTime), N'15CTT2')
INSERT [dbo].[SINHVIEN] ([MASV], [HOTEN], [NGAYSINH], [MALOP]) VALUES (361, N'Colby Ware', CAST(N'1994-12-08 02:53:37.220' AS DateTime), N'13CTT2')
INSERT [dbo].[SINHVIEN] ([MASV], [HOTEN], [NGAYSINH], [MALOP]) VALUES (362, N'Elizabeth Wolfe', CAST(N'1977-07-11 23:08:12.260' AS DateTime), N'14CTT2')
INSERT [dbo].[SINHVIEN] ([MASV], [HOTEN], [NGAYSINH], [MALOP]) VALUES (363, N'Carmen Sims', CAST(N'1982-04-24 09:49:12.740' AS DateTime), N'14CTT1')
INSERT [dbo].[SINHVIEN] ([MASV], [HOTEN], [NGAYSINH], [MALOP]) VALUES (364, N'Clint Humphrey', CAST(N'1970-01-23 07:42:05.360' AS DateTime), N'14CTT2')
INSERT [dbo].[SINHVIEN] ([MASV], [HOTEN], [NGAYSINH], [MALOP]) VALUES (365, N'Sonny Fitzgerald', CAST(N'1998-07-08 12:34:21.200' AS DateTime), N'14CTT2')
INSERT [dbo].[SINHVIEN] ([MASV], [HOTEN], [NGAYSINH], [MALOP]) VALUES (366, N'Jamal Mccarty', CAST(N'1993-01-25 17:38:04.480' AS DateTime), N'14CTT2')
INSERT [dbo].[SINHVIEN] ([MASV], [HOTEN], [NGAYSINH], [MALOP]) VALUES (367, N'Simon Bradley', CAST(N'1999-05-09 01:48:34.690' AS DateTime), N'15CTT1')
INSERT [dbo].[SINHVIEN] ([MASV], [HOTEN], [NGAYSINH], [MALOP]) VALUES (368, N'Kristi Sanchez', CAST(N'2000-03-28 07:07:53.520' AS DateTime), N'13CTT2')
INSERT [dbo].[SINHVIEN] ([MASV], [HOTEN], [NGAYSINH], [MALOP]) VALUES (369, N'Sheryl Waters', CAST(N'1962-04-18 10:18:20.150' AS DateTime), N'14CTT3')
INSERT [dbo].[SINHVIEN] ([MASV], [HOTEN], [NGAYSINH], [MALOP]) VALUES (370, N'Rusty Spence', CAST(N'1994-12-06 00:25:30.060' AS DateTime), N'14CTT1')
INSERT [dbo].[SINHVIEN] ([MASV], [HOTEN], [NGAYSINH], [MALOP]) VALUES (371, N'Miguel Schaefer', CAST(N'1978-08-11 02:57:16.340' AS DateTime), N'15CTT2')
INSERT [dbo].[SINHVIEN] ([MASV], [HOTEN], [NGAYSINH], [MALOP]) VALUES (372, N'Josephine Stephens', CAST(N'1990-11-09 16:59:45.360' AS DateTime), N'13CTT2')
INSERT [dbo].[SINHVIEN] ([MASV], [HOTEN], [NGAYSINH], [MALOP]) VALUES (373, N'Brett Garza', CAST(N'1983-03-17 06:05:18.050' AS DateTime), N'14CTT1')
INSERT [dbo].[SINHVIEN] ([MASV], [HOTEN], [NGAYSINH], [MALOP]) VALUES (374, N'Kimberly Mathews', CAST(N'1980-02-15 16:38:33.610' AS DateTime), N'13CTT2')
INSERT [dbo].[SINHVIEN] ([MASV], [HOTEN], [NGAYSINH], [MALOP]) VALUES (375, N'Jimmie Sharp', CAST(N'1970-04-12 13:58:18.900' AS DateTime), N'14CTT3')
INSERT [dbo].[SINHVIEN] ([MASV], [HOTEN], [NGAYSINH], [MALOP]) VALUES (376, N'Douglas Winters', CAST(N'2000-12-20 09:07:59.040' AS DateTime), N'13CTT3')
INSERT [dbo].[SINHVIEN] ([MASV], [HOTEN], [NGAYSINH], [MALOP]) VALUES (377, N'Ginger Reilly', CAST(N'1969-03-04 05:44:33.720' AS DateTime), N'13CTT3')
INSERT [dbo].[SINHVIEN] ([MASV], [HOTEN], [NGAYSINH], [MALOP]) VALUES (378, N'Raymond Cabrera', CAST(N'2000-03-29 22:07:45.980' AS DateTime), N'14CTT2')
INSERT [dbo].[SINHVIEN] ([MASV], [HOTEN], [NGAYSINH], [MALOP]) VALUES (379, N'Tim Vargas', CAST(N'1996-10-24 03:42:50.600' AS DateTime), N'13CTT2')
INSERT [dbo].[SINHVIEN] ([MASV], [HOTEN], [NGAYSINH], [MALOP]) VALUES (380, N'Melissa Banks', CAST(N'1970-09-24 10:29:54.140' AS DateTime), N'13CTT2')
INSERT [dbo].[SINHVIEN] ([MASV], [HOTEN], [NGAYSINH], [MALOP]) VALUES (381, N'Walter Hooper', CAST(N'1955-05-24 09:21:47.310' AS DateTime), N'15CTT1')
INSERT [dbo].[SINHVIEN] ([MASV], [HOTEN], [NGAYSINH], [MALOP]) VALUES (382, N'Alejandro Hanna', CAST(N'1973-11-10 11:44:06.400' AS DateTime), N'13CTT2')
INSERT [dbo].[SINHVIEN] ([MASV], [HOTEN], [NGAYSINH], [MALOP]) VALUES (383, N'Shannon Bruce', CAST(N'1966-09-29 11:34:30.780' AS DateTime), N'13CTT2')
INSERT [dbo].[SINHVIEN] ([MASV], [HOTEN], [NGAYSINH], [MALOP]) VALUES (384, N'Olga Morton', CAST(N'1967-08-07 22:09:54.400' AS DateTime), N'13CTT3')
INSERT [dbo].[SINHVIEN] ([MASV], [HOTEN], [NGAYSINH], [MALOP]) VALUES (385, N'Nathan Forbes', CAST(N'2005-04-14 00:14:13.830' AS DateTime), N'15CTT1')
INSERT [dbo].[SINHVIEN] ([MASV], [HOTEN], [NGAYSINH], [MALOP]) VALUES (386, N'Jana Lamb', CAST(N'1985-04-02 16:33:10.280' AS DateTime), N'13CTT3')
INSERT [dbo].[SINHVIEN] ([MASV], [HOTEN], [NGAYSINH], [MALOP]) VALUES (387, N'Dexter Manning', CAST(N'1995-05-11 23:08:56.430' AS DateTime), N'15CTT1')
INSERT [dbo].[SINHVIEN] ([MASV], [HOTEN], [NGAYSINH], [MALOP]) VALUES (388, N'Frances Chandler', CAST(N'1962-10-24 16:32:42.940' AS DateTime), N'13CTT3')
INSERT [dbo].[SINHVIEN] ([MASV], [HOTEN], [NGAYSINH], [MALOP]) VALUES (389, N'Pete Butler', CAST(N'1966-03-02 17:18:53.030' AS DateTime), N'13CTT3')
INSERT [dbo].[SINHVIEN] ([MASV], [HOTEN], [NGAYSINH], [MALOP]) VALUES (390, N'Liza Moore', CAST(N'1966-07-14 09:09:12.990' AS DateTime), N'14CTT2')
INSERT [dbo].[SINHVIEN] ([MASV], [HOTEN], [NGAYSINH], [MALOP]) VALUES (391, N'Jerrod Salazar', CAST(N'1990-11-10 00:50:46.010' AS DateTime), N'14CTT1')
INSERT [dbo].[SINHVIEN] ([MASV], [HOTEN], [NGAYSINH], [MALOP]) VALUES (392, N'Sherri Hays', CAST(N'1993-09-07 02:34:16.160' AS DateTime), N'13CTT1')
INSERT [dbo].[SINHVIEN] ([MASV], [HOTEN], [NGAYSINH], [MALOP]) VALUES (393, N'Gilberto Berger', CAST(N'1955-06-02 13:11:27.180' AS DateTime), N'14CTT2')
INSERT [dbo].[SINHVIEN] ([MASV], [HOTEN], [NGAYSINH], [MALOP]) VALUES (394, N'Shawna Phelps', CAST(N'2002-12-09 16:08:57.540' AS DateTime), N'15CTT1')
INSERT [dbo].[SINHVIEN] ([MASV], [HOTEN], [NGAYSINH], [MALOP]) VALUES (395, N'Charles Perkins', CAST(N'1953-06-26 18:44:21.020' AS DateTime), N'13CTT1')
INSERT [dbo].[SINHVIEN] ([MASV], [HOTEN], [NGAYSINH], [MALOP]) VALUES (396, N'Cherie Frye', CAST(N'1974-04-10 10:13:40.980' AS DateTime), N'15CTT3')
INSERT [dbo].[SINHVIEN] ([MASV], [HOTEN], [NGAYSINH], [MALOP]) VALUES (397, N'Benny Thornton', CAST(N'1995-07-27 15:52:34.510' AS DateTime), N'15CTT1')
INSERT [dbo].[SINHVIEN] ([MASV], [HOTEN], [NGAYSINH], [MALOP]) VALUES (398, N'John Douglas', CAST(N'1983-10-26 23:55:23.800' AS DateTime), N'13CTT3')
INSERT [dbo].[SINHVIEN] ([MASV], [HOTEN], [NGAYSINH], [MALOP]) VALUES (399, N'Evan Mccall', CAST(N'1980-10-16 23:40:08.990' AS DateTime), N'13CTT2')
GO
INSERT [dbo].[SINHVIEN] ([MASV], [HOTEN], [NGAYSINH], [MALOP]) VALUES (400, N'Terri George', CAST(N'1996-10-18 11:51:50.770' AS DateTime), N'15CTT2')
INSERT [dbo].[SINHVIEN] ([MASV], [HOTEN], [NGAYSINH], [MALOP]) VALUES (401, N'Jasmine Irwin', CAST(N'1961-08-17 09:25:08.030' AS DateTime), N'15CTT3')
INSERT [dbo].[SINHVIEN] ([MASV], [HOTEN], [NGAYSINH], [MALOP]) VALUES (402, N'Howard Gardner', CAST(N'1961-05-14 01:31:58.170' AS DateTime), N'13CTT2')
INSERT [dbo].[SINHVIEN] ([MASV], [HOTEN], [NGAYSINH], [MALOP]) VALUES (403, N'Toni Ayers', CAST(N'2007-09-19 16:12:39.190' AS DateTime), N'13CTT2')
INSERT [dbo].[SINHVIEN] ([MASV], [HOTEN], [NGAYSINH], [MALOP]) VALUES (404, N'Jimmie Schaefer', CAST(N'1999-08-12 07:48:29.510' AS DateTime), N'14CTT2')
INSERT [dbo].[SINHVIEN] ([MASV], [HOTEN], [NGAYSINH], [MALOP]) VALUES (405, N'Gerald Gould', CAST(N'1962-02-15 22:56:46.930' AS DateTime), N'15CTT3')
INSERT [dbo].[SINHVIEN] ([MASV], [HOTEN], [NGAYSINH], [MALOP]) VALUES (406, N'Megan Koch', CAST(N'1999-01-19 00:13:53.340' AS DateTime), N'13CTT3')
INSERT [dbo].[SINHVIEN] ([MASV], [HOTEN], [NGAYSINH], [MALOP]) VALUES (407, N'Guillermo Osborn', CAST(N'1972-01-30 00:16:50.660' AS DateTime), N'13CTT3')
INSERT [dbo].[SINHVIEN] ([MASV], [HOTEN], [NGAYSINH], [MALOP]) VALUES (408, N'Irma Knapp', CAST(N'1989-01-22 10:49:31.980' AS DateTime), N'15CTT2')
INSERT [dbo].[SINHVIEN] ([MASV], [HOTEN], [NGAYSINH], [MALOP]) VALUES (409, N'Suzanne Murray', CAST(N'1962-09-20 11:22:49.000' AS DateTime), N'14CTT2')
INSERT [dbo].[SINHVIEN] ([MASV], [HOTEN], [NGAYSINH], [MALOP]) VALUES (410, N'Jennifer Brandt', CAST(N'2003-02-22 09:49:12.540' AS DateTime), N'13CTT3')
INSERT [dbo].[SINHVIEN] ([MASV], [HOTEN], [NGAYSINH], [MALOP]) VALUES (411, N'Autumn Sharp', CAST(N'1978-03-24 00:41:25.920' AS DateTime), N'14CTT2')
INSERT [dbo].[SINHVIEN] ([MASV], [HOTEN], [NGAYSINH], [MALOP]) VALUES (412, N'Patrick Jennings', CAST(N'2006-11-19 07:25:44.500' AS DateTime), N'15CTT1')
INSERT [dbo].[SINHVIEN] ([MASV], [HOTEN], [NGAYSINH], [MALOP]) VALUES (413, N'Anita Villarreal', NULL, N'14CTT2')
INSERT [dbo].[SINHVIEN] ([MASV], [HOTEN], [NGAYSINH], [MALOP]) VALUES (414, N'Charlene Hoffman', CAST(N'1966-02-27 00:06:34.920' AS DateTime), N'15CTT2')
INSERT [dbo].[SINHVIEN] ([MASV], [HOTEN], [NGAYSINH], [MALOP]) VALUES (415, N'Brendan Schroeder', CAST(N'1961-03-03 07:48:45.070' AS DateTime), N'14CTT3')
INSERT [dbo].[SINHVIEN] ([MASV], [HOTEN], [NGAYSINH], [MALOP]) VALUES (416, N'Guillermo Schultz', CAST(N'1996-04-07 12:22:15.410' AS DateTime), N'14CTT3')
INSERT [dbo].[SINHVIEN] ([MASV], [HOTEN], [NGAYSINH], [MALOP]) VALUES (417, N'Rodney Contreras', CAST(N'1974-01-28 15:09:30.820' AS DateTime), N'14CTT3')
INSERT [dbo].[SINHVIEN] ([MASV], [HOTEN], [NGAYSINH], [MALOP]) VALUES (418, N'Vernon Church', CAST(N'1963-10-14 11:33:41.470' AS DateTime), N'14CTT1')
INSERT [dbo].[SINHVIEN] ([MASV], [HOTEN], [NGAYSINH], [MALOP]) VALUES (419, N'Dewayne Powers', CAST(N'1967-09-18 11:39:18.340' AS DateTime), N'14CTT1')
INSERT [dbo].[SINHVIEN] ([MASV], [HOTEN], [NGAYSINH], [MALOP]) VALUES (420, N'Diana Mccoy', CAST(N'1972-10-10 07:27:51.540' AS DateTime), NULL)
INSERT [dbo].[SINHVIEN] ([MASV], [HOTEN], [NGAYSINH], [MALOP]) VALUES (421, N'Juanita Petty', CAST(N'1966-04-07 20:01:10.910' AS DateTime), N'15CTT2')
INSERT [dbo].[SINHVIEN] ([MASV], [HOTEN], [NGAYSINH], [MALOP]) VALUES (422, N'Elena Gordon', CAST(N'2005-09-15 18:29:08.060' AS DateTime), N'13CTT2')
INSERT [dbo].[SINHVIEN] ([MASV], [HOTEN], [NGAYSINH], [MALOP]) VALUES (423, N'Anita Hensley', CAST(N'1989-07-16 09:15:51.740' AS DateTime), N'14CTT1')
INSERT [dbo].[SINHVIEN] ([MASV], [HOTEN], [NGAYSINH], [MALOP]) VALUES (424, N'Duane Chan', CAST(N'1987-01-27 13:49:00.480' AS DateTime), N'13CTT3')
INSERT [dbo].[SINHVIEN] ([MASV], [HOTEN], [NGAYSINH], [MALOP]) VALUES (425, N'Kara Fox', CAST(N'2003-10-05 01:09:07.170' AS DateTime), N'15CTT3')
INSERT [dbo].[SINHVIEN] ([MASV], [HOTEN], [NGAYSINH], [MALOP]) VALUES (426, N'Ramiro Houston', CAST(N'1957-01-26 23:34:44.040' AS DateTime), N'13CTT1')
INSERT [dbo].[SINHVIEN] ([MASV], [HOTEN], [NGAYSINH], [MALOP]) VALUES (427, N'Teddy Huang', CAST(N'1992-12-03 00:23:00.190' AS DateTime), N'13CTT2')
INSERT [dbo].[SINHVIEN] ([MASV], [HOTEN], [NGAYSINH], [MALOP]) VALUES (428, N'Jordan Nixon', CAST(N'1988-06-10 03:48:18.180' AS DateTime), N'15CTT3')
INSERT [dbo].[SINHVIEN] ([MASV], [HOTEN], [NGAYSINH], [MALOP]) VALUES (429, N'Lance Hull', CAST(N'1988-04-06 13:56:20.510' AS DateTime), N'13CTT2')
INSERT [dbo].[SINHVIEN] ([MASV], [HOTEN], [NGAYSINH], [MALOP]) VALUES (430, N'Norma Valdez', CAST(N'1979-08-22 21:54:12.580' AS DateTime), N'13CTT1')
INSERT [dbo].[SINHVIEN] ([MASV], [HOTEN], [NGAYSINH], [MALOP]) VALUES (431, N'Arthur Gay', CAST(N'2004-01-02 03:44:37.930' AS DateTime), N'14CTT3')
INSERT [dbo].[SINHVIEN] ([MASV], [HOTEN], [NGAYSINH], [MALOP]) VALUES (432, N'Justin Horn', CAST(N'1958-05-27 17:15:24.520' AS DateTime), N'13CTT1')
INSERT [dbo].[SINHVIEN] ([MASV], [HOTEN], [NGAYSINH], [MALOP]) VALUES (433, N'Anitra Salazar', CAST(N'1993-05-08 05:49:09.930' AS DateTime), N'15CTT3')
INSERT [dbo].[SINHVIEN] ([MASV], [HOTEN], [NGAYSINH], [MALOP]) VALUES (434, N'Anitra Rojas', CAST(N'1972-06-13 22:27:36.980' AS DateTime), N'14CTT1')
INSERT [dbo].[SINHVIEN] ([MASV], [HOTEN], [NGAYSINH], [MALOP]) VALUES (435, N'Carolyn Pittman', CAST(N'1953-01-06 15:50:59.830' AS DateTime), N'13CTT1')
INSERT [dbo].[SINHVIEN] ([MASV], [HOTEN], [NGAYSINH], [MALOP]) VALUES (436, N'Willie Henry', CAST(N'1962-02-08 01:04:46.110' AS DateTime), N'15CTT2')
INSERT [dbo].[SINHVIEN] ([MASV], [HOTEN], [NGAYSINH], [MALOP]) VALUES (437, N'Jeremiah Wall', CAST(N'2002-01-09 07:49:49.150' AS DateTime), N'14CTT2')
INSERT [dbo].[SINHVIEN] ([MASV], [HOTEN], [NGAYSINH], [MALOP]) VALUES (438, N'Darnell Joyce', CAST(N'1974-02-20 19:31:27.210' AS DateTime), N'14CTT1')
INSERT [dbo].[SINHVIEN] ([MASV], [HOTEN], [NGAYSINH], [MALOP]) VALUES (439, N'Jerrod Sharp', CAST(N'1975-02-17 03:46:01.280' AS DateTime), N'13CTT3')
INSERT [dbo].[SINHVIEN] ([MASV], [HOTEN], [NGAYSINH], [MALOP]) VALUES (440, N'Anne Powell', CAST(N'1958-06-22 23:13:07.460' AS DateTime), N'14CTT1')
INSERT [dbo].[SINHVIEN] ([MASV], [HOTEN], [NGAYSINH], [MALOP]) VALUES (441, N'Gavin Wyatt', CAST(N'1959-03-28 00:00:20.490' AS DateTime), N'13CTT3')
INSERT [dbo].[SINHVIEN] ([MASV], [HOTEN], [NGAYSINH], [MALOP]) VALUES (442, N'Ross Leonard', CAST(N'1966-03-05 16:16:19.610' AS DateTime), N'15CTT3')
INSERT [dbo].[SINHVIEN] ([MASV], [HOTEN], [NGAYSINH], [MALOP]) VALUES (443, N'Garrett Kennedy', CAST(N'1959-04-20 12:19:24.440' AS DateTime), N'14CTT2')
INSERT [dbo].[SINHVIEN] ([MASV], [HOTEN], [NGAYSINH], [MALOP]) VALUES (444, N'Angelia Dunlap', CAST(N'1953-02-04 05:09:53.930' AS DateTime), N'14CTT2')
INSERT [dbo].[SINHVIEN] ([MASV], [HOTEN], [NGAYSINH], [MALOP]) VALUES (445, N'Edward Burch', CAST(N'1971-01-08 07:29:40.500' AS DateTime), N'15CTT1')
INSERT [dbo].[SINHVIEN] ([MASV], [HOTEN], [NGAYSINH], [MALOP]) VALUES (446, N'Amelia Potter', CAST(N'1996-04-21 08:27:47.080' AS DateTime), N'13CTT3')
INSERT [dbo].[SINHVIEN] ([MASV], [HOTEN], [NGAYSINH], [MALOP]) VALUES (447, N'Leslie Hickman', CAST(N'1991-12-21 17:25:01.520' AS DateTime), N'14CTT1')
INSERT [dbo].[SINHVIEN] ([MASV], [HOTEN], [NGAYSINH], [MALOP]) VALUES (448, N'Damon Pittman', CAST(N'1980-07-12 02:27:41.230' AS DateTime), N'13CTT3')
INSERT [dbo].[SINHVIEN] ([MASV], [HOTEN], [NGAYSINH], [MALOP]) VALUES (449, N'Jerome Hinton', CAST(N'2002-03-31 05:22:42.120' AS DateTime), NULL)
INSERT [dbo].[SINHVIEN] ([MASV], [HOTEN], [NGAYSINH], [MALOP]) VALUES (450, N'Efrain Floyd', CAST(N'1959-09-04 03:46:42.130' AS DateTime), N'13CTT3')
INSERT [dbo].[SINHVIEN] ([MASV], [HOTEN], [NGAYSINH], [MALOP]) VALUES (451, N'Johnny Frost', CAST(N'1987-05-29 03:34:50.210' AS DateTime), N'13CTT3')
INSERT [dbo].[SINHVIEN] ([MASV], [HOTEN], [NGAYSINH], [MALOP]) VALUES (452, N'Teri Byrd', CAST(N'1963-06-28 22:39:59.500' AS DateTime), N'13CTT3')
INSERT [dbo].[SINHVIEN] ([MASV], [HOTEN], [NGAYSINH], [MALOP]) VALUES (453, N'Bridgette Woodard', CAST(N'1980-11-09 04:13:16.170' AS DateTime), N'14CTT1')
INSERT [dbo].[SINHVIEN] ([MASV], [HOTEN], [NGAYSINH], [MALOP]) VALUES (454, N'Lamont O''Connor', CAST(N'1964-01-17 16:27:32.250' AS DateTime), N'14CTT1')
INSERT [dbo].[SINHVIEN] ([MASV], [HOTEN], [NGAYSINH], [MALOP]) VALUES (455, N'Joy Paul', CAST(N'1967-07-13 03:38:58.070' AS DateTime), N'13CTT1')
INSERT [dbo].[SINHVIEN] ([MASV], [HOTEN], [NGAYSINH], [MALOP]) VALUES (456, N'Darius Wright', CAST(N'1999-02-01 17:22:42.720' AS DateTime), N'15CTT1')
INSERT [dbo].[SINHVIEN] ([MASV], [HOTEN], [NGAYSINH], [MALOP]) VALUES (457, N'Anitra Daniel', CAST(N'1980-02-01 00:09:16.290' AS DateTime), N'15CTT2')
INSERT [dbo].[SINHVIEN] ([MASV], [HOTEN], [NGAYSINH], [MALOP]) VALUES (458, N'Leo Snyder', CAST(N'1982-04-16 11:42:57.690' AS DateTime), N'13CTT3')
INSERT [dbo].[SINHVIEN] ([MASV], [HOTEN], [NGAYSINH], [MALOP]) VALUES (459, N'Kenneth Davies', CAST(N'1956-12-16 15:03:32.020' AS DateTime), N'14CTT3')
INSERT [dbo].[SINHVIEN] ([MASV], [HOTEN], [NGAYSINH], [MALOP]) VALUES (460, N'Neal Anderson', CAST(N'1995-07-17 08:13:45.470' AS DateTime), N'15CTT3')
INSERT [dbo].[SINHVIEN] ([MASV], [HOTEN], [NGAYSINH], [MALOP]) VALUES (461, N'Tameka Jennings', CAST(N'1977-03-14 22:33:46.740' AS DateTime), N'14CTT3')
INSERT [dbo].[SINHVIEN] ([MASV], [HOTEN], [NGAYSINH], [MALOP]) VALUES (462, N'Margarita Neal', CAST(N'1963-08-11 20:25:35.150' AS DateTime), N'14CTT3')
INSERT [dbo].[SINHVIEN] ([MASV], [HOTEN], [NGAYSINH], [MALOP]) VALUES (463, N'Gloria Daniels', CAST(N'1991-10-24 10:20:30.160' AS DateTime), N'14CTT1')
INSERT [dbo].[SINHVIEN] ([MASV], [HOTEN], [NGAYSINH], [MALOP]) VALUES (464, N'Ross Brewer', CAST(N'1962-06-03 12:55:19.400' AS DateTime), N'15CTT1')
INSERT [dbo].[SINHVIEN] ([MASV], [HOTEN], [NGAYSINH], [MALOP]) VALUES (465, N'Elton Nielsen', CAST(N'1966-09-18 07:38:11.080' AS DateTime), N'13CTT1')
INSERT [dbo].[SINHVIEN] ([MASV], [HOTEN], [NGAYSINH], [MALOP]) VALUES (466, N'Herbert Friedman', CAST(N'1997-09-28 16:33:48.010' AS DateTime), N'14CTT1')
INSERT [dbo].[SINHVIEN] ([MASV], [HOTEN], [NGAYSINH], [MALOP]) VALUES (467, N'Roman Vasquez', CAST(N'1992-11-14 18:52:15.990' AS DateTime), N'13CTT1')
INSERT [dbo].[SINHVIEN] ([MASV], [HOTEN], [NGAYSINH], [MALOP]) VALUES (468, N'Anne Mc Clure', CAST(N'1987-06-08 08:58:07.520' AS DateTime), N'13CTT1')
INSERT [dbo].[SINHVIEN] ([MASV], [HOTEN], [NGAYSINH], [MALOP]) VALUES (469, N'Corey Kidd', CAST(N'1966-02-21 08:15:35.090' AS DateTime), N'13CTT1')
INSERT [dbo].[SINHVIEN] ([MASV], [HOTEN], [NGAYSINH], [MALOP]) VALUES (470, N'Angie Beltran', CAST(N'2007-01-23 06:43:58.960' AS DateTime), N'14CTT3')
INSERT [dbo].[SINHVIEN] ([MASV], [HOTEN], [NGAYSINH], [MALOP]) VALUES (471, N'Lauren Krause', CAST(N'2002-03-29 04:32:26.260' AS DateTime), N'13CTT2')
INSERT [dbo].[SINHVIEN] ([MASV], [HOTEN], [NGAYSINH], [MALOP]) VALUES (472, N'Sidney Calderon', CAST(N'2007-12-07 19:38:03.610' AS DateTime), N'14CTT2')
INSERT [dbo].[SINHVIEN] ([MASV], [HOTEN], [NGAYSINH], [MALOP]) VALUES (473, N'Rose Ayala', CAST(N'1996-08-26 07:47:40.200' AS DateTime), N'13CTT1')
INSERT [dbo].[SINHVIEN] ([MASV], [HOTEN], [NGAYSINH], [MALOP]) VALUES (474, N'Kathleen Ayala', CAST(N'1962-03-29 12:26:10.870' AS DateTime), N'14CTT1')
INSERT [dbo].[SINHVIEN] ([MASV], [HOTEN], [NGAYSINH], [MALOP]) VALUES (475, N'Edith Higgins', CAST(N'1966-07-17 07:27:31.050' AS DateTime), N'13CTT2')
INSERT [dbo].[SINHVIEN] ([MASV], [HOTEN], [NGAYSINH], [MALOP]) VALUES (476, N'Loretta Baxter', CAST(N'1953-02-03 03:44:51.300' AS DateTime), N'15CTT1')
INSERT [dbo].[SINHVIEN] ([MASV], [HOTEN], [NGAYSINH], [MALOP]) VALUES (477, N'Tina Key', CAST(N'1999-05-30 06:09:43.610' AS DateTime), N'15CTT1')
INSERT [dbo].[SINHVIEN] ([MASV], [HOTEN], [NGAYSINH], [MALOP]) VALUES (478, N'Tabatha Hicks', CAST(N'1989-06-12 04:05:57.800' AS DateTime), N'15CTT2')
INSERT [dbo].[SINHVIEN] ([MASV], [HOTEN], [NGAYSINH], [MALOP]) VALUES (479, N'Brandy Montes', CAST(N'1969-01-20 06:19:19.980' AS DateTime), N'14CTT1')
INSERT [dbo].[SINHVIEN] ([MASV], [HOTEN], [NGAYSINH], [MALOP]) VALUES (480, N'Miguel Rodgers', CAST(N'1960-06-15 16:41:20.090' AS DateTime), N'13CTT1')
INSERT [dbo].[SINHVIEN] ([MASV], [HOTEN], [NGAYSINH], [MALOP]) VALUES (481, N'Zachary Morrison', CAST(N'1973-02-05 06:09:42.530' AS DateTime), N'15CTT1')
INSERT [dbo].[SINHVIEN] ([MASV], [HOTEN], [NGAYSINH], [MALOP]) VALUES (482, N'Bart Christian', CAST(N'1965-05-24 21:55:18.960' AS DateTime), N'13CTT2')
INSERT [dbo].[SINHVIEN] ([MASV], [HOTEN], [NGAYSINH], [MALOP]) VALUES (483, N'Scott Duncan', CAST(N'1994-03-11 22:25:36.060' AS DateTime), N'13CTT3')
INSERT [dbo].[SINHVIEN] ([MASV], [HOTEN], [NGAYSINH], [MALOP]) VALUES (484, N'Jamey Kidd', CAST(N'1981-08-04 10:09:38.370' AS DateTime), N'14CTT1')
INSERT [dbo].[SINHVIEN] ([MASV], [HOTEN], [NGAYSINH], [MALOP]) VALUES (485, N'Jared Boyd', CAST(N'2000-03-25 18:19:22.370' AS DateTime), NULL)
INSERT [dbo].[SINHVIEN] ([MASV], [HOTEN], [NGAYSINH], [MALOP]) VALUES (486, N'Morgan Khan', CAST(N'1993-07-07 05:04:38.420' AS DateTime), N'14CTT2')
INSERT [dbo].[SINHVIEN] ([MASV], [HOTEN], [NGAYSINH], [MALOP]) VALUES (487, N'Sophia Ward', CAST(N'1985-07-17 13:02:08.360' AS DateTime), N'13CTT1')
INSERT [dbo].[SINHVIEN] ([MASV], [HOTEN], [NGAYSINH], [MALOP]) VALUES (488, N'Tami Cuevas', CAST(N'1982-04-22 13:21:37.670' AS DateTime), N'14CTT2')
INSERT [dbo].[SINHVIEN] ([MASV], [HOTEN], [NGAYSINH], [MALOP]) VALUES (489, N'Keisha Rasmussen', CAST(N'1957-12-03 18:48:38.900' AS DateTime), N'14CTT2')
INSERT [dbo].[SINHVIEN] ([MASV], [HOTEN], [NGAYSINH], [MALOP]) VALUES (490, N'Megan Wiggins', CAST(N'1961-12-04 22:28:17.120' AS DateTime), N'14CTT2')
INSERT [dbo].[SINHVIEN] ([MASV], [HOTEN], [NGAYSINH], [MALOP]) VALUES (491, N'Roger Krueger', CAST(N'1990-01-07 00:55:29.830' AS DateTime), N'13CTT3')
INSERT [dbo].[SINHVIEN] ([MASV], [HOTEN], [NGAYSINH], [MALOP]) VALUES (492, N'Jody Beasley', CAST(N'1972-09-25 20:06:51.450' AS DateTime), N'13CTT1')
INSERT [dbo].[SINHVIEN] ([MASV], [HOTEN], [NGAYSINH], [MALOP]) VALUES (493, N'Casey Keith', CAST(N'1970-03-08 04:27:55.190' AS DateTime), N'15CTT2')
INSERT [dbo].[SINHVIEN] ([MASV], [HOTEN], [NGAYSINH], [MALOP]) VALUES (494, N'George Love', CAST(N'1987-08-02 19:32:15.820' AS DateTime), N'14CTT1')
INSERT [dbo].[SINHVIEN] ([MASV], [HOTEN], [NGAYSINH], [MALOP]) VALUES (495, N'Robin Osborne', CAST(N'1989-04-09 00:39:20.720' AS DateTime), N'13CTT2')
INSERT [dbo].[SINHVIEN] ([MASV], [HOTEN], [NGAYSINH], [MALOP]) VALUES (496, N'Alvin Hartman', CAST(N'2003-08-16 03:34:45.340' AS DateTime), N'14CTT1')
INSERT [dbo].[SINHVIEN] ([MASV], [HOTEN], [NGAYSINH], [MALOP]) VALUES (497, N'Alicia Lyons', CAST(N'1982-05-12 05:55:49.460' AS DateTime), N'13CTT2')
INSERT [dbo].[SINHVIEN] ([MASV], [HOTEN], [NGAYSINH], [MALOP]) VALUES (498, N'Joanne Fitzgerald', CAST(N'2004-11-15 23:24:05.050' AS DateTime), N'14CTT2')
INSERT [dbo].[SINHVIEN] ([MASV], [HOTEN], [NGAYSINH], [MALOP]) VALUES (499, N'Curtis Huber', CAST(N'1994-05-18 21:31:42.860' AS DateTime), N'13CTT1')
GO
INSERT [dbo].[SINHVIEN] ([MASV], [HOTEN], [NGAYSINH], [MALOP]) VALUES (500, N'Sherrie Glenn', CAST(N'1981-04-10 14:55:52.490' AS DateTime), NULL)
INSERT [dbo].[SINHVIEN] ([MASV], [HOTEN], [NGAYSINH], [MALOP]) VALUES (501, N'Cornelius Brewer', CAST(N'1956-06-07 13:35:31.080' AS DateTime), N'15CTT2')
INSERT [dbo].[SINHVIEN] ([MASV], [HOTEN], [NGAYSINH], [MALOP]) VALUES (502, N'Marcella Mcfarland', CAST(N'1957-07-16 08:26:53.990' AS DateTime), N'15CTT1')
INSERT [dbo].[SINHVIEN] ([MASV], [HOTEN], [NGAYSINH], [MALOP]) VALUES (503, N'Willie Gilbert', CAST(N'1967-05-22 18:12:06.140' AS DateTime), N'14CTT1')
INSERT [dbo].[SINHVIEN] ([MASV], [HOTEN], [NGAYSINH], [MALOP]) VALUES (504, N'Shaun Bonilla', CAST(N'2003-03-07 22:38:43.170' AS DateTime), N'13CTT1')
INSERT [dbo].[SINHVIEN] ([MASV], [HOTEN], [NGAYSINH], [MALOP]) VALUES (505, N'Garrett Rivas', CAST(N'1965-06-06 23:14:15.870' AS DateTime), N'15CTT1')
INSERT [dbo].[SINHVIEN] ([MASV], [HOTEN], [NGAYSINH], [MALOP]) VALUES (506, N'Billie Tate', CAST(N'1987-06-21 07:56:46.610' AS DateTime), N'14CTT3')
INSERT [dbo].[SINHVIEN] ([MASV], [HOTEN], [NGAYSINH], [MALOP]) VALUES (507, N'Dominick Bridges', CAST(N'1974-11-01 14:52:19.310' AS DateTime), N'14CTT3')
INSERT [dbo].[SINHVIEN] ([MASV], [HOTEN], [NGAYSINH], [MALOP]) VALUES (508, N'Jamie Velasquez', CAST(N'1971-08-14 15:47:05.290' AS DateTime), N'14CTT3')
INSERT [dbo].[SINHVIEN] ([MASV], [HOTEN], [NGAYSINH], [MALOP]) VALUES (509, N'Jeffrey Hobbs', CAST(N'2005-07-02 09:00:01.210' AS DateTime), N'13CTT2')
INSERT [dbo].[SINHVIEN] ([MASV], [HOTEN], [NGAYSINH], [MALOP]) VALUES (510, N'Dorothy Wolf', CAST(N'1967-06-09 23:54:06.770' AS DateTime), N'15CTT2')
INSERT [dbo].[SINHVIEN] ([MASV], [HOTEN], [NGAYSINH], [MALOP]) VALUES (511, N'Garry Nunez', CAST(N'2007-09-04 11:12:59.110' AS DateTime), N'13CTT2')
INSERT [dbo].[SINHVIEN] ([MASV], [HOTEN], [NGAYSINH], [MALOP]) VALUES (512, N'Saul Gregory', NULL, N'14CTT1')
INSERT [dbo].[SINHVIEN] ([MASV], [HOTEN], [NGAYSINH], [MALOP]) VALUES (513, N'Miranda Lambert', CAST(N'1998-08-20 20:03:18.490' AS DateTime), N'13CTT1')
INSERT [dbo].[SINHVIEN] ([MASV], [HOTEN], [NGAYSINH], [MALOP]) VALUES (514, N'Tera Beltran', CAST(N'1966-03-28 05:23:37.700' AS DateTime), N'13CTT3')
INSERT [dbo].[SINHVIEN] ([MASV], [HOTEN], [NGAYSINH], [MALOP]) VALUES (515, N'Dexter Duarte', CAST(N'2004-07-01 22:22:11.930' AS DateTime), N'14CTT3')
INSERT [dbo].[SINHVIEN] ([MASV], [HOTEN], [NGAYSINH], [MALOP]) VALUES (516, N'Lashonda Miller', CAST(N'1975-06-12 02:04:02.930' AS DateTime), N'15CTT1')
INSERT [dbo].[SINHVIEN] ([MASV], [HOTEN], [NGAYSINH], [MALOP]) VALUES (517, N'Kisha Ali', NULL, N'14CTT2')
INSERT [dbo].[SINHVIEN] ([MASV], [HOTEN], [NGAYSINH], [MALOP]) VALUES (518, N'Allison O''Neill', CAST(N'1964-10-22 00:38:27.780' AS DateTime), N'15CTT1')
INSERT [dbo].[SINHVIEN] ([MASV], [HOTEN], [NGAYSINH], [MALOP]) VALUES (519, N'Kelli Clayton', CAST(N'1977-05-31 21:59:59.100' AS DateTime), N'14CTT2')
INSERT [dbo].[SINHVIEN] ([MASV], [HOTEN], [NGAYSINH], [MALOP]) VALUES (520, N'April Garrison', CAST(N'1963-03-23 00:10:51.780' AS DateTime), N'14CTT3')
INSERT [dbo].[SINHVIEN] ([MASV], [HOTEN], [NGAYSINH], [MALOP]) VALUES (521, N'Amie Esparza', CAST(N'1970-03-09 18:35:57.030' AS DateTime), N'15CTT2')
INSERT [dbo].[SINHVIEN] ([MASV], [HOTEN], [NGAYSINH], [MALOP]) VALUES (522, N'Melisa Mitchell', CAST(N'1981-03-13 02:33:32.670' AS DateTime), N'14CTT3')
INSERT [dbo].[SINHVIEN] ([MASV], [HOTEN], [NGAYSINH], [MALOP]) VALUES (523, N'Kelvin Booker', CAST(N'1965-03-15 03:31:39.640' AS DateTime), N'14CTT3')
INSERT [dbo].[SINHVIEN] ([MASV], [HOTEN], [NGAYSINH], [MALOP]) VALUES (524, N'Maureen Elliott', CAST(N'1963-07-27 05:30:38.310' AS DateTime), N'15CTT1')
INSERT [dbo].[SINHVIEN] ([MASV], [HOTEN], [NGAYSINH], [MALOP]) VALUES (525, NULL, CAST(N'1982-07-06 14:09:28.610' AS DateTime), N'14CTT2')
INSERT [dbo].[SINHVIEN] ([MASV], [HOTEN], [NGAYSINH], [MALOP]) VALUES (526, N'Casey Williams', CAST(N'1957-03-20 09:47:17.970' AS DateTime), N'14CTT1')
INSERT [dbo].[SINHVIEN] ([MASV], [HOTEN], [NGAYSINH], [MALOP]) VALUES (527, N'Tonya Krause', CAST(N'1970-01-17 05:48:29.120' AS DateTime), NULL)
INSERT [dbo].[SINHVIEN] ([MASV], [HOTEN], [NGAYSINH], [MALOP]) VALUES (528, N'Karin Wright', CAST(N'1982-07-04 08:25:34.800' AS DateTime), N'15CTT1')
INSERT [dbo].[SINHVIEN] ([MASV], [HOTEN], [NGAYSINH], [MALOP]) VALUES (529, N'Salvatore Buchanan', CAST(N'1990-10-02 15:10:08.410' AS DateTime), N'15CTT3')
INSERT [dbo].[SINHVIEN] ([MASV], [HOTEN], [NGAYSINH], [MALOP]) VALUES (530, N'Armando Higgins', CAST(N'1962-01-25 12:15:24.380' AS DateTime), N'14CTT2')
INSERT [dbo].[SINHVIEN] ([MASV], [HOTEN], [NGAYSINH], [MALOP]) VALUES (531, N'Tony Barrett', CAST(N'1980-12-19 11:46:50.160' AS DateTime), N'14CTT1')
INSERT [dbo].[SINHVIEN] ([MASV], [HOTEN], [NGAYSINH], [MALOP]) VALUES (532, N'Myra Mc Guire', CAST(N'1970-12-01 03:52:45.720' AS DateTime), N'15CTT3')
INSERT [dbo].[SINHVIEN] ([MASV], [HOTEN], [NGAYSINH], [MALOP]) VALUES (533, N'Trenton Heath', CAST(N'1978-09-23 21:49:01.840' AS DateTime), N'15CTT3')
INSERT [dbo].[SINHVIEN] ([MASV], [HOTEN], [NGAYSINH], [MALOP]) VALUES (534, N'Colby Pena', CAST(N'2002-07-13 06:45:38.570' AS DateTime), N'13CTT3')
INSERT [dbo].[SINHVIEN] ([MASV], [HOTEN], [NGAYSINH], [MALOP]) VALUES (535, N'Devon Briggs', CAST(N'2003-01-24 06:34:14.950' AS DateTime), N'15CTT2')
INSERT [dbo].[SINHVIEN] ([MASV], [HOTEN], [NGAYSINH], [MALOP]) VALUES (536, N'Noah Finley', CAST(N'1995-10-11 15:23:27.500' AS DateTime), N'13CTT2')
INSERT [dbo].[SINHVIEN] ([MASV], [HOTEN], [NGAYSINH], [MALOP]) VALUES (537, N'Karen Fletcher', CAST(N'1957-01-09 03:05:49.000' AS DateTime), N'15CTT1')
INSERT [dbo].[SINHVIEN] ([MASV], [HOTEN], [NGAYSINH], [MALOP]) VALUES (538, N'Tracey Wells', CAST(N'1968-07-23 21:42:48.530' AS DateTime), N'13CTT3')
INSERT [dbo].[SINHVIEN] ([MASV], [HOTEN], [NGAYSINH], [MALOP]) VALUES (539, N'Jo Mckinney', CAST(N'2006-01-02 03:43:12.820' AS DateTime), N'15CTT1')
INSERT [dbo].[SINHVIEN] ([MASV], [HOTEN], [NGAYSINH], [MALOP]) VALUES (540, N'Darlene Dawson', CAST(N'1999-01-03 23:46:52.900' AS DateTime), N'15CTT3')
INSERT [dbo].[SINHVIEN] ([MASV], [HOTEN], [NGAYSINH], [MALOP]) VALUES (541, N'Cari Cherry', CAST(N'1969-02-28 10:55:22.490' AS DateTime), N'14CTT2')
INSERT [dbo].[SINHVIEN] ([MASV], [HOTEN], [NGAYSINH], [MALOP]) VALUES (542, N'Pablo Barry', CAST(N'1965-10-06 10:22:35.750' AS DateTime), N'15CTT2')
INSERT [dbo].[SINHVIEN] ([MASV], [HOTEN], [NGAYSINH], [MALOP]) VALUES (543, N'Leticia Summers', CAST(N'1971-09-06 14:12:19.100' AS DateTime), N'15CTT2')
INSERT [dbo].[SINHVIEN] ([MASV], [HOTEN], [NGAYSINH], [MALOP]) VALUES (544, N'Lamont Buchanan', CAST(N'1966-12-04 21:15:03.070' AS DateTime), N'15CTT1')
INSERT [dbo].[SINHVIEN] ([MASV], [HOTEN], [NGAYSINH], [MALOP]) VALUES (545, N'Iris Yang', CAST(N'1984-10-20 04:21:36.470' AS DateTime), N'15CTT1')
INSERT [dbo].[SINHVIEN] ([MASV], [HOTEN], [NGAYSINH], [MALOP]) VALUES (546, N'Robyn Doyle', CAST(N'1998-06-25 18:54:32.130' AS DateTime), N'15CTT1')
INSERT [dbo].[SINHVIEN] ([MASV], [HOTEN], [NGAYSINH], [MALOP]) VALUES (547, N'Dominic David', CAST(N'1962-04-01 11:15:18.010' AS DateTime), N'15CTT3')
INSERT [dbo].[SINHVIEN] ([MASV], [HOTEN], [NGAYSINH], [MALOP]) VALUES (548, N'Curtis Mc Connell', CAST(N'1999-05-19 04:52:11.340' AS DateTime), N'13CTT2')
INSERT [dbo].[SINHVIEN] ([MASV], [HOTEN], [NGAYSINH], [MALOP]) VALUES (549, N'Melvin Galvan', CAST(N'1959-07-02 14:43:13.750' AS DateTime), N'15CTT3')
INSERT [dbo].[SINHVIEN] ([MASV], [HOTEN], [NGAYSINH], [MALOP]) VALUES (550, N'Leigh Tucker', CAST(N'1973-09-05 06:05:43.260' AS DateTime), N'15CTT1')
INSERT [dbo].[SINHVIEN] ([MASV], [HOTEN], [NGAYSINH], [MALOP]) VALUES (551, N'Louis Stuart', CAST(N'1965-02-21 17:28:12.880' AS DateTime), N'13CTT3')
INSERT [dbo].[SINHVIEN] ([MASV], [HOTEN], [NGAYSINH], [MALOP]) VALUES (552, N'Jacob Gallegos', CAST(N'1977-06-19 00:00:52.930' AS DateTime), N'15CTT3')
INSERT [dbo].[SINHVIEN] ([MASV], [HOTEN], [NGAYSINH], [MALOP]) VALUES (553, N'Brad Williams', CAST(N'1979-03-18 05:34:46.230' AS DateTime), N'13CTT3')
INSERT [dbo].[SINHVIEN] ([MASV], [HOTEN], [NGAYSINH], [MALOP]) VALUES (554, N'Russell Olson', CAST(N'1972-02-21 05:44:57.670' AS DateTime), N'15CTT1')
INSERT [dbo].[SINHVIEN] ([MASV], [HOTEN], [NGAYSINH], [MALOP]) VALUES (555, N'Serena Forbes', CAST(N'1987-09-10 04:48:08.010' AS DateTime), N'15CTT2')
INSERT [dbo].[SINHVIEN] ([MASV], [HOTEN], [NGAYSINH], [MALOP]) VALUES (556, N'Judy Joyce', CAST(N'1966-03-08 18:58:10.190' AS DateTime), N'13CTT3')
INSERT [dbo].[SINHVIEN] ([MASV], [HOTEN], [NGAYSINH], [MALOP]) VALUES (557, N'Katie Li', CAST(N'1969-01-27 11:24:12.840' AS DateTime), N'14CTT2')
INSERT [dbo].[SINHVIEN] ([MASV], [HOTEN], [NGAYSINH], [MALOP]) VALUES (558, N'Wallace Green', CAST(N'2000-11-11 08:04:52.770' AS DateTime), N'15CTT2')
INSERT [dbo].[SINHVIEN] ([MASV], [HOTEN], [NGAYSINH], [MALOP]) VALUES (559, N'Jeremiah Gilmore', CAST(N'1983-01-09 18:17:25.380' AS DateTime), N'14CTT2')
INSERT [dbo].[SINHVIEN] ([MASV], [HOTEN], [NGAYSINH], [MALOP]) VALUES (560, N'Clarissa Harding', CAST(N'1963-03-05 08:24:48.170' AS DateTime), N'13CTT3')
INSERT [dbo].[SINHVIEN] ([MASV], [HOTEN], [NGAYSINH], [MALOP]) VALUES (561, N'Bill Preston', CAST(N'1986-02-19 16:50:14.040' AS DateTime), N'15CTT1')
INSERT [dbo].[SINHVIEN] ([MASV], [HOTEN], [NGAYSINH], [MALOP]) VALUES (562, N'Dominick Hodge', CAST(N'1990-12-03 14:48:41.080' AS DateTime), N'13CTT1')
INSERT [dbo].[SINHVIEN] ([MASV], [HOTEN], [NGAYSINH], [MALOP]) VALUES (563, N'Spencer Parks', CAST(N'2004-09-17 16:46:38.210' AS DateTime), N'14CTT2')
INSERT [dbo].[SINHVIEN] ([MASV], [HOTEN], [NGAYSINH], [MALOP]) VALUES (564, N'Charity Velasquez', CAST(N'1965-10-08 02:36:54.930' AS DateTime), N'14CTT1')
INSERT [dbo].[SINHVIEN] ([MASV], [HOTEN], [NGAYSINH], [MALOP]) VALUES (565, N'Randolph Howe', CAST(N'1998-08-25 04:00:15.130' AS DateTime), N'15CTT2')
INSERT [dbo].[SINHVIEN] ([MASV], [HOTEN], [NGAYSINH], [MALOP]) VALUES (566, N'Armando Griffith', CAST(N'1987-08-03 05:07:15.490' AS DateTime), N'14CTT2')
INSERT [dbo].[SINHVIEN] ([MASV], [HOTEN], [NGAYSINH], [MALOP]) VALUES (567, N'Arthur Goodwin', NULL, N'14CTT3')
INSERT [dbo].[SINHVIEN] ([MASV], [HOTEN], [NGAYSINH], [MALOP]) VALUES (568, N'Brooke Reid', CAST(N'1996-09-15 02:05:04.930' AS DateTime), N'14CTT1')
INSERT [dbo].[SINHVIEN] ([MASV], [HOTEN], [NGAYSINH], [MALOP]) VALUES (569, N'Jenifer Beasley', CAST(N'1958-02-23 04:27:20.540' AS DateTime), N'14CTT1')
INSERT [dbo].[SINHVIEN] ([MASV], [HOTEN], [NGAYSINH], [MALOP]) VALUES (570, N'Brandon Morris', CAST(N'2003-07-27 13:29:03.550' AS DateTime), N'14CTT1')
INSERT [dbo].[SINHVIEN] ([MASV], [HOTEN], [NGAYSINH], [MALOP]) VALUES (571, N'Jenna Griffith', CAST(N'1978-06-16 14:00:10.210' AS DateTime), N'15CTT2')
INSERT [dbo].[SINHVIEN] ([MASV], [HOTEN], [NGAYSINH], [MALOP]) VALUES (572, N'Stuart Waller', CAST(N'2000-06-23 19:16:22.930' AS DateTime), N'13CTT2')
INSERT [dbo].[SINHVIEN] ([MASV], [HOTEN], [NGAYSINH], [MALOP]) VALUES (573, N'Randal Hancock', CAST(N'1959-11-20 04:21:14.400' AS DateTime), N'14CTT3')
INSERT [dbo].[SINHVIEN] ([MASV], [HOTEN], [NGAYSINH], [MALOP]) VALUES (574, N'Jana Carr', CAST(N'1966-10-19 20:55:14.970' AS DateTime), N'14CTT3')
INSERT [dbo].[SINHVIEN] ([MASV], [HOTEN], [NGAYSINH], [MALOP]) VALUES (575, N'Bryan Rivas', CAST(N'1986-05-27 22:13:06.200' AS DateTime), N'14CTT1')
INSERT [dbo].[SINHVIEN] ([MASV], [HOTEN], [NGAYSINH], [MALOP]) VALUES (576, N'Clyde Rosales', CAST(N'2002-01-21 13:15:29.290' AS DateTime), N'15CTT1')
INSERT [dbo].[SINHVIEN] ([MASV], [HOTEN], [NGAYSINH], [MALOP]) VALUES (577, N'Trenton Conrad', CAST(N'1957-06-04 08:13:21.270' AS DateTime), N'13CTT1')
INSERT [dbo].[SINHVIEN] ([MASV], [HOTEN], [NGAYSINH], [MALOP]) VALUES (578, N'Monica Riley', CAST(N'1962-07-08 12:21:13.560' AS DateTime), N'13CTT3')
INSERT [dbo].[SINHVIEN] ([MASV], [HOTEN], [NGAYSINH], [MALOP]) VALUES (579, N'Cecil Pearson', CAST(N'2006-04-10 06:16:36.580' AS DateTime), N'14CTT3')
INSERT [dbo].[SINHVIEN] ([MASV], [HOTEN], [NGAYSINH], [MALOP]) VALUES (580, N'Shelly Robertson', CAST(N'1986-10-06 01:09:01.850' AS DateTime), N'14CTT3')
INSERT [dbo].[SINHVIEN] ([MASV], [HOTEN], [NGAYSINH], [MALOP]) VALUES (581, N'Roger Mendoza', CAST(N'1992-01-10 19:14:56.490' AS DateTime), N'13CTT1')
INSERT [dbo].[SINHVIEN] ([MASV], [HOTEN], [NGAYSINH], [MALOP]) VALUES (582, N'Dena Singleton', CAST(N'2002-12-18 22:31:59.960' AS DateTime), N'13CTT1')
INSERT [dbo].[SINHVIEN] ([MASV], [HOTEN], [NGAYSINH], [MALOP]) VALUES (583, N'Sandy Drake', CAST(N'1978-08-31 00:56:17.790' AS DateTime), N'15CTT2')
INSERT [dbo].[SINHVIEN] ([MASV], [HOTEN], [NGAYSINH], [MALOP]) VALUES (584, N'Shelby Ballard', CAST(N'1976-01-03 17:42:21.050' AS DateTime), N'13CTT1')
INSERT [dbo].[SINHVIEN] ([MASV], [HOTEN], [NGAYSINH], [MALOP]) VALUES (585, N'Wayne Benitez', CAST(N'1970-01-28 09:04:25.140' AS DateTime), N'14CTT1')
INSERT [dbo].[SINHVIEN] ([MASV], [HOTEN], [NGAYSINH], [MALOP]) VALUES (586, N'Olivia Barber', CAST(N'2004-12-02 18:47:11.510' AS DateTime), N'15CTT2')
INSERT [dbo].[SINHVIEN] ([MASV], [HOTEN], [NGAYSINH], [MALOP]) VALUES (587, N'Luz Ball', CAST(N'1956-07-03 11:45:57.230' AS DateTime), N'15CTT3')
INSERT [dbo].[SINHVIEN] ([MASV], [HOTEN], [NGAYSINH], [MALOP]) VALUES (588, N'Andy Barr', CAST(N'1999-09-14 22:17:59.490' AS DateTime), N'15CTT1')
INSERT [dbo].[SINHVIEN] ([MASV], [HOTEN], [NGAYSINH], [MALOP]) VALUES (589, N'Gabriela Marsh', CAST(N'1959-08-04 16:04:04.170' AS DateTime), N'13CTT2')
INSERT [dbo].[SINHVIEN] ([MASV], [HOTEN], [NGAYSINH], [MALOP]) VALUES (590, N'Gerard Parks', CAST(N'1967-11-04 01:57:30.550' AS DateTime), N'14CTT1')
INSERT [dbo].[SINHVIEN] ([MASV], [HOTEN], [NGAYSINH], [MALOP]) VALUES (591, N'Eileen Best', CAST(N'1989-11-18 11:36:04.750' AS DateTime), N'14CTT1')
INSERT [dbo].[SINHVIEN] ([MASV], [HOTEN], [NGAYSINH], [MALOP]) VALUES (592, N'Jerry Lane', CAST(N'1979-09-15 03:59:14.660' AS DateTime), N'13CTT2')
INSERT [dbo].[SINHVIEN] ([MASV], [HOTEN], [NGAYSINH], [MALOP]) VALUES (593, N'Jami Santos', CAST(N'1964-02-27 19:00:56.230' AS DateTime), N'14CTT1')
INSERT [dbo].[SINHVIEN] ([MASV], [HOTEN], [NGAYSINH], [MALOP]) VALUES (594, N'Damian Zhang', CAST(N'1993-07-14 03:25:23.150' AS DateTime), N'13CTT3')
INSERT [dbo].[SINHVIEN] ([MASV], [HOTEN], [NGAYSINH], [MALOP]) VALUES (595, N'Ivan Garrett', CAST(N'1995-10-31 19:18:24.650' AS DateTime), N'14CTT3')
INSERT [dbo].[SINHVIEN] ([MASV], [HOTEN], [NGAYSINH], [MALOP]) VALUES (596, N'Stacey Moon', CAST(N'1965-11-15 06:56:38.860' AS DateTime), N'13CTT2')
INSERT [dbo].[SINHVIEN] ([MASV], [HOTEN], [NGAYSINH], [MALOP]) VALUES (597, N'Gene Parker', CAST(N'1986-03-27 20:06:41.420' AS DateTime), N'13CTT1')
INSERT [dbo].[SINHVIEN] ([MASV], [HOTEN], [NGAYSINH], [MALOP]) VALUES (598, N'Lucas Moon', CAST(N'1969-01-17 17:35:57.550' AS DateTime), N'14CTT1')
INSERT [dbo].[SINHVIEN] ([MASV], [HOTEN], [NGAYSINH], [MALOP]) VALUES (599, N'Tia Meyers', CAST(N'1958-11-30 11:35:24.170' AS DateTime), N'15CTT1')
GO
INSERT [dbo].[SINHVIEN] ([MASV], [HOTEN], [NGAYSINH], [MALOP]) VALUES (600, N'Kerri Moore', CAST(N'1976-04-10 17:14:47.940' AS DateTime), N'14CTT3')
INSERT [dbo].[SINHVIEN] ([MASV], [HOTEN], [NGAYSINH], [MALOP]) VALUES (601, N'Kirk Braun', CAST(N'2005-03-18 23:14:20.990' AS DateTime), N'15CTT3')
INSERT [dbo].[SINHVIEN] ([MASV], [HOTEN], [NGAYSINH], [MALOP]) VALUES (602, N'Annette Savage', CAST(N'1954-10-11 16:49:27.190' AS DateTime), NULL)
INSERT [dbo].[SINHVIEN] ([MASV], [HOTEN], [NGAYSINH], [MALOP]) VALUES (603, N'Tabatha Moran', CAST(N'1957-02-07 06:47:57.470' AS DateTime), N'14CTT1')
INSERT [dbo].[SINHVIEN] ([MASV], [HOTEN], [NGAYSINH], [MALOP]) VALUES (604, N'Bradley Duarte', CAST(N'2003-10-22 15:23:07.800' AS DateTime), N'15CTT2')
INSERT [dbo].[SINHVIEN] ([MASV], [HOTEN], [NGAYSINH], [MALOP]) VALUES (605, N'Jeannette Bates', CAST(N'1989-01-15 00:43:03.550' AS DateTime), N'13CTT3')
INSERT [dbo].[SINHVIEN] ([MASV], [HOTEN], [NGAYSINH], [MALOP]) VALUES (606, NULL, CAST(N'1981-03-13 10:49:20.340' AS DateTime), N'14CTT1')
INSERT [dbo].[SINHVIEN] ([MASV], [HOTEN], [NGAYSINH], [MALOP]) VALUES (607, N'Darryl Osborn', CAST(N'1958-04-05 13:06:58.470' AS DateTime), N'13CTT1')
INSERT [dbo].[SINHVIEN] ([MASV], [HOTEN], [NGAYSINH], [MALOP]) VALUES (608, N'Victoria Banks', CAST(N'1963-09-01 03:05:37.960' AS DateTime), N'13CTT2')
INSERT [dbo].[SINHVIEN] ([MASV], [HOTEN], [NGAYSINH], [MALOP]) VALUES (609, N'Kristina Stewart', CAST(N'2000-10-20 07:21:40.030' AS DateTime), N'15CTT2')
INSERT [dbo].[SINHVIEN] ([MASV], [HOTEN], [NGAYSINH], [MALOP]) VALUES (610, N'Bridget Meyer', CAST(N'1978-01-29 16:29:28.380' AS DateTime), N'13CTT3')
INSERT [dbo].[SINHVIEN] ([MASV], [HOTEN], [NGAYSINH], [MALOP]) VALUES (611, N'Tyler Arroyo', CAST(N'1983-04-08 20:34:46.740' AS DateTime), N'15CTT2')
INSERT [dbo].[SINHVIEN] ([MASV], [HOTEN], [NGAYSINH], [MALOP]) VALUES (612, N'Kendra Bishop', CAST(N'1956-09-01 06:36:56.630' AS DateTime), N'15CTT1')
INSERT [dbo].[SINHVIEN] ([MASV], [HOTEN], [NGAYSINH], [MALOP]) VALUES (613, N'Hollie Boyle', CAST(N'1970-10-19 05:07:36.270' AS DateTime), N'15CTT3')
INSERT [dbo].[SINHVIEN] ([MASV], [HOTEN], [NGAYSINH], [MALOP]) VALUES (614, N'Carlos Chen', CAST(N'1967-02-07 06:55:50.920' AS DateTime), N'14CTT1')
INSERT [dbo].[SINHVIEN] ([MASV], [HOTEN], [NGAYSINH], [MALOP]) VALUES (615, N'Peter Newton', CAST(N'1998-12-29 23:02:28.900' AS DateTime), N'15CTT1')
INSERT [dbo].[SINHVIEN] ([MASV], [HOTEN], [NGAYSINH], [MALOP]) VALUES (616, N'Renee Grant', CAST(N'1968-03-16 09:52:48.210' AS DateTime), N'13CTT1')
INSERT [dbo].[SINHVIEN] ([MASV], [HOTEN], [NGAYSINH], [MALOP]) VALUES (617, N'Jonathon Hill', CAST(N'1960-06-22 15:53:56.250' AS DateTime), N'15CTT1')
INSERT [dbo].[SINHVIEN] ([MASV], [HOTEN], [NGAYSINH], [MALOP]) VALUES (618, N'Felix Richardson', CAST(N'1967-12-01 21:06:20.020' AS DateTime), N'15CTT1')
INSERT [dbo].[SINHVIEN] ([MASV], [HOTEN], [NGAYSINH], [MALOP]) VALUES (619, N'Bridgett Ali', CAST(N'1987-08-22 07:42:13.060' AS DateTime), N'14CTT1')
INSERT [dbo].[SINHVIEN] ([MASV], [HOTEN], [NGAYSINH], [MALOP]) VALUES (620, N'Jimmy Sandoval', CAST(N'1968-11-04 07:49:43.430' AS DateTime), N'15CTT1')
INSERT [dbo].[SINHVIEN] ([MASV], [HOTEN], [NGAYSINH], [MALOP]) VALUES (621, N'Kenneth Stephenson', CAST(N'1995-02-22 16:14:17.900' AS DateTime), N'14CTT2')
INSERT [dbo].[SINHVIEN] ([MASV], [HOTEN], [NGAYSINH], [MALOP]) VALUES (622, N'Allyson Martinez', CAST(N'1995-11-18 06:49:16.000' AS DateTime), N'13CTT1')
INSERT [dbo].[SINHVIEN] ([MASV], [HOTEN], [NGAYSINH], [MALOP]) VALUES (623, N'Janice Morales', CAST(N'1990-02-12 10:01:00.760' AS DateTime), N'13CTT2')
INSERT [dbo].[SINHVIEN] ([MASV], [HOTEN], [NGAYSINH], [MALOP]) VALUES (624, N'Anne Velazquez', CAST(N'1998-04-21 02:29:50.000' AS DateTime), N'13CTT2')
INSERT [dbo].[SINHVIEN] ([MASV], [HOTEN], [NGAYSINH], [MALOP]) VALUES (625, N'Darlene Walls', CAST(N'1966-09-09 01:52:58.790' AS DateTime), N'15CTT3')
INSERT [dbo].[SINHVIEN] ([MASV], [HOTEN], [NGAYSINH], [MALOP]) VALUES (626, N'Jonathon Ortiz', CAST(N'2006-10-01 10:00:55.550' AS DateTime), N'14CTT3')
INSERT [dbo].[SINHVIEN] ([MASV], [HOTEN], [NGAYSINH], [MALOP]) VALUES (627, N'Mathew Vaughan', CAST(N'1989-04-28 00:15:26.690' AS DateTime), N'14CTT2')
INSERT [dbo].[SINHVIEN] ([MASV], [HOTEN], [NGAYSINH], [MALOP]) VALUES (628, N'Dwight Travis', CAST(N'1974-05-08 00:55:51.250' AS DateTime), N'15CTT1')
INSERT [dbo].[SINHVIEN] ([MASV], [HOTEN], [NGAYSINH], [MALOP]) VALUES (629, N'Irene Arnold', CAST(N'1978-12-19 01:36:50.320' AS DateTime), N'13CTT2')
INSERT [dbo].[SINHVIEN] ([MASV], [HOTEN], [NGAYSINH], [MALOP]) VALUES (630, N'Latanya Simon', CAST(N'1973-07-13 15:16:27.340' AS DateTime), N'15CTT1')
INSERT [dbo].[SINHVIEN] ([MASV], [HOTEN], [NGAYSINH], [MALOP]) VALUES (631, N'Brooke Pena', CAST(N'1968-10-27 17:08:47.870' AS DateTime), N'15CTT3')
INSERT [dbo].[SINHVIEN] ([MASV], [HOTEN], [NGAYSINH], [MALOP]) VALUES (632, N'Alonzo Sloan', CAST(N'1996-05-16 14:37:23.720' AS DateTime), N'15CTT3')
INSERT [dbo].[SINHVIEN] ([MASV], [HOTEN], [NGAYSINH], [MALOP]) VALUES (633, N'Alicia Mc Dowell', CAST(N'1956-08-09 00:45:49.380' AS DateTime), N'14CTT2')
INSERT [dbo].[SINHVIEN] ([MASV], [HOTEN], [NGAYSINH], [MALOP]) VALUES (634, N'Ismael Castaneda', CAST(N'1982-12-31 13:01:48.630' AS DateTime), N'13CTT2')
INSERT [dbo].[SINHVIEN] ([MASV], [HOTEN], [NGAYSINH], [MALOP]) VALUES (635, N'Bruce Chavez', CAST(N'1989-07-19 01:54:40.860' AS DateTime), N'15CTT2')
INSERT [dbo].[SINHVIEN] ([MASV], [HOTEN], [NGAYSINH], [MALOP]) VALUES (636, N'Joseph Miranda', CAST(N'1990-04-02 02:25:29.290' AS DateTime), N'14CTT1')
INSERT [dbo].[SINHVIEN] ([MASV], [HOTEN], [NGAYSINH], [MALOP]) VALUES (637, N'Dawn Hester', CAST(N'1998-11-11 15:44:02.490' AS DateTime), N'13CTT2')
INSERT [dbo].[SINHVIEN] ([MASV], [HOTEN], [NGAYSINH], [MALOP]) VALUES (638, N'Mason Stuart', CAST(N'1982-11-08 09:33:09.990' AS DateTime), N'15CTT2')
INSERT [dbo].[SINHVIEN] ([MASV], [HOTEN], [NGAYSINH], [MALOP]) VALUES (639, N'Bennie Salinas', CAST(N'1994-12-18 16:59:17.510' AS DateTime), N'14CTT2')
INSERT [dbo].[SINHVIEN] ([MASV], [HOTEN], [NGAYSINH], [MALOP]) VALUES (640, N'Victor Perez', CAST(N'1996-11-15 22:15:04.810' AS DateTime), N'15CTT2')
INSERT [dbo].[SINHVIEN] ([MASV], [HOTEN], [NGAYSINH], [MALOP]) VALUES (641, N'Jess Gross', CAST(N'1999-08-31 05:40:13.030' AS DateTime), N'14CTT3')
INSERT [dbo].[SINHVIEN] ([MASV], [HOTEN], [NGAYSINH], [MALOP]) VALUES (642, N'Lynn Pratt', CAST(N'2000-11-01 08:40:19.270' AS DateTime), N'15CTT3')
INSERT [dbo].[SINHVIEN] ([MASV], [HOTEN], [NGAYSINH], [MALOP]) VALUES (643, N'Clifford Marshall', CAST(N'2006-11-24 14:56:19.460' AS DateTime), N'15CTT3')
INSERT [dbo].[SINHVIEN] ([MASV], [HOTEN], [NGAYSINH], [MALOP]) VALUES (644, N'Bethany Arellano', CAST(N'1989-07-04 23:34:35.790' AS DateTime), N'15CTT1')
INSERT [dbo].[SINHVIEN] ([MASV], [HOTEN], [NGAYSINH], [MALOP]) VALUES (645, N'Alonzo Melendez', CAST(N'1992-07-27 05:22:43.810' AS DateTime), N'13CTT3')
INSERT [dbo].[SINHVIEN] ([MASV], [HOTEN], [NGAYSINH], [MALOP]) VALUES (646, N'Maria Valenzuela', CAST(N'1986-03-20 04:59:08.120' AS DateTime), N'14CTT1')
INSERT [dbo].[SINHVIEN] ([MASV], [HOTEN], [NGAYSINH], [MALOP]) VALUES (647, N'Mary Pena', CAST(N'1961-11-27 22:51:38.380' AS DateTime), N'15CTT3')
INSERT [dbo].[SINHVIEN] ([MASV], [HOTEN], [NGAYSINH], [MALOP]) VALUES (648, N'Miranda Luna', CAST(N'2005-01-19 12:05:05.310' AS DateTime), N'14CTT3')
INSERT [dbo].[SINHVIEN] ([MASV], [HOTEN], [NGAYSINH], [MALOP]) VALUES (649, N'Alexandra Rodgers', CAST(N'2002-07-15 04:22:54.260' AS DateTime), N'14CTT1')
INSERT [dbo].[SINHVIEN] ([MASV], [HOTEN], [NGAYSINH], [MALOP]) VALUES (650, N'Kathryn Patton', CAST(N'1980-08-17 09:25:36.430' AS DateTime), N'14CTT2')
INSERT [dbo].[SINHVIEN] ([MASV], [HOTEN], [NGAYSINH], [MALOP]) VALUES (651, N'Natasha Anderson', CAST(N'1958-05-26 15:02:42.600' AS DateTime), N'14CTT2')
INSERT [dbo].[SINHVIEN] ([MASV], [HOTEN], [NGAYSINH], [MALOP]) VALUES (652, N'Neil Cannon', CAST(N'1971-04-27 23:00:21.400' AS DateTime), N'13CTT1')
INSERT [dbo].[SINHVIEN] ([MASV], [HOTEN], [NGAYSINH], [MALOP]) VALUES (653, N'Wade Santiago', CAST(N'1989-05-28 09:53:44.500' AS DateTime), N'13CTT1')
INSERT [dbo].[SINHVIEN] ([MASV], [HOTEN], [NGAYSINH], [MALOP]) VALUES (654, N'Anita Shields', CAST(N'1998-01-25 03:45:40.750' AS DateTime), N'14CTT2')
INSERT [dbo].[SINHVIEN] ([MASV], [HOTEN], [NGAYSINH], [MALOP]) VALUES (655, N'Darnell Jenkins', CAST(N'1989-02-16 01:00:30.050' AS DateTime), N'13CTT3')
INSERT [dbo].[SINHVIEN] ([MASV], [HOTEN], [NGAYSINH], [MALOP]) VALUES (656, N'Valerie Lewis', CAST(N'1962-05-02 16:25:04.990' AS DateTime), N'15CTT1')
INSERT [dbo].[SINHVIEN] ([MASV], [HOTEN], [NGAYSINH], [MALOP]) VALUES (657, N'Diana Duffy', CAST(N'1972-08-28 06:48:26.440' AS DateTime), N'13CTT1')
INSERT [dbo].[SINHVIEN] ([MASV], [HOTEN], [NGAYSINH], [MALOP]) VALUES (658, N'Michele Watson', CAST(N'1966-10-19 04:18:07.470' AS DateTime), N'13CTT1')
INSERT [dbo].[SINHVIEN] ([MASV], [HOTEN], [NGAYSINH], [MALOP]) VALUES (659, N'Kent Houston', CAST(N'1990-02-13 13:30:09.000' AS DateTime), N'13CTT2')
INSERT [dbo].[SINHVIEN] ([MASV], [HOTEN], [NGAYSINH], [MALOP]) VALUES (660, N'Robert Walter', CAST(N'1990-04-15 14:42:08.000' AS DateTime), N'15CTT2')
INSERT [dbo].[SINHVIEN] ([MASV], [HOTEN], [NGAYSINH], [MALOP]) VALUES (661, N'Shawn Liu', CAST(N'1999-11-15 10:33:53.650' AS DateTime), N'14CTT2')
INSERT [dbo].[SINHVIEN] ([MASV], [HOTEN], [NGAYSINH], [MALOP]) VALUES (662, N'Roberta Mckenzie', CAST(N'1991-11-28 12:11:07.220' AS DateTime), N'15CTT1')
INSERT [dbo].[SINHVIEN] ([MASV], [HOTEN], [NGAYSINH], [MALOP]) VALUES (663, N'Sammy Stephenson', CAST(N'1992-09-12 01:28:47.640' AS DateTime), N'13CTT1')
INSERT [dbo].[SINHVIEN] ([MASV], [HOTEN], [NGAYSINH], [MALOP]) VALUES (664, N'Kris Barnes', CAST(N'1980-04-09 16:05:12.680' AS DateTime), N'13CTT3')
INSERT [dbo].[SINHVIEN] ([MASV], [HOTEN], [NGAYSINH], [MALOP]) VALUES (665, N'Charity Gibson', CAST(N'1962-04-04 23:20:40.510' AS DateTime), N'13CTT2')
INSERT [dbo].[SINHVIEN] ([MASV], [HOTEN], [NGAYSINH], [MALOP]) VALUES (666, N'Ian Barnett', CAST(N'1994-11-22 05:57:23.020' AS DateTime), N'13CTT3')
INSERT [dbo].[SINHVIEN] ([MASV], [HOTEN], [NGAYSINH], [MALOP]) VALUES (667, N'Rene Koch', CAST(N'1953-01-24 05:51:07.240' AS DateTime), N'14CTT1')
INSERT [dbo].[SINHVIEN] ([MASV], [HOTEN], [NGAYSINH], [MALOP]) VALUES (668, N'Julia Medina', CAST(N'1995-10-18 16:05:47.640' AS DateTime), N'15CTT3')
INSERT [dbo].[SINHVIEN] ([MASV], [HOTEN], [NGAYSINH], [MALOP]) VALUES (669, N'Salvador Day', CAST(N'1985-07-21 05:01:10.070' AS DateTime), N'14CTT2')
INSERT [dbo].[SINHVIEN] ([MASV], [HOTEN], [NGAYSINH], [MALOP]) VALUES (670, N'Robert Marquez', CAST(N'1961-09-29 20:36:59.610' AS DateTime), N'14CTT1')
INSERT [dbo].[SINHVIEN] ([MASV], [HOTEN], [NGAYSINH], [MALOP]) VALUES (671, N'Dallas Perez', CAST(N'1977-05-04 18:08:45.730' AS DateTime), N'15CTT3')
INSERT [dbo].[SINHVIEN] ([MASV], [HOTEN], [NGAYSINH], [MALOP]) VALUES (672, N'Jeremy Ewing', CAST(N'1985-08-14 06:20:46.260' AS DateTime), N'13CTT3')
INSERT [dbo].[SINHVIEN] ([MASV], [HOTEN], [NGAYSINH], [MALOP]) VALUES (673, N'Patrice Hoover', CAST(N'1980-12-13 04:07:02.520' AS DateTime), N'15CTT2')
INSERT [dbo].[SINHVIEN] ([MASV], [HOTEN], [NGAYSINH], [MALOP]) VALUES (674, N'Raquel Hoffman', CAST(N'1998-10-05 09:27:08.250' AS DateTime), N'14CTT1')
INSERT [dbo].[SINHVIEN] ([MASV], [HOTEN], [NGAYSINH], [MALOP]) VALUES (675, N'Gerard Moon', CAST(N'1977-03-06 02:09:30.400' AS DateTime), N'13CTT2')
INSERT [dbo].[SINHVIEN] ([MASV], [HOTEN], [NGAYSINH], [MALOP]) VALUES (676, N'Tricia Ramirez', CAST(N'2002-04-22 07:33:58.630' AS DateTime), N'13CTT3')
INSERT [dbo].[SINHVIEN] ([MASV], [HOTEN], [NGAYSINH], [MALOP]) VALUES (677, N'Demetrius Richard', CAST(N'1996-12-23 15:52:56.540' AS DateTime), N'14CTT2')
INSERT [dbo].[SINHVIEN] ([MASV], [HOTEN], [NGAYSINH], [MALOP]) VALUES (678, N'Jermaine O''Connell', CAST(N'1953-08-11 10:26:24.960' AS DateTime), N'14CTT2')
INSERT [dbo].[SINHVIEN] ([MASV], [HOTEN], [NGAYSINH], [MALOP]) VALUES (679, N'Karl Benitez', CAST(N'1958-09-25 21:07:06.180' AS DateTime), N'14CTT1')
INSERT [dbo].[SINHVIEN] ([MASV], [HOTEN], [NGAYSINH], [MALOP]) VALUES (680, N'Lewis Stark', CAST(N'1988-06-20 20:53:50.670' AS DateTime), N'14CTT1')
INSERT [dbo].[SINHVIEN] ([MASV], [HOTEN], [NGAYSINH], [MALOP]) VALUES (681, N'Kara Hodge', CAST(N'1997-11-04 11:09:17.160' AS DateTime), N'13CTT1')
INSERT [dbo].[SINHVIEN] ([MASV], [HOTEN], [NGAYSINH], [MALOP]) VALUES (682, N'Tanya Matthews', CAST(N'1992-04-07 12:10:21.380' AS DateTime), N'14CTT2')
INSERT [dbo].[SINHVIEN] ([MASV], [HOTEN], [NGAYSINH], [MALOP]) VALUES (683, N'Jack Zhang', CAST(N'1979-10-23 20:32:57.000' AS DateTime), N'15CTT2')
INSERT [dbo].[SINHVIEN] ([MASV], [HOTEN], [NGAYSINH], [MALOP]) VALUES (684, N'Stephanie Francis', CAST(N'2006-05-02 16:11:13.900' AS DateTime), N'13CTT1')
INSERT [dbo].[SINHVIEN] ([MASV], [HOTEN], [NGAYSINH], [MALOP]) VALUES (685, N'Gary White', NULL, N'14CTT2')
INSERT [dbo].[SINHVIEN] ([MASV], [HOTEN], [NGAYSINH], [MALOP]) VALUES (686, N'Dustin Chambers', CAST(N'1968-02-19 00:13:44.730' AS DateTime), N'13CTT1')
INSERT [dbo].[SINHVIEN] ([MASV], [HOTEN], [NGAYSINH], [MALOP]) VALUES (687, N'Brad Bullock', CAST(N'2005-07-01 18:08:26.480' AS DateTime), N'13CTT2')
INSERT [dbo].[SINHVIEN] ([MASV], [HOTEN], [NGAYSINH], [MALOP]) VALUES (688, N'Marcie Braun', CAST(N'1959-12-21 04:43:39.220' AS DateTime), N'13CTT2')
INSERT [dbo].[SINHVIEN] ([MASV], [HOTEN], [NGAYSINH], [MALOP]) VALUES (689, N'Cody Roberson', CAST(N'1966-07-14 21:00:08.640' AS DateTime), N'14CTT1')
INSERT [dbo].[SINHVIEN] ([MASV], [HOTEN], [NGAYSINH], [MALOP]) VALUES (690, N'Diana Walker', CAST(N'2001-11-13 12:01:18.580' AS DateTime), N'14CTT2')
INSERT [dbo].[SINHVIEN] ([MASV], [HOTEN], [NGAYSINH], [MALOP]) VALUES (691, N'Pete Garza', CAST(N'1980-03-19 09:29:35.870' AS DateTime), NULL)
INSERT [dbo].[SINHVIEN] ([MASV], [HOTEN], [NGAYSINH], [MALOP]) VALUES (692, N'Linda Bush', CAST(N'1970-08-05 19:37:02.840' AS DateTime), N'15CTT1')
INSERT [dbo].[SINHVIEN] ([MASV], [HOTEN], [NGAYSINH], [MALOP]) VALUES (693, N'Angelia Obrien', CAST(N'1985-01-24 11:25:55.020' AS DateTime), N'13CTT1')
INSERT [dbo].[SINHVIEN] ([MASV], [HOTEN], [NGAYSINH], [MALOP]) VALUES (694, N'Hope Tanner', CAST(N'2000-09-23 20:03:01.000' AS DateTime), N'14CTT1')
INSERT [dbo].[SINHVIEN] ([MASV], [HOTEN], [NGAYSINH], [MALOP]) VALUES (695, N'Michele Gates', CAST(N'1957-09-05 02:17:09.510' AS DateTime), N'15CTT3')
INSERT [dbo].[SINHVIEN] ([MASV], [HOTEN], [NGAYSINH], [MALOP]) VALUES (696, N'Theresa Krause', CAST(N'2004-12-31 11:41:11.170' AS DateTime), N'13CTT1')
INSERT [dbo].[SINHVIEN] ([MASV], [HOTEN], [NGAYSINH], [MALOP]) VALUES (697, N'Jaime Schwartz', CAST(N'1960-10-03 17:29:05.800' AS DateTime), N'15CTT1')
INSERT [dbo].[SINHVIEN] ([MASV], [HOTEN], [NGAYSINH], [MALOP]) VALUES (698, N'Marla Pineda', CAST(N'1961-02-20 07:11:31.630' AS DateTime), N'13CTT2')
INSERT [dbo].[SINHVIEN] ([MASV], [HOTEN], [NGAYSINH], [MALOP]) VALUES (699, N'Kendra Mc Carthy', CAST(N'1979-08-17 22:51:06.780' AS DateTime), N'14CTT2')
GO
INSERT [dbo].[SINHVIEN] ([MASV], [HOTEN], [NGAYSINH], [MALOP]) VALUES (700, N'Kerrie Cain', CAST(N'1980-04-02 00:13:55.280' AS DateTime), N'13CTT3')
INSERT [dbo].[SINHVIEN] ([MASV], [HOTEN], [NGAYSINH], [MALOP]) VALUES (701, N'Randolph Carr', CAST(N'2005-09-03 23:25:20.800' AS DateTime), N'13CTT2')
INSERT [dbo].[SINHVIEN] ([MASV], [HOTEN], [NGAYSINH], [MALOP]) VALUES (702, N'Heidi Howard', CAST(N'1986-02-24 23:08:00.880' AS DateTime), N'13CTT2')
INSERT [dbo].[SINHVIEN] ([MASV], [HOTEN], [NGAYSINH], [MALOP]) VALUES (703, N'Susana Owen', CAST(N'1974-02-09 06:45:50.750' AS DateTime), N'14CTT3')
INSERT [dbo].[SINHVIEN] ([MASV], [HOTEN], [NGAYSINH], [MALOP]) VALUES (704, N'Sammy Allison', CAST(N'1972-07-02 07:03:55.240' AS DateTime), N'14CTT3')
INSERT [dbo].[SINHVIEN] ([MASV], [HOTEN], [NGAYSINH], [MALOP]) VALUES (705, N'Mike Salinas', CAST(N'1993-10-16 07:45:54.640' AS DateTime), N'13CTT3')
INSERT [dbo].[SINHVIEN] ([MASV], [HOTEN], [NGAYSINH], [MALOP]) VALUES (706, N'Rachael Arellano', CAST(N'1956-04-15 15:16:50.700' AS DateTime), N'13CTT1')
INSERT [dbo].[SINHVIEN] ([MASV], [HOTEN], [NGAYSINH], [MALOP]) VALUES (707, N'Marvin Cisneros', CAST(N'1980-10-11 08:41:56.350' AS DateTime), N'15CTT1')
INSERT [dbo].[SINHVIEN] ([MASV], [HOTEN], [NGAYSINH], [MALOP]) VALUES (708, N'Nancy Khan', CAST(N'1998-05-14 18:53:18.880' AS DateTime), N'14CTT1')
INSERT [dbo].[SINHVIEN] ([MASV], [HOTEN], [NGAYSINH], [MALOP]) VALUES (709, N'Brenda Stephens', CAST(N'1998-08-23 00:26:36.260' AS DateTime), N'13CTT3')
INSERT [dbo].[SINHVIEN] ([MASV], [HOTEN], [NGAYSINH], [MALOP]) VALUES (710, N'Kristy Bruce', CAST(N'1973-11-22 01:36:10.340' AS DateTime), N'14CTT1')
INSERT [dbo].[SINHVIEN] ([MASV], [HOTEN], [NGAYSINH], [MALOP]) VALUES (711, N'Heather Ortiz', CAST(N'1994-10-26 17:26:31.420' AS DateTime), N'14CTT1')
INSERT [dbo].[SINHVIEN] ([MASV], [HOTEN], [NGAYSINH], [MALOP]) VALUES (712, N'Nicole Meadows', CAST(N'1973-05-09 00:32:08.450' AS DateTime), N'13CTT1')
INSERT [dbo].[SINHVIEN] ([MASV], [HOTEN], [NGAYSINH], [MALOP]) VALUES (713, N'Angelia Soto', CAST(N'1972-01-18 20:22:01.480' AS DateTime), N'14CTT1')
INSERT [dbo].[SINHVIEN] ([MASV], [HOTEN], [NGAYSINH], [MALOP]) VALUES (714, N'Deanna Gordon', CAST(N'1961-01-24 07:11:01.280' AS DateTime), N'13CTT3')
INSERT [dbo].[SINHVIEN] ([MASV], [HOTEN], [NGAYSINH], [MALOP]) VALUES (715, N'Sherry Gallagher', CAST(N'1954-08-26 16:36:18.320' AS DateTime), N'15CTT3')
INSERT [dbo].[SINHVIEN] ([MASV], [HOTEN], [NGAYSINH], [MALOP]) VALUES (716, N'Norma Bartlett', CAST(N'2000-06-10 03:32:50.840' AS DateTime), N'15CTT1')
INSERT [dbo].[SINHVIEN] ([MASV], [HOTEN], [NGAYSINH], [MALOP]) VALUES (717, N'Wade Poole', CAST(N'1960-08-09 22:23:32.260' AS DateTime), N'13CTT1')
INSERT [dbo].[SINHVIEN] ([MASV], [HOTEN], [NGAYSINH], [MALOP]) VALUES (718, N'Kelly Noble', CAST(N'1965-02-05 15:38:10.220' AS DateTime), N'13CTT3')
INSERT [dbo].[SINHVIEN] ([MASV], [HOTEN], [NGAYSINH], [MALOP]) VALUES (719, N'Serena Hendrix', CAST(N'1994-05-12 09:17:33.750' AS DateTime), N'13CTT3')
INSERT [dbo].[SINHVIEN] ([MASV], [HOTEN], [NGAYSINH], [MALOP]) VALUES (720, N'Kristie Hahn', CAST(N'1965-02-20 15:51:27.940' AS DateTime), N'14CTT1')
INSERT [dbo].[SINHVIEN] ([MASV], [HOTEN], [NGAYSINH], [MALOP]) VALUES (721, N'Carol Figueroa', CAST(N'1964-10-03 05:12:14.040' AS DateTime), N'14CTT1')
INSERT [dbo].[SINHVIEN] ([MASV], [HOTEN], [NGAYSINH], [MALOP]) VALUES (722, N'Brandy Roach', CAST(N'1987-12-04 01:13:43.800' AS DateTime), N'14CTT1')
INSERT [dbo].[SINHVIEN] ([MASV], [HOTEN], [NGAYSINH], [MALOP]) VALUES (723, N'Kareem Mc Connell', CAST(N'1994-07-12 08:50:58.610' AS DateTime), N'13CTT3')
INSERT [dbo].[SINHVIEN] ([MASV], [HOTEN], [NGAYSINH], [MALOP]) VALUES (724, N'Lynette Carey', CAST(N'2001-12-04 04:04:29.060' AS DateTime), N'14CTT1')
INSERT [dbo].[SINHVIEN] ([MASV], [HOTEN], [NGAYSINH], [MALOP]) VALUES (725, N'Cary Hurley', CAST(N'1958-05-04 19:31:34.190' AS DateTime), N'15CTT2')
INSERT [dbo].[SINHVIEN] ([MASV], [HOTEN], [NGAYSINH], [MALOP]) VALUES (726, N'Sheila Vega', CAST(N'1999-02-24 00:59:56.770' AS DateTime), N'13CTT3')
INSERT [dbo].[SINHVIEN] ([MASV], [HOTEN], [NGAYSINH], [MALOP]) VALUES (727, N'Benny Monroe', CAST(N'2000-04-09 06:42:50.710' AS DateTime), N'13CTT1')
INSERT [dbo].[SINHVIEN] ([MASV], [HOTEN], [NGAYSINH], [MALOP]) VALUES (728, N'Shonda Stephenson', CAST(N'1992-11-19 10:17:45.270' AS DateTime), N'15CTT2')
INSERT [dbo].[SINHVIEN] ([MASV], [HOTEN], [NGAYSINH], [MALOP]) VALUES (729, N'Thomas Washington', CAST(N'1976-04-10 01:49:53.010' AS DateTime), N'15CTT3')
INSERT [dbo].[SINHVIEN] ([MASV], [HOTEN], [NGAYSINH], [MALOP]) VALUES (730, N'Nakia Barnett', CAST(N'2001-10-03 21:45:57.090' AS DateTime), N'14CTT3')
INSERT [dbo].[SINHVIEN] ([MASV], [HOTEN], [NGAYSINH], [MALOP]) VALUES (731, N'Joan Goodman', CAST(N'1969-06-03 08:40:24.600' AS DateTime), N'15CTT2')
INSERT [dbo].[SINHVIEN] ([MASV], [HOTEN], [NGAYSINH], [MALOP]) VALUES (732, N'Bart Mcpherson', CAST(N'1994-03-03 00:22:26.990' AS DateTime), N'15CTT1')
INSERT [dbo].[SINHVIEN] ([MASV], [HOTEN], [NGAYSINH], [MALOP]) VALUES (733, N'Blanca Bell', CAST(N'1970-05-09 17:01:49.760' AS DateTime), N'14CTT2')
INSERT [dbo].[SINHVIEN] ([MASV], [HOTEN], [NGAYSINH], [MALOP]) VALUES (734, N'Jamie Graves', CAST(N'1981-05-10 10:12:29.690' AS DateTime), N'14CTT2')
INSERT [dbo].[SINHVIEN] ([MASV], [HOTEN], [NGAYSINH], [MALOP]) VALUES (735, N'Tyrone Lucero', CAST(N'1961-01-20 21:41:45.390' AS DateTime), N'15CTT2')
INSERT [dbo].[SINHVIEN] ([MASV], [HOTEN], [NGAYSINH], [MALOP]) VALUES (736, N'Brandi Suarez', CAST(N'1955-04-27 21:45:49.790' AS DateTime), N'14CTT1')
INSERT [dbo].[SINHVIEN] ([MASV], [HOTEN], [NGAYSINH], [MALOP]) VALUES (737, N'Luis James', CAST(N'1976-09-26 04:23:26.410' AS DateTime), N'13CTT1')
INSERT [dbo].[SINHVIEN] ([MASV], [HOTEN], [NGAYSINH], [MALOP]) VALUES (738, N'Travis Skinner', CAST(N'1972-10-07 05:06:26.140' AS DateTime), N'14CTT2')
INSERT [dbo].[SINHVIEN] ([MASV], [HOTEN], [NGAYSINH], [MALOP]) VALUES (739, N'Lora Drake', CAST(N'1994-01-06 12:47:02.360' AS DateTime), N'14CTT3')
INSERT [dbo].[SINHVIEN] ([MASV], [HOTEN], [NGAYSINH], [MALOP]) VALUES (740, N'Katie Li', CAST(N'2003-01-18 00:54:23.190' AS DateTime), N'15CTT1')
INSERT [dbo].[SINHVIEN] ([MASV], [HOTEN], [NGAYSINH], [MALOP]) VALUES (741, N'Adrienne Moran', CAST(N'1995-05-09 15:31:48.390' AS DateTime), N'13CTT1')
INSERT [dbo].[SINHVIEN] ([MASV], [HOTEN], [NGAYSINH], [MALOP]) VALUES (742, N'Alexander Townsend', CAST(N'1960-02-18 23:15:07.590' AS DateTime), N'15CTT1')
INSERT [dbo].[SINHVIEN] ([MASV], [HOTEN], [NGAYSINH], [MALOP]) VALUES (743, N'Ericka Romero', CAST(N'1969-04-29 04:17:02.970' AS DateTime), N'14CTT2')
INSERT [dbo].[SINHVIEN] ([MASV], [HOTEN], [NGAYSINH], [MALOP]) VALUES (744, N'Tisha Mckay', CAST(N'2000-08-21 19:23:58.300' AS DateTime), N'13CTT1')
INSERT [dbo].[SINHVIEN] ([MASV], [HOTEN], [NGAYSINH], [MALOP]) VALUES (745, N'Damian Rosales', CAST(N'1960-01-19 18:34:47.160' AS DateTime), N'14CTT1')
INSERT [dbo].[SINHVIEN] ([MASV], [HOTEN], [NGAYSINH], [MALOP]) VALUES (746, N'Tim Lawrence', CAST(N'1959-11-12 08:57:27.410' AS DateTime), N'13CTT1')
INSERT [dbo].[SINHVIEN] ([MASV], [HOTEN], [NGAYSINH], [MALOP]) VALUES (747, N'Jess Robles', CAST(N'2006-07-17 23:15:01.370' AS DateTime), N'13CTT1')
INSERT [dbo].[SINHVIEN] ([MASV], [HOTEN], [NGAYSINH], [MALOP]) VALUES (748, N'Latasha Walsh', CAST(N'1977-01-01 04:14:53.730' AS DateTime), N'13CTT2')
INSERT [dbo].[SINHVIEN] ([MASV], [HOTEN], [NGAYSINH], [MALOP]) VALUES (749, N'Leticia Campos', CAST(N'1999-01-30 03:26:42.670' AS DateTime), N'15CTT3')
INSERT [dbo].[SINHVIEN] ([MASV], [HOTEN], [NGAYSINH], [MALOP]) VALUES (750, N'Mitchell Durham', CAST(N'1965-03-26 22:44:18.670' AS DateTime), N'13CTT3')
INSERT [dbo].[SINHVIEN] ([MASV], [HOTEN], [NGAYSINH], [MALOP]) VALUES (751, N'Demetrius Kemp', CAST(N'1997-05-24 13:17:38.900' AS DateTime), N'13CTT1')
INSERT [dbo].[SINHVIEN] ([MASV], [HOTEN], [NGAYSINH], [MALOP]) VALUES (752, N'Candy Suarez', CAST(N'2003-08-28 01:50:55.590' AS DateTime), N'15CTT1')
INSERT [dbo].[SINHVIEN] ([MASV], [HOTEN], [NGAYSINH], [MALOP]) VALUES (753, N'Mason Serrano', CAST(N'1974-10-10 21:53:57.890' AS DateTime), N'13CTT1')
INSERT [dbo].[SINHVIEN] ([MASV], [HOTEN], [NGAYSINH], [MALOP]) VALUES (754, N'Leonard Le', CAST(N'1967-06-28 06:59:38.830' AS DateTime), N'15CTT3')
INSERT [dbo].[SINHVIEN] ([MASV], [HOTEN], [NGAYSINH], [MALOP]) VALUES (755, N'Drew Branch', CAST(N'1968-06-30 19:01:41.230' AS DateTime), N'15CTT2')
INSERT [dbo].[SINHVIEN] ([MASV], [HOTEN], [NGAYSINH], [MALOP]) VALUES (756, N'Moses Olsen', CAST(N'1970-10-02 22:11:36.990' AS DateTime), N'15CTT1')
INSERT [dbo].[SINHVIEN] ([MASV], [HOTEN], [NGAYSINH], [MALOP]) VALUES (757, N'Wallace Jacobs', CAST(N'1999-08-15 14:17:02.280' AS DateTime), N'14CTT2')
INSERT [dbo].[SINHVIEN] ([MASV], [HOTEN], [NGAYSINH], [MALOP]) VALUES (758, N'Sheryl Watkins', CAST(N'1980-03-07 02:41:21.690' AS DateTime), N'13CTT2')
INSERT [dbo].[SINHVIEN] ([MASV], [HOTEN], [NGAYSINH], [MALOP]) VALUES (759, N'Dan Donaldson', CAST(N'1967-03-01 11:32:21.050' AS DateTime), N'14CTT1')
INSERT [dbo].[SINHVIEN] ([MASV], [HOTEN], [NGAYSINH], [MALOP]) VALUES (760, N'Barbara Bernard', CAST(N'2002-08-22 06:45:57.880' AS DateTime), N'13CTT1')
INSERT [dbo].[SINHVIEN] ([MASV], [HOTEN], [NGAYSINH], [MALOP]) VALUES (761, N'Cynthia O''Neill', CAST(N'1964-01-06 08:33:59.990' AS DateTime), N'15CTT3')
INSERT [dbo].[SINHVIEN] ([MASV], [HOTEN], [NGAYSINH], [MALOP]) VALUES (762, N'Tracy Shea', CAST(N'1995-11-21 22:24:11.090' AS DateTime), N'15CTT3')
INSERT [dbo].[SINHVIEN] ([MASV], [HOTEN], [NGAYSINH], [MALOP]) VALUES (763, N'Jess Sanders', CAST(N'1975-02-04 17:03:25.870' AS DateTime), N'13CTT3')
INSERT [dbo].[SINHVIEN] ([MASV], [HOTEN], [NGAYSINH], [MALOP]) VALUES (764, N'Doris Waller', CAST(N'2004-11-18 02:40:39.170' AS DateTime), N'14CTT2')
INSERT [dbo].[SINHVIEN] ([MASV], [HOTEN], [NGAYSINH], [MALOP]) VALUES (765, N'Claudia Brennan', CAST(N'1957-06-21 16:55:45.740' AS DateTime), N'13CTT3')
INSERT [dbo].[SINHVIEN] ([MASV], [HOTEN], [NGAYSINH], [MALOP]) VALUES (766, N'Marlene Miles', CAST(N'1953-08-26 17:04:04.420' AS DateTime), N'15CTT1')
INSERT [dbo].[SINHVIEN] ([MASV], [HOTEN], [NGAYSINH], [MALOP]) VALUES (767, N'Jack Fernandez', CAST(N'1956-01-01 07:30:18.690' AS DateTime), N'15CTT3')
INSERT [dbo].[SINHVIEN] ([MASV], [HOTEN], [NGAYSINH], [MALOP]) VALUES (768, N'Bridget Li', CAST(N'1998-09-09 10:09:31.800' AS DateTime), N'15CTT2')
INSERT [dbo].[SINHVIEN] ([MASV], [HOTEN], [NGAYSINH], [MALOP]) VALUES (769, N'Saul Church', CAST(N'1953-01-04 09:29:15.890' AS DateTime), N'15CTT3')
INSERT [dbo].[SINHVIEN] ([MASV], [HOTEN], [NGAYSINH], [MALOP]) VALUES (770, N'Edith Preston', CAST(N'2007-04-30 18:50:28.540' AS DateTime), N'14CTT2')
INSERT [dbo].[SINHVIEN] ([MASV], [HOTEN], [NGAYSINH], [MALOP]) VALUES (771, N'Ericka Mccann', CAST(N'1976-09-14 23:09:24.420' AS DateTime), N'15CTT1')
INSERT [dbo].[SINHVIEN] ([MASV], [HOTEN], [NGAYSINH], [MALOP]) VALUES (772, N'Joshua Hill', CAST(N'1995-11-02 17:17:06.130' AS DateTime), N'15CTT3')
INSERT [dbo].[SINHVIEN] ([MASV], [HOTEN], [NGAYSINH], [MALOP]) VALUES (773, N'Betty Obrien', CAST(N'1979-01-30 02:51:07.860' AS DateTime), N'14CTT1')
INSERT [dbo].[SINHVIEN] ([MASV], [HOTEN], [NGAYSINH], [MALOP]) VALUES (774, N'Marisol Hatfield', CAST(N'1999-04-24 08:23:10.560' AS DateTime), N'14CTT3')
INSERT [dbo].[SINHVIEN] ([MASV], [HOTEN], [NGAYSINH], [MALOP]) VALUES (775, N'Timmy Anderson', CAST(N'1977-10-14 00:19:39.560' AS DateTime), N'13CTT1')
INSERT [dbo].[SINHVIEN] ([MASV], [HOTEN], [NGAYSINH], [MALOP]) VALUES (776, N'Roy Stone', CAST(N'1957-08-16 05:57:06.450' AS DateTime), N'15CTT2')
INSERT [dbo].[SINHVIEN] ([MASV], [HOTEN], [NGAYSINH], [MALOP]) VALUES (777, N'Frances Duffy', CAST(N'1971-08-07 20:56:40.830' AS DateTime), N'15CTT2')
INSERT [dbo].[SINHVIEN] ([MASV], [HOTEN], [NGAYSINH], [MALOP]) VALUES (778, N'Keri Barron', CAST(N'2001-11-19 13:27:00.310' AS DateTime), N'14CTT1')
INSERT [dbo].[SINHVIEN] ([MASV], [HOTEN], [NGAYSINH], [MALOP]) VALUES (779, N'Trenton Riddle', CAST(N'1994-11-16 09:29:41.900' AS DateTime), N'15CTT3')
INSERT [dbo].[SINHVIEN] ([MASV], [HOTEN], [NGAYSINH], [MALOP]) VALUES (780, N'Catherine Curry', CAST(N'2006-06-22 10:34:06.780' AS DateTime), N'13CTT2')
INSERT [dbo].[SINHVIEN] ([MASV], [HOTEN], [NGAYSINH], [MALOP]) VALUES (781, N'Howard Harris', CAST(N'2000-08-08 01:44:55.410' AS DateTime), N'13CTT2')
INSERT [dbo].[SINHVIEN] ([MASV], [HOTEN], [NGAYSINH], [MALOP]) VALUES (782, N'Gwendolyn Moore', CAST(N'1976-04-09 02:27:56.980' AS DateTime), N'14CTT1')
INSERT [dbo].[SINHVIEN] ([MASV], [HOTEN], [NGAYSINH], [MALOP]) VALUES (783, N'Rogelio Houston', CAST(N'2001-10-20 06:51:02.600' AS DateTime), N'14CTT2')
INSERT [dbo].[SINHVIEN] ([MASV], [HOTEN], [NGAYSINH], [MALOP]) VALUES (784, N'Felix Ramirez', CAST(N'1964-01-16 03:05:34.330' AS DateTime), N'15CTT1')
INSERT [dbo].[SINHVIEN] ([MASV], [HOTEN], [NGAYSINH], [MALOP]) VALUES (785, N'Thomas Huff', CAST(N'1957-05-13 08:28:18.180' AS DateTime), N'15CTT2')
INSERT [dbo].[SINHVIEN] ([MASV], [HOTEN], [NGAYSINH], [MALOP]) VALUES (786, N'Miranda Gay', CAST(N'1973-10-06 06:49:29.020' AS DateTime), N'13CTT3')
INSERT [dbo].[SINHVIEN] ([MASV], [HOTEN], [NGAYSINH], [MALOP]) VALUES (787, N'Edward Williams', CAST(N'1972-05-24 02:28:29.100' AS DateTime), N'15CTT1')
INSERT [dbo].[SINHVIEN] ([MASV], [HOTEN], [NGAYSINH], [MALOP]) VALUES (788, N'Jerome Haley', CAST(N'1955-11-13 10:02:10.930' AS DateTime), N'13CTT2')
INSERT [dbo].[SINHVIEN] ([MASV], [HOTEN], [NGAYSINH], [MALOP]) VALUES (789, N'Derek Bates', CAST(N'1965-11-10 15:10:48.450' AS DateTime), N'15CTT2')
INSERT [dbo].[SINHVIEN] ([MASV], [HOTEN], [NGAYSINH], [MALOP]) VALUES (790, N'Peter Downs', CAST(N'1998-04-19 23:30:08.400' AS DateTime), N'14CTT1')
INSERT [dbo].[SINHVIEN] ([MASV], [HOTEN], [NGAYSINH], [MALOP]) VALUES (791, N'Gabriel Cain', CAST(N'1963-09-12 07:28:47.520' AS DateTime), N'15CTT2')
INSERT [dbo].[SINHVIEN] ([MASV], [HOTEN], [NGAYSINH], [MALOP]) VALUES (792, N'Monique Valentine', CAST(N'2004-07-21 01:42:04.730' AS DateTime), N'15CTT3')
INSERT [dbo].[SINHVIEN] ([MASV], [HOTEN], [NGAYSINH], [MALOP]) VALUES (793, N'Jeanne Page', CAST(N'1958-08-09 17:34:05.080' AS DateTime), N'13CTT3')
INSERT [dbo].[SINHVIEN] ([MASV], [HOTEN], [NGAYSINH], [MALOP]) VALUES (794, N'Leigh Cuevas', CAST(N'1999-05-17 06:01:04.490' AS DateTime), N'15CTT2')
INSERT [dbo].[SINHVIEN] ([MASV], [HOTEN], [NGAYSINH], [MALOP]) VALUES (795, N'Miguel Roth', CAST(N'1992-01-13 16:20:23.190' AS DateTime), N'13CTT1')
INSERT [dbo].[SINHVIEN] ([MASV], [HOTEN], [NGAYSINH], [MALOP]) VALUES (796, N'Paige Malone', CAST(N'2007-06-17 17:07:37.300' AS DateTime), N'13CTT2')
INSERT [dbo].[SINHVIEN] ([MASV], [HOTEN], [NGAYSINH], [MALOP]) VALUES (797, N'Gustavo Nicholson', CAST(N'1993-01-13 06:11:41.730' AS DateTime), N'13CTT1')
INSERT [dbo].[SINHVIEN] ([MASV], [HOTEN], [NGAYSINH], [MALOP]) VALUES (798, N'Leigh Duncan', CAST(N'1972-06-10 01:36:23.800' AS DateTime), N'15CTT1')
INSERT [dbo].[SINHVIEN] ([MASV], [HOTEN], [NGAYSINH], [MALOP]) VALUES (799, N'Dora Fernandez', CAST(N'1996-03-03 02:28:12.560' AS DateTime), N'13CTT1')
GO
INSERT [dbo].[SINHVIEN] ([MASV], [HOTEN], [NGAYSINH], [MALOP]) VALUES (800, N'Trisha Marshall', CAST(N'1959-05-27 01:30:42.730' AS DateTime), N'15CTT1')
INSERT [dbo].[SINHVIEN] ([MASV], [HOTEN], [NGAYSINH], [MALOP]) VALUES (801, N'Forrest Archer', CAST(N'1956-11-12 01:27:08.720' AS DateTime), N'14CTT3')
INSERT [dbo].[SINHVIEN] ([MASV], [HOTEN], [NGAYSINH], [MALOP]) VALUES (802, N'Leonard Dodson', CAST(N'1960-11-08 13:05:29.570' AS DateTime), N'14CTT1')
INSERT [dbo].[SINHVIEN] ([MASV], [HOTEN], [NGAYSINH], [MALOP]) VALUES (803, N'Jess Farmer', CAST(N'1976-12-28 18:45:37.840' AS DateTime), NULL)
INSERT [dbo].[SINHVIEN] ([MASV], [HOTEN], [NGAYSINH], [MALOP]) VALUES (804, N'Brandon Bartlett', CAST(N'1999-10-01 08:36:14.140' AS DateTime), N'14CTT3')
INSERT [dbo].[SINHVIEN] ([MASV], [HOTEN], [NGAYSINH], [MALOP]) VALUES (805, N'Guy Morales', CAST(N'1996-07-10 23:34:54.260' AS DateTime), N'15CTT1')
INSERT [dbo].[SINHVIEN] ([MASV], [HOTEN], [NGAYSINH], [MALOP]) VALUES (806, N'Jeanne Howard', CAST(N'1954-07-23 20:00:32.770' AS DateTime), N'15CTT2')
INSERT [dbo].[SINHVIEN] ([MASV], [HOTEN], [NGAYSINH], [MALOP]) VALUES (807, N'Carol Cain', CAST(N'1977-07-29 22:59:47.720' AS DateTime), N'13CTT2')
INSERT [dbo].[SINHVIEN] ([MASV], [HOTEN], [NGAYSINH], [MALOP]) VALUES (808, N'Douglas Bass', CAST(N'1983-06-18 13:30:47.330' AS DateTime), N'13CTT2')
INSERT [dbo].[SINHVIEN] ([MASV], [HOTEN], [NGAYSINH], [MALOP]) VALUES (809, N'Kirsten English', CAST(N'1997-09-13 06:39:59.270' AS DateTime), N'15CTT3')
INSERT [dbo].[SINHVIEN] ([MASV], [HOTEN], [NGAYSINH], [MALOP]) VALUES (810, N'Jessie Russell', CAST(N'1963-11-16 13:04:34.780' AS DateTime), N'13CTT1')
INSERT [dbo].[SINHVIEN] ([MASV], [HOTEN], [NGAYSINH], [MALOP]) VALUES (811, N'Keri Santana', CAST(N'2007-02-25 01:14:56.170' AS DateTime), N'14CTT3')
INSERT [dbo].[SINHVIEN] ([MASV], [HOTEN], [NGAYSINH], [MALOP]) VALUES (812, N'Matt Lara', CAST(N'2005-09-25 00:50:01.980' AS DateTime), N'13CTT3')
INSERT [dbo].[SINHVIEN] ([MASV], [HOTEN], [NGAYSINH], [MALOP]) VALUES (813, N'Staci Figueroa', CAST(N'1993-04-20 17:11:39.790' AS DateTime), N'14CTT1')
INSERT [dbo].[SINHVIEN] ([MASV], [HOTEN], [NGAYSINH], [MALOP]) VALUES (814, N'Ismael Fischer', CAST(N'1968-09-08 00:58:14.270' AS DateTime), N'14CTT1')
INSERT [dbo].[SINHVIEN] ([MASV], [HOTEN], [NGAYSINH], [MALOP]) VALUES (815, N'Jaime Gallagher', CAST(N'1955-01-15 05:01:02.460' AS DateTime), N'15CTT2')
INSERT [dbo].[SINHVIEN] ([MASV], [HOTEN], [NGAYSINH], [MALOP]) VALUES (816, N'Tiffany Schultz', CAST(N'1995-09-28 06:06:03.020' AS DateTime), N'14CTT1')
INSERT [dbo].[SINHVIEN] ([MASV], [HOTEN], [NGAYSINH], [MALOP]) VALUES (817, N'Theresa Herrera', CAST(N'2002-01-31 15:33:08.500' AS DateTime), N'14CTT3')
INSERT [dbo].[SINHVIEN] ([MASV], [HOTEN], [NGAYSINH], [MALOP]) VALUES (818, N'Levi Wells', CAST(N'1964-01-21 13:57:51.530' AS DateTime), N'13CTT1')
INSERT [dbo].[SINHVIEN] ([MASV], [HOTEN], [NGAYSINH], [MALOP]) VALUES (819, N'Marcus Johns', CAST(N'2000-07-08 18:12:20.990' AS DateTime), N'13CTT3')
INSERT [dbo].[SINHVIEN] ([MASV], [HOTEN], [NGAYSINH], [MALOP]) VALUES (820, N'Leon Crosby', CAST(N'1991-09-15 10:06:16.720' AS DateTime), N'15CTT3')
INSERT [dbo].[SINHVIEN] ([MASV], [HOTEN], [NGAYSINH], [MALOP]) VALUES (821, N'Tommy Yu', CAST(N'1989-04-03 14:35:35.330' AS DateTime), N'14CTT3')
INSERT [dbo].[SINHVIEN] ([MASV], [HOTEN], [NGAYSINH], [MALOP]) VALUES (822, N'Tricia Alvarez', CAST(N'1953-02-18 21:28:07.750' AS DateTime), N'13CTT1')
INSERT [dbo].[SINHVIEN] ([MASV], [HOTEN], [NGAYSINH], [MALOP]) VALUES (823, N'Bruce Price', CAST(N'1985-10-30 18:58:43.340' AS DateTime), N'13CTT3')
INSERT [dbo].[SINHVIEN] ([MASV], [HOTEN], [NGAYSINH], [MALOP]) VALUES (824, N'Aisha Waller', CAST(N'1962-09-16 09:59:07.490' AS DateTime), N'15CTT3')
INSERT [dbo].[SINHVIEN] ([MASV], [HOTEN], [NGAYSINH], [MALOP]) VALUES (825, N'Sally Evans', CAST(N'1996-08-19 11:21:41.010' AS DateTime), N'15CTT2')
INSERT [dbo].[SINHVIEN] ([MASV], [HOTEN], [NGAYSINH], [MALOP]) VALUES (826, N'Carla Huang', CAST(N'1980-02-24 21:27:19.690' AS DateTime), N'15CTT2')
INSERT [dbo].[SINHVIEN] ([MASV], [HOTEN], [NGAYSINH], [MALOP]) VALUES (827, N'Clifton Pham', CAST(N'1990-03-26 23:43:01.040' AS DateTime), N'15CTT3')
INSERT [dbo].[SINHVIEN] ([MASV], [HOTEN], [NGAYSINH], [MALOP]) VALUES (828, N'Jimmie Hahn', CAST(N'1987-09-14 20:50:03.370' AS DateTime), N'13CTT2')
INSERT [dbo].[SINHVIEN] ([MASV], [HOTEN], [NGAYSINH], [MALOP]) VALUES (829, N'Lloyd Wolf', CAST(N'1960-04-11 16:02:47.360' AS DateTime), N'13CTT3')
INSERT [dbo].[SINHVIEN] ([MASV], [HOTEN], [NGAYSINH], [MALOP]) VALUES (830, N'Faith Frederick', CAST(N'1978-04-28 07:12:02.260' AS DateTime), N'13CTT1')
INSERT [dbo].[SINHVIEN] ([MASV], [HOTEN], [NGAYSINH], [MALOP]) VALUES (831, N'Lewis Randolph', CAST(N'1972-08-01 23:45:24.720' AS DateTime), N'13CTT3')
INSERT [dbo].[SINHVIEN] ([MASV], [HOTEN], [NGAYSINH], [MALOP]) VALUES (832, N'Arnold Gillespie', CAST(N'2007-02-26 19:20:17.040' AS DateTime), N'13CTT2')
INSERT [dbo].[SINHVIEN] ([MASV], [HOTEN], [NGAYSINH], [MALOP]) VALUES (833, N'Anne Holder', CAST(N'1958-09-19 10:58:47.740' AS DateTime), N'15CTT3')
INSERT [dbo].[SINHVIEN] ([MASV], [HOTEN], [NGAYSINH], [MALOP]) VALUES (834, N'Wendy Lang', CAST(N'1988-06-23 07:58:59.170' AS DateTime), N'15CTT3')
INSERT [dbo].[SINHVIEN] ([MASV], [HOTEN], [NGAYSINH], [MALOP]) VALUES (835, N'Ruby Hawkins', CAST(N'2002-08-11 09:06:58.050' AS DateTime), N'14CTT1')
INSERT [dbo].[SINHVIEN] ([MASV], [HOTEN], [NGAYSINH], [MALOP]) VALUES (836, N'Cameron Moyer', CAST(N'1992-09-30 12:39:25.830' AS DateTime), N'14CTT3')
INSERT [dbo].[SINHVIEN] ([MASV], [HOTEN], [NGAYSINH], [MALOP]) VALUES (837, N'Clarence Branch', CAST(N'2007-04-11 07:42:19.150' AS DateTime), N'13CTT2')
INSERT [dbo].[SINHVIEN] ([MASV], [HOTEN], [NGAYSINH], [MALOP]) VALUES (838, N'Trent Price', CAST(N'1955-01-20 22:14:48.460' AS DateTime), N'15CTT1')
INSERT [dbo].[SINHVIEN] ([MASV], [HOTEN], [NGAYSINH], [MALOP]) VALUES (839, N'Roger Snow', CAST(N'1975-07-07 03:30:40.080' AS DateTime), N'13CTT2')
INSERT [dbo].[SINHVIEN] ([MASV], [HOTEN], [NGAYSINH], [MALOP]) VALUES (840, N'Anthony Barker', CAST(N'1955-10-22 12:27:45.400' AS DateTime), N'15CTT1')
INSERT [dbo].[SINHVIEN] ([MASV], [HOTEN], [NGAYSINH], [MALOP]) VALUES (841, N'Raquel Walter', CAST(N'2004-03-08 07:49:41.300' AS DateTime), N'15CTT2')
INSERT [dbo].[SINHVIEN] ([MASV], [HOTEN], [NGAYSINH], [MALOP]) VALUES (842, N'Chad Bush', CAST(N'1996-12-05 12:57:41.770' AS DateTime), N'14CTT1')
INSERT [dbo].[SINHVIEN] ([MASV], [HOTEN], [NGAYSINH], [MALOP]) VALUES (843, N'Ronda Reilly', CAST(N'1966-03-01 03:22:11.660' AS DateTime), N'14CTT3')
INSERT [dbo].[SINHVIEN] ([MASV], [HOTEN], [NGAYSINH], [MALOP]) VALUES (844, N'Cecilia Duncan', CAST(N'1954-12-27 02:06:13.660' AS DateTime), N'14CTT2')
INSERT [dbo].[SINHVIEN] ([MASV], [HOTEN], [NGAYSINH], [MALOP]) VALUES (845, N'Damian Nash', CAST(N'1999-02-22 22:15:12.230' AS DateTime), N'15CTT2')
INSERT [dbo].[SINHVIEN] ([MASV], [HOTEN], [NGAYSINH], [MALOP]) VALUES (846, N'Maggie Stone', CAST(N'1965-12-17 06:38:45.550' AS DateTime), N'13CTT1')
INSERT [dbo].[SINHVIEN] ([MASV], [HOTEN], [NGAYSINH], [MALOP]) VALUES (847, N'Christi Best', CAST(N'1964-04-02 08:30:24.940' AS DateTime), N'15CTT1')
INSERT [dbo].[SINHVIEN] ([MASV], [HOTEN], [NGAYSINH], [MALOP]) VALUES (848, N'Telly Fletcher', CAST(N'1997-11-30 16:35:50.820' AS DateTime), N'13CTT3')
INSERT [dbo].[SINHVIEN] ([MASV], [HOTEN], [NGAYSINH], [MALOP]) VALUES (849, N'Nathan Roberts', CAST(N'1997-05-03 01:00:02.020' AS DateTime), N'14CTT3')
INSERT [dbo].[SINHVIEN] ([MASV], [HOTEN], [NGAYSINH], [MALOP]) VALUES (850, N'Fredrick Lowe', CAST(N'2004-04-16 10:14:20.180' AS DateTime), N'13CTT2')
INSERT [dbo].[SINHVIEN] ([MASV], [HOTEN], [NGAYSINH], [MALOP]) VALUES (851, N'Noah Weber', CAST(N'1958-05-18 01:34:28.800' AS DateTime), N'13CTT2')
INSERT [dbo].[SINHVIEN] ([MASV], [HOTEN], [NGAYSINH], [MALOP]) VALUES (852, N'Brett Lopez', CAST(N'1981-12-24 16:13:50.190' AS DateTime), N'15CTT3')
INSERT [dbo].[SINHVIEN] ([MASV], [HOTEN], [NGAYSINH], [MALOP]) VALUES (853, N'Tracie Mays', CAST(N'1979-12-02 07:24:02.810' AS DateTime), N'14CTT1')
INSERT [dbo].[SINHVIEN] ([MASV], [HOTEN], [NGAYSINH], [MALOP]) VALUES (854, N'Lorena Cannon', CAST(N'1957-06-19 16:21:55.840' AS DateTime), N'14CTT2')
INSERT [dbo].[SINHVIEN] ([MASV], [HOTEN], [NGAYSINH], [MALOP]) VALUES (855, N'Shari Myers', CAST(N'1978-02-21 10:55:07.400' AS DateTime), N'13CTT3')
INSERT [dbo].[SINHVIEN] ([MASV], [HOTEN], [NGAYSINH], [MALOP]) VALUES (856, N'Donnie Schroeder', CAST(N'1956-09-24 03:59:00.970' AS DateTime), N'15CTT3')
INSERT [dbo].[SINHVIEN] ([MASV], [HOTEN], [NGAYSINH], [MALOP]) VALUES (857, N'Anthony Jordan', CAST(N'1983-01-08 18:06:46.230' AS DateTime), N'15CTT1')
INSERT [dbo].[SINHVIEN] ([MASV], [HOTEN], [NGAYSINH], [MALOP]) VALUES (858, N'Frankie Larson', CAST(N'1967-04-15 08:46:30.340' AS DateTime), N'13CTT3')
INSERT [dbo].[SINHVIEN] ([MASV], [HOTEN], [NGAYSINH], [MALOP]) VALUES (859, N'Joan Osborn', CAST(N'1956-02-12 21:14:33.120' AS DateTime), N'13CTT1')
INSERT [dbo].[SINHVIEN] ([MASV], [HOTEN], [NGAYSINH], [MALOP]) VALUES (860, N'Jay Valentine', CAST(N'1969-05-18 02:07:34.560' AS DateTime), N'15CTT2')
INSERT [dbo].[SINHVIEN] ([MASV], [HOTEN], [NGAYSINH], [MALOP]) VALUES (861, N'Cristina Boyd', CAST(N'1972-04-27 20:17:31.740' AS DateTime), N'15CTT1')
INSERT [dbo].[SINHVIEN] ([MASV], [HOTEN], [NGAYSINH], [MALOP]) VALUES (862, N'Becky Yates', CAST(N'1997-11-14 02:09:44.360' AS DateTime), N'14CTT1')
INSERT [dbo].[SINHVIEN] ([MASV], [HOTEN], [NGAYSINH], [MALOP]) VALUES (863, N'Dean Mc Millan', CAST(N'1976-03-08 21:27:59.960' AS DateTime), N'15CTT1')
INSERT [dbo].[SINHVIEN] ([MASV], [HOTEN], [NGAYSINH], [MALOP]) VALUES (864, N'Henry Castro', CAST(N'1972-05-18 23:27:57.000' AS DateTime), N'14CTT2')
INSERT [dbo].[SINHVIEN] ([MASV], [HOTEN], [NGAYSINH], [MALOP]) VALUES (865, N'Donna Jefferson', CAST(N'1999-04-15 13:19:10.060' AS DateTime), N'13CTT2')
INSERT [dbo].[SINHVIEN] ([MASV], [HOTEN], [NGAYSINH], [MALOP]) VALUES (866, N'Chandra Bernard', CAST(N'2007-12-29 05:54:39.140' AS DateTime), N'13CTT1')
INSERT [dbo].[SINHVIEN] ([MASV], [HOTEN], [NGAYSINH], [MALOP]) VALUES (867, N'Jimmie Arellano', CAST(N'2000-01-07 13:51:14.230' AS DateTime), N'15CTT3')
INSERT [dbo].[SINHVIEN] ([MASV], [HOTEN], [NGAYSINH], [MALOP]) VALUES (868, N'Garrett Rodgers', CAST(N'1957-10-29 09:12:40.610' AS DateTime), N'13CTT2')
INSERT [dbo].[SINHVIEN] ([MASV], [HOTEN], [NGAYSINH], [MALOP]) VALUES (869, N'Lorraine Pierce', CAST(N'1974-01-27 15:51:16.220' AS DateTime), N'13CTT1')
INSERT [dbo].[SINHVIEN] ([MASV], [HOTEN], [NGAYSINH], [MALOP]) VALUES (870, N'Chanda Joyce', CAST(N'1970-04-15 16:21:36.640' AS DateTime), N'14CTT2')
INSERT [dbo].[SINHVIEN] ([MASV], [HOTEN], [NGAYSINH], [MALOP]) VALUES (871, N'Audra Blake', CAST(N'1996-06-17 22:23:43.870' AS DateTime), N'13CTT3')
INSERT [dbo].[SINHVIEN] ([MASV], [HOTEN], [NGAYSINH], [MALOP]) VALUES (872, N'Stephen Bray', CAST(N'2000-01-12 17:18:20.030' AS DateTime), N'14CTT1')
INSERT [dbo].[SINHVIEN] ([MASV], [HOTEN], [NGAYSINH], [MALOP]) VALUES (873, N'Betty Mckenzie', CAST(N'1996-07-16 10:27:11.460' AS DateTime), N'15CTT3')
INSERT [dbo].[SINHVIEN] ([MASV], [HOTEN], [NGAYSINH], [MALOP]) VALUES (874, N'Spencer Ellis', CAST(N'1997-09-18 05:44:35.590' AS DateTime), N'13CTT1')
INSERT [dbo].[SINHVIEN] ([MASV], [HOTEN], [NGAYSINH], [MALOP]) VALUES (875, N'Anita Lester', CAST(N'1995-07-09 02:16:35.430' AS DateTime), N'14CTT2')
INSERT [dbo].[SINHVIEN] ([MASV], [HOTEN], [NGAYSINH], [MALOP]) VALUES (876, N'Raul Mckenzie', CAST(N'2000-04-28 01:37:53.560' AS DateTime), N'13CTT2')
INSERT [dbo].[SINHVIEN] ([MASV], [HOTEN], [NGAYSINH], [MALOP]) VALUES (877, N'Gerald Vance', CAST(N'1994-12-20 18:05:56.090' AS DateTime), N'15CTT3')
INSERT [dbo].[SINHVIEN] ([MASV], [HOTEN], [NGAYSINH], [MALOP]) VALUES (878, N'Victoria Gallegos', CAST(N'1983-11-05 16:52:29.680' AS DateTime), N'13CTT2')
INSERT [dbo].[SINHVIEN] ([MASV], [HOTEN], [NGAYSINH], [MALOP]) VALUES (879, N'Shanna Vega', CAST(N'1971-07-24 11:43:55.260' AS DateTime), N'14CTT1')
INSERT [dbo].[SINHVIEN] ([MASV], [HOTEN], [NGAYSINH], [MALOP]) VALUES (880, N'Marty Bowman', CAST(N'1983-09-04 04:42:55.460' AS DateTime), N'13CTT3')
INSERT [dbo].[SINHVIEN] ([MASV], [HOTEN], [NGAYSINH], [MALOP]) VALUES (881, N'Chadwick Frank', CAST(N'1968-11-24 12:56:54.750' AS DateTime), N'13CTT2')
INSERT [dbo].[SINHVIEN] ([MASV], [HOTEN], [NGAYSINH], [MALOP]) VALUES (882, N'Clifton Hatfield', CAST(N'2000-04-25 07:07:10.220' AS DateTime), N'13CTT3')
INSERT [dbo].[SINHVIEN] ([MASV], [HOTEN], [NGAYSINH], [MALOP]) VALUES (883, N'Natasha Parker', CAST(N'1998-05-13 19:50:01.350' AS DateTime), N'14CTT1')
INSERT [dbo].[SINHVIEN] ([MASV], [HOTEN], [NGAYSINH], [MALOP]) VALUES (884, N'Lawrence Leonard', CAST(N'1963-12-26 05:48:27.190' AS DateTime), N'13CTT2')
INSERT [dbo].[SINHVIEN] ([MASV], [HOTEN], [NGAYSINH], [MALOP]) VALUES (885, N'Warren Rangel', CAST(N'1972-12-12 05:37:33.460' AS DateTime), N'14CTT3')
INSERT [dbo].[SINHVIEN] ([MASV], [HOTEN], [NGAYSINH], [MALOP]) VALUES (886, N'Ivan Figueroa', CAST(N'1998-08-08 07:31:34.540' AS DateTime), N'13CTT3')
INSERT [dbo].[SINHVIEN] ([MASV], [HOTEN], [NGAYSINH], [MALOP]) VALUES (887, N'Teresa Flores', CAST(N'1980-03-28 11:56:14.220' AS DateTime), N'15CTT2')
INSERT [dbo].[SINHVIEN] ([MASV], [HOTEN], [NGAYSINH], [MALOP]) VALUES (888, N'Theresa English', CAST(N'1954-04-02 18:36:51.900' AS DateTime), N'15CTT3')
INSERT [dbo].[SINHVIEN] ([MASV], [HOTEN], [NGAYSINH], [MALOP]) VALUES (889, N'Grace Roberson', CAST(N'1963-05-03 21:03:51.760' AS DateTime), N'15CTT2')
INSERT [dbo].[SINHVIEN] ([MASV], [HOTEN], [NGAYSINH], [MALOP]) VALUES (890, N'Tricia Wiley', CAST(N'1998-11-18 05:07:57.080' AS DateTime), N'14CTT2')
INSERT [dbo].[SINHVIEN] ([MASV], [HOTEN], [NGAYSINH], [MALOP]) VALUES (891, N'Cecilia Olsen', CAST(N'1962-09-23 18:32:39.600' AS DateTime), N'15CTT1')
INSERT [dbo].[SINHVIEN] ([MASV], [HOTEN], [NGAYSINH], [MALOP]) VALUES (892, N'Jamie Watts', CAST(N'1992-12-27 22:55:48.800' AS DateTime), N'15CTT3')
INSERT [dbo].[SINHVIEN] ([MASV], [HOTEN], [NGAYSINH], [MALOP]) VALUES (893, N'Susan Jones', CAST(N'2006-12-08 01:00:15.340' AS DateTime), N'13CTT3')
INSERT [dbo].[SINHVIEN] ([MASV], [HOTEN], [NGAYSINH], [MALOP]) VALUES (894, N'Matt Mc Guire', CAST(N'1959-02-20 01:23:05.510' AS DateTime), N'14CTT1')
INSERT [dbo].[SINHVIEN] ([MASV], [HOTEN], [NGAYSINH], [MALOP]) VALUES (895, N'Jocelyn Rivera', CAST(N'1991-06-25 16:10:13.660' AS DateTime), N'14CTT3')
INSERT [dbo].[SINHVIEN] ([MASV], [HOTEN], [NGAYSINH], [MALOP]) VALUES (896, N'Owen Briggs', CAST(N'1959-04-26 05:39:56.940' AS DateTime), N'14CTT3')
INSERT [dbo].[SINHVIEN] ([MASV], [HOTEN], [NGAYSINH], [MALOP]) VALUES (897, N'Trenton Williams', CAST(N'1973-09-29 15:29:41.800' AS DateTime), N'13CTT2')
INSERT [dbo].[SINHVIEN] ([MASV], [HOTEN], [NGAYSINH], [MALOP]) VALUES (898, N'Cynthia Eaton', CAST(N'2001-10-12 03:54:14.670' AS DateTime), N'15CTT1')
INSERT [dbo].[SINHVIEN] ([MASV], [HOTEN], [NGAYSINH], [MALOP]) VALUES (899, N'Lonnie Woodard', CAST(N'1963-09-12 12:47:03.600' AS DateTime), N'15CTT1')
GO
INSERT [dbo].[SINHVIEN] ([MASV], [HOTEN], [NGAYSINH], [MALOP]) VALUES (900, N'Zachary Berg', CAST(N'1999-02-24 16:20:33.100' AS DateTime), N'15CTT3')
INSERT [dbo].[SINHVIEN] ([MASV], [HOTEN], [NGAYSINH], [MALOP]) VALUES (901, N'Kelly Pitts', CAST(N'1973-12-09 16:47:31.320' AS DateTime), N'15CTT1')
INSERT [dbo].[SINHVIEN] ([MASV], [HOTEN], [NGAYSINH], [MALOP]) VALUES (902, N'Rusty Mc Neil', CAST(N'1959-06-05 23:17:44.320' AS DateTime), N'13CTT2')
INSERT [dbo].[SINHVIEN] ([MASV], [HOTEN], [NGAYSINH], [MALOP]) VALUES (903, N'Garry Le', CAST(N'1976-11-04 00:44:34.590' AS DateTime), N'14CTT3')
INSERT [dbo].[SINHVIEN] ([MASV], [HOTEN], [NGAYSINH], [MALOP]) VALUES (904, N'Bobbi Davies', CAST(N'1980-01-19 08:38:25.380' AS DateTime), N'14CTT2')
INSERT [dbo].[SINHVIEN] ([MASV], [HOTEN], [NGAYSINH], [MALOP]) VALUES (905, N'Beth Lang', CAST(N'1960-10-30 11:50:36.300' AS DateTime), N'15CTT3')
INSERT [dbo].[SINHVIEN] ([MASV], [HOTEN], [NGAYSINH], [MALOP]) VALUES (906, N'Dina Hawkins', CAST(N'1966-05-05 08:16:08.770' AS DateTime), N'13CTT1')
INSERT [dbo].[SINHVIEN] ([MASV], [HOTEN], [NGAYSINH], [MALOP]) VALUES (907, N'Rodney Rose', CAST(N'1993-06-09 05:46:38.740' AS DateTime), N'13CTT1')
INSERT [dbo].[SINHVIEN] ([MASV], [HOTEN], [NGAYSINH], [MALOP]) VALUES (908, N'Kyle Brennan', CAST(N'1990-03-15 01:39:27.230' AS DateTime), N'15CTT2')
INSERT [dbo].[SINHVIEN] ([MASV], [HOTEN], [NGAYSINH], [MALOP]) VALUES (909, N'Ricardo Brooks', CAST(N'1969-12-11 14:05:20.420' AS DateTime), N'13CTT1')
INSERT [dbo].[SINHVIEN] ([MASV], [HOTEN], [NGAYSINH], [MALOP]) VALUES (910, N'Camille Weiss', CAST(N'1985-10-25 09:17:13.850' AS DateTime), N'14CTT1')
INSERT [dbo].[SINHVIEN] ([MASV], [HOTEN], [NGAYSINH], [MALOP]) VALUES (911, N'Pablo Mc Connell', CAST(N'1969-10-04 09:53:04.880' AS DateTime), N'13CTT2')
INSERT [dbo].[SINHVIEN] ([MASV], [HOTEN], [NGAYSINH], [MALOP]) VALUES (912, N'Robin Cannon', CAST(N'2007-03-05 01:14:16.560' AS DateTime), N'13CTT2')
INSERT [dbo].[SINHVIEN] ([MASV], [HOTEN], [NGAYSINH], [MALOP]) VALUES (913, N'Janice Frye', CAST(N'2003-09-21 21:02:35.090' AS DateTime), N'14CTT3')
INSERT [dbo].[SINHVIEN] ([MASV], [HOTEN], [NGAYSINH], [MALOP]) VALUES (914, N'Crystal Strong', CAST(N'1980-06-09 16:31:37.660' AS DateTime), N'14CTT1')
INSERT [dbo].[SINHVIEN] ([MASV], [HOTEN], [NGAYSINH], [MALOP]) VALUES (915, N'Kathleen Clark', CAST(N'1953-06-24 13:10:39.800' AS DateTime), N'13CTT2')
INSERT [dbo].[SINHVIEN] ([MASV], [HOTEN], [NGAYSINH], [MALOP]) VALUES (916, N'Earl Everett', CAST(N'1980-01-02 13:10:21.520' AS DateTime), N'15CTT3')
INSERT [dbo].[SINHVIEN] ([MASV], [HOTEN], [NGAYSINH], [MALOP]) VALUES (917, N'Eric Boyd', CAST(N'2007-07-03 06:19:43.010' AS DateTime), N'13CTT1')
INSERT [dbo].[SINHVIEN] ([MASV], [HOTEN], [NGAYSINH], [MALOP]) VALUES (918, N'Erich Garza', CAST(N'1965-03-15 15:39:32.770' AS DateTime), N'13CTT1')
INSERT [dbo].[SINHVIEN] ([MASV], [HOTEN], [NGAYSINH], [MALOP]) VALUES (919, N'Alfonso Velasquez', CAST(N'2007-06-06 17:50:23.550' AS DateTime), N'14CTT1')
INSERT [dbo].[SINHVIEN] ([MASV], [HOTEN], [NGAYSINH], [MALOP]) VALUES (920, N'Marisol Osborne', CAST(N'1953-09-08 05:47:35.520' AS DateTime), N'14CTT3')
INSERT [dbo].[SINHVIEN] ([MASV], [HOTEN], [NGAYSINH], [MALOP]) VALUES (921, N'Latoya Valentine', CAST(N'1980-10-02 17:58:24.920' AS DateTime), N'13CTT3')
INSERT [dbo].[SINHVIEN] ([MASV], [HOTEN], [NGAYSINH], [MALOP]) VALUES (922, N'Debra Perkins', CAST(N'1998-10-07 19:14:22.330' AS DateTime), N'13CTT2')
INSERT [dbo].[SINHVIEN] ([MASV], [HOTEN], [NGAYSINH], [MALOP]) VALUES (923, N'Everett Hammond', CAST(N'2002-06-27 12:08:48.850' AS DateTime), N'13CTT2')
INSERT [dbo].[SINHVIEN] ([MASV], [HOTEN], [NGAYSINH], [MALOP]) VALUES (924, N'Melissa Hoffman', CAST(N'1983-03-11 10:43:19.150' AS DateTime), N'14CTT2')
INSERT [dbo].[SINHVIEN] ([MASV], [HOTEN], [NGAYSINH], [MALOP]) VALUES (925, N'Marlon Freeman', CAST(N'1960-07-23 21:48:57.030' AS DateTime), N'13CTT1')
INSERT [dbo].[SINHVIEN] ([MASV], [HOTEN], [NGAYSINH], [MALOP]) VALUES (926, N'Lynn Riggs', CAST(N'1956-06-21 23:27:55.070' AS DateTime), N'13CTT2')
INSERT [dbo].[SINHVIEN] ([MASV], [HOTEN], [NGAYSINH], [MALOP]) VALUES (927, N'Ashley Blevins', CAST(N'2001-02-03 16:18:04.690' AS DateTime), N'13CTT2')
INSERT [dbo].[SINHVIEN] ([MASV], [HOTEN], [NGAYSINH], [MALOP]) VALUES (928, N'Kyle Logan', CAST(N'1990-05-28 09:04:05.940' AS DateTime), N'13CTT3')
INSERT [dbo].[SINHVIEN] ([MASV], [HOTEN], [NGAYSINH], [MALOP]) VALUES (929, N'Carlton Hawkins', CAST(N'1959-03-27 13:34:21.920' AS DateTime), N'15CTT3')
INSERT [dbo].[SINHVIEN] ([MASV], [HOTEN], [NGAYSINH], [MALOP]) VALUES (930, N'Claudia Logan', CAST(N'1989-03-15 20:36:38.480' AS DateTime), N'14CTT3')
INSERT [dbo].[SINHVIEN] ([MASV], [HOTEN], [NGAYSINH], [MALOP]) VALUES (931, N'Tracy Reynolds', CAST(N'1979-07-31 10:08:11.750' AS DateTime), N'13CTT2')
INSERT [dbo].[SINHVIEN] ([MASV], [HOTEN], [NGAYSINH], [MALOP]) VALUES (932, N'Noah Mc Neil', CAST(N'2001-03-09 14:11:41.430' AS DateTime), N'15CTT2')
INSERT [dbo].[SINHVIEN] ([MASV], [HOTEN], [NGAYSINH], [MALOP]) VALUES (933, N'Clayton Carlson', CAST(N'1973-02-24 04:05:26.070' AS DateTime), N'14CTT2')
INSERT [dbo].[SINHVIEN] ([MASV], [HOTEN], [NGAYSINH], [MALOP]) VALUES (934, N'Olivia Erickson', CAST(N'1980-05-28 19:23:22.170' AS DateTime), N'14CTT1')
INSERT [dbo].[SINHVIEN] ([MASV], [HOTEN], [NGAYSINH], [MALOP]) VALUES (935, N'Cornelius Arnold', CAST(N'1962-09-26 11:55:24.140' AS DateTime), N'14CTT1')
INSERT [dbo].[SINHVIEN] ([MASV], [HOTEN], [NGAYSINH], [MALOP]) VALUES (936, N'Monte Wise', CAST(N'1962-06-22 13:39:10.430' AS DateTime), N'13CTT2')
INSERT [dbo].[SINHVIEN] ([MASV], [HOTEN], [NGAYSINH], [MALOP]) VALUES (937, N'Gene Mc Clure', CAST(N'1976-06-22 06:22:35.630' AS DateTime), N'14CTT1')
INSERT [dbo].[SINHVIEN] ([MASV], [HOTEN], [NGAYSINH], [MALOP]) VALUES (938, N'Juan Yang', CAST(N'1971-04-26 11:11:35.960' AS DateTime), N'14CTT1')
INSERT [dbo].[SINHVIEN] ([MASV], [HOTEN], [NGAYSINH], [MALOP]) VALUES (939, NULL, CAST(N'1956-02-26 17:57:50.880' AS DateTime), N'15CTT3')
INSERT [dbo].[SINHVIEN] ([MASV], [HOTEN], [NGAYSINH], [MALOP]) VALUES (940, N'Salvatore Simon', CAST(N'1959-08-10 21:21:24.680' AS DateTime), NULL)
INSERT [dbo].[SINHVIEN] ([MASV], [HOTEN], [NGAYSINH], [MALOP]) VALUES (941, N'Kris Blackwell', CAST(N'1958-03-02 01:44:55.800' AS DateTime), N'14CTT1')
INSERT [dbo].[SINHVIEN] ([MASV], [HOTEN], [NGAYSINH], [MALOP]) VALUES (942, N'Marci Avery', CAST(N'1998-01-13 10:16:47.000' AS DateTime), N'14CTT3')
INSERT [dbo].[SINHVIEN] ([MASV], [HOTEN], [NGAYSINH], [MALOP]) VALUES (943, N'Johanna Wells', CAST(N'1992-04-21 04:31:31.480' AS DateTime), N'13CTT1')
INSERT [dbo].[SINHVIEN] ([MASV], [HOTEN], [NGAYSINH], [MALOP]) VALUES (944, N'Angelia Knox', CAST(N'1985-07-08 11:46:37.920' AS DateTime), N'13CTT3')
INSERT [dbo].[SINHVIEN] ([MASV], [HOTEN], [NGAYSINH], [MALOP]) VALUES (945, N'Rachel Vaughn', CAST(N'1982-02-14 19:14:52.190' AS DateTime), N'14CTT3')
INSERT [dbo].[SINHVIEN] ([MASV], [HOTEN], [NGAYSINH], [MALOP]) VALUES (946, N'Lea Levine', CAST(N'1963-07-21 17:18:23.050' AS DateTime), N'14CTT1')
INSERT [dbo].[SINHVIEN] ([MASV], [HOTEN], [NGAYSINH], [MALOP]) VALUES (947, N'Dianna Hurst', CAST(N'1997-04-07 01:53:13.720' AS DateTime), N'14CTT3')
INSERT [dbo].[SINHVIEN] ([MASV], [HOTEN], [NGAYSINH], [MALOP]) VALUES (948, N'Melanie Nicholson', CAST(N'1979-07-01 08:28:37.670' AS DateTime), N'15CTT1')
INSERT [dbo].[SINHVIEN] ([MASV], [HOTEN], [NGAYSINH], [MALOP]) VALUES (949, N'Victor Watson', CAST(N'1958-08-29 12:12:25.710' AS DateTime), N'14CTT2')
INSERT [dbo].[SINHVIEN] ([MASV], [HOTEN], [NGAYSINH], [MALOP]) VALUES (950, N'Janice Short', CAST(N'1964-06-24 02:59:52.140' AS DateTime), N'15CTT3')
INSERT [dbo].[SINHVIEN] ([MASV], [HOTEN], [NGAYSINH], [MALOP]) VALUES (951, N'Dawn Peck', CAST(N'1959-10-23 23:20:13.930' AS DateTime), N'14CTT1')
INSERT [dbo].[SINHVIEN] ([MASV], [HOTEN], [NGAYSINH], [MALOP]) VALUES (952, N'Erin Mc Dowell', CAST(N'1961-07-17 23:50:09.030' AS DateTime), N'14CTT3')
INSERT [dbo].[SINHVIEN] ([MASV], [HOTEN], [NGAYSINH], [MALOP]) VALUES (953, N'Sara Reese', CAST(N'2002-05-07 10:03:51.130' AS DateTime), N'15CTT2')
INSERT [dbo].[SINHVIEN] ([MASV], [HOTEN], [NGAYSINH], [MALOP]) VALUES (954, N'Luis Walters', CAST(N'1963-01-05 06:59:28.080' AS DateTime), N'15CTT3')
INSERT [dbo].[SINHVIEN] ([MASV], [HOTEN], [NGAYSINH], [MALOP]) VALUES (955, N'Rita Donaldson', CAST(N'1971-05-25 22:22:08.170' AS DateTime), N'14CTT2')
INSERT [dbo].[SINHVIEN] ([MASV], [HOTEN], [NGAYSINH], [MALOP]) VALUES (956, N'Jeff Wilson', CAST(N'1983-03-03 21:33:08.990' AS DateTime), N'14CTT1')
INSERT [dbo].[SINHVIEN] ([MASV], [HOTEN], [NGAYSINH], [MALOP]) VALUES (957, N'Charlie Johns', CAST(N'1964-12-08 11:08:55.470' AS DateTime), N'15CTT3')
INSERT [dbo].[SINHVIEN] ([MASV], [HOTEN], [NGAYSINH], [MALOP]) VALUES (958, N'Sean Moreno', CAST(N'2001-08-25 14:01:15.450' AS DateTime), N'13CTT3')
INSERT [dbo].[SINHVIEN] ([MASV], [HOTEN], [NGAYSINH], [MALOP]) VALUES (959, N'Carrie Owen', CAST(N'1972-06-28 10:49:28.340' AS DateTime), N'14CTT3')
INSERT [dbo].[SINHVIEN] ([MASV], [HOTEN], [NGAYSINH], [MALOP]) VALUES (960, N'Harry Singleton', CAST(N'1957-05-11 12:22:41.230' AS DateTime), N'15CTT1')
INSERT [dbo].[SINHVIEN] ([MASV], [HOTEN], [NGAYSINH], [MALOP]) VALUES (961, N'Herman Patterson', CAST(N'1973-03-30 15:58:04.080' AS DateTime), N'13CTT2')
INSERT [dbo].[SINHVIEN] ([MASV], [HOTEN], [NGAYSINH], [MALOP]) VALUES (962, N'Desiree Beasley', CAST(N'1956-01-13 20:42:32.790' AS DateTime), N'15CTT1')
INSERT [dbo].[SINHVIEN] ([MASV], [HOTEN], [NGAYSINH], [MALOP]) VALUES (963, N'Abel Finley', CAST(N'1983-12-20 12:05:05.300' AS DateTime), N'13CTT1')
INSERT [dbo].[SINHVIEN] ([MASV], [HOTEN], [NGAYSINH], [MALOP]) VALUES (964, NULL, NULL, N'14CTT3')
INSERT [dbo].[SINHVIEN] ([MASV], [HOTEN], [NGAYSINH], [MALOP]) VALUES (965, N'Devon Roberts', CAST(N'1988-09-26 17:28:41.940' AS DateTime), N'14CTT3')
INSERT [dbo].[SINHVIEN] ([MASV], [HOTEN], [NGAYSINH], [MALOP]) VALUES (966, N'Ellen Petersen', CAST(N'1959-03-28 23:09:02.090' AS DateTime), N'15CTT2')
INSERT [dbo].[SINHVIEN] ([MASV], [HOTEN], [NGAYSINH], [MALOP]) VALUES (967, N'Shari Brewer', CAST(N'1976-07-26 19:41:23.460' AS DateTime), N'13CTT1')
INSERT [dbo].[SINHVIEN] ([MASV], [HOTEN], [NGAYSINH], [MALOP]) VALUES (968, N'Antoine Livingston', CAST(N'1987-01-09 21:08:50.480' AS DateTime), N'15CTT2')
INSERT [dbo].[SINHVIEN] ([MASV], [HOTEN], [NGAYSINH], [MALOP]) VALUES (969, N'Walter Boyer', CAST(N'1976-04-26 01:39:12.910' AS DateTime), N'14CTT3')
INSERT [dbo].[SINHVIEN] ([MASV], [HOTEN], [NGAYSINH], [MALOP]) VALUES (970, N'Jeanne Hudson', CAST(N'1970-09-15 04:36:13.520' AS DateTime), N'15CTT3')
INSERT [dbo].[SINHVIEN] ([MASV], [HOTEN], [NGAYSINH], [MALOP]) VALUES (971, N'Jon Strong', CAST(N'1999-01-01 23:31:29.380' AS DateTime), N'14CTT3')
INSERT [dbo].[SINHVIEN] ([MASV], [HOTEN], [NGAYSINH], [MALOP]) VALUES (972, N'Jonathon Flores', CAST(N'1956-07-13 06:47:45.890' AS DateTime), N'14CTT2')
INSERT [dbo].[SINHVIEN] ([MASV], [HOTEN], [NGAYSINH], [MALOP]) VALUES (973, N'Marci Mann', CAST(N'1989-03-09 19:08:07.040' AS DateTime), N'14CTT1')
INSERT [dbo].[SINHVIEN] ([MASV], [HOTEN], [NGAYSINH], [MALOP]) VALUES (974, N'Miranda Moon', CAST(N'1962-01-18 21:41:41.890' AS DateTime), N'14CTT2')
INSERT [dbo].[SINHVIEN] ([MASV], [HOTEN], [NGAYSINH], [MALOP]) VALUES (975, N'Randolph Briggs', CAST(N'2000-10-27 20:28:58.860' AS DateTime), N'15CTT2')
INSERT [dbo].[SINHVIEN] ([MASV], [HOTEN], [NGAYSINH], [MALOP]) VALUES (976, N'Jerry Stokes', CAST(N'2003-07-09 04:02:39.730' AS DateTime), N'15CTT3')
INSERT [dbo].[SINHVIEN] ([MASV], [HOTEN], [NGAYSINH], [MALOP]) VALUES (977, N'Rhonda Hancock', CAST(N'1990-09-19 07:41:37.920' AS DateTime), N'15CTT1')
INSERT [dbo].[SINHVIEN] ([MASV], [HOTEN], [NGAYSINH], [MALOP]) VALUES (978, N'Charity Hoover', CAST(N'1959-06-19 14:42:50.840' AS DateTime), N'14CTT2')
INSERT [dbo].[SINHVIEN] ([MASV], [HOTEN], [NGAYSINH], [MALOP]) VALUES (979, N'Alfonso Santos', CAST(N'1969-12-21 00:22:10.930' AS DateTime), N'13CTT1')
INSERT [dbo].[SINHVIEN] ([MASV], [HOTEN], [NGAYSINH], [MALOP]) VALUES (980, N'Craig Sellers', CAST(N'1954-01-25 15:28:26.950' AS DateTime), N'14CTT1')
INSERT [dbo].[SINHVIEN] ([MASV], [HOTEN], [NGAYSINH], [MALOP]) VALUES (981, N'Leticia Copeland', CAST(N'2005-01-02 04:30:33.990' AS DateTime), N'13CTT3')
INSERT [dbo].[SINHVIEN] ([MASV], [HOTEN], [NGAYSINH], [MALOP]) VALUES (982, N'Dominick Bush', CAST(N'1967-03-16 21:34:41.360' AS DateTime), N'14CTT3')
INSERT [dbo].[SINHVIEN] ([MASV], [HOTEN], [NGAYSINH], [MALOP]) VALUES (983, N'Mason Mc Daniel', CAST(N'1974-08-07 07:49:27.020' AS DateTime), N'13CTT2')
INSERT [dbo].[SINHVIEN] ([MASV], [HOTEN], [NGAYSINH], [MALOP]) VALUES (984, N'Anna Guzman', CAST(N'1984-09-29 20:51:40.230' AS DateTime), N'14CTT3')
INSERT [dbo].[SINHVIEN] ([MASV], [HOTEN], [NGAYSINH], [MALOP]) VALUES (985, N'Kerry Yang', CAST(N'2002-10-02 10:34:29.790' AS DateTime), N'15CTT2')
INSERT [dbo].[SINHVIEN] ([MASV], [HOTEN], [NGAYSINH], [MALOP]) VALUES (986, N'Nichole Wagner', CAST(N'1982-05-24 21:16:24.540' AS DateTime), N'13CTT1')
INSERT [dbo].[SINHVIEN] ([MASV], [HOTEN], [NGAYSINH], [MALOP]) VALUES (987, N'Clinton Francis', CAST(N'1971-01-14 10:18:02.720' AS DateTime), N'13CTT1')
INSERT [dbo].[SINHVIEN] ([MASV], [HOTEN], [NGAYSINH], [MALOP]) VALUES (988, N'Howard Walters', CAST(N'2006-11-02 04:07:50.300' AS DateTime), N'13CTT1')
INSERT [dbo].[SINHVIEN] ([MASV], [HOTEN], [NGAYSINH], [MALOP]) VALUES (989, N'Jeannette Abbott', CAST(N'1963-02-20 21:05:57.990' AS DateTime), N'13CTT3')
INSERT [dbo].[SINHVIEN] ([MASV], [HOTEN], [NGAYSINH], [MALOP]) VALUES (990, N'Stefanie Cline', CAST(N'1962-01-04 21:01:13.990' AS DateTime), N'15CTT1')
INSERT [dbo].[SINHVIEN] ([MASV], [HOTEN], [NGAYSINH], [MALOP]) VALUES (991, N'Marci Cisneros', CAST(N'1987-07-25 14:22:15.150' AS DateTime), N'13CTT2')
INSERT [dbo].[SINHVIEN] ([MASV], [HOTEN], [NGAYSINH], [MALOP]) VALUES (992, N'Scott Flynn', CAST(N'2005-07-14 02:30:14.970' AS DateTime), N'13CTT3')
INSERT [dbo].[SINHVIEN] ([MASV], [HOTEN], [NGAYSINH], [MALOP]) VALUES (993, N'Janice Sims', CAST(N'1982-10-27 16:21:20.190' AS DateTime), N'13CTT2')
INSERT [dbo].[SINHVIEN] ([MASV], [HOTEN], [NGAYSINH], [MALOP]) VALUES (994, N'Cedric Rowland', CAST(N'2006-10-28 00:22:07.620' AS DateTime), N'14CTT2')
INSERT [dbo].[SINHVIEN] ([MASV], [HOTEN], [NGAYSINH], [MALOP]) VALUES (995, N'Claude Rangel', CAST(N'2006-10-17 05:35:09.660' AS DateTime), N'15CTT1')
INSERT [dbo].[SINHVIEN] ([MASV], [HOTEN], [NGAYSINH], [MALOP]) VALUES (996, NULL, CAST(N'1994-05-12 05:23:20.600' AS DateTime), N'14CTT2')
INSERT [dbo].[SINHVIEN] ([MASV], [HOTEN], [NGAYSINH], [MALOP]) VALUES (997, N'Angelina Stein', CAST(N'1955-02-18 05:02:23.010' AS DateTime), N'15CTT2')
INSERT [dbo].[SINHVIEN] ([MASV], [HOTEN], [NGAYSINH], [MALOP]) VALUES (998, N'Ernesto Norton', CAST(N'1967-01-25 22:11:41.690' AS DateTime), N'15CTT2')
INSERT [dbo].[SINHVIEN] ([MASV], [HOTEN], [NGAYSINH], [MALOP]) VALUES (999, N'Frankie Friedman', CAST(N'1956-07-26 11:02:49.540' AS DateTime), N'13CTT3')
GO
INSERT [dbo].[SINHVIEN] ([MASV], [HOTEN], [NGAYSINH], [MALOP]) VALUES (1000, N'Quincy Doyle', CAST(N'1979-04-13 12:37:35.830' AS DateTime), N'14CTT1')
SET IDENTITY_INSERT [dbo].[SINHVIEN] OFF
INSERT [dbo].[MONHOC] ([MAMH], [TENMH], [SOTIETLT], [SOTIETTH], [SOCHOMAX]) VALUES (N'C    ', N'CHEMISTRY', 45, 50, 30)
INSERT [dbo].[MONHOC] ([MAMH], [TENMH], [SOTIETLT], [SOTIETTH], [SOCHOMAX]) VALUES (N'E    ', N'ENGLISH', 30, 40, 30)
INSERT [dbo].[MONHOC] ([MAMH], [TENMH], [SOTIETLT], [SOTIETTH], [SOCHOMAX]) VALUES (N'G    ', N'GEOGRAPHY', 60, 60, 60)
INSERT [dbo].[MONHOC] ([MAMH], [TENMH], [SOTIETLT], [SOTIETTH], [SOCHOMAX]) VALUES (N'J    ', N'JAPANESE', 30, 40, 90)
INSERT [dbo].[MONHOC] ([MAMH], [TENMH], [SOTIETLT], [SOTIETTH], [SOCHOMAX]) VALUES (N'L    ', N'LITERATURE', 30, 40, 120)
INSERT [dbo].[MONHOC] ([MAMH], [TENMH], [SOTIETLT], [SOTIETTH], [SOCHOMAX]) VALUES (N'M    ', N'MATH', 60, 60, 90)
INSERT [dbo].[MONHOC] ([MAMH], [TENMH], [SOTIETLT], [SOTIETTH], [SOCHOMAX]) VALUES (N'P    ', N'PHYSICS', 45, 50, 60)

INSERT [dbo].[MONHOC] ([MAMH], [TENMH], [SOTIETLT], [SOTIETTH], [SOCHOMAX]) 
VALUES (N'HQTDL ', N'HQTSCDL', 45, 50, 30)

INSERT [dbo].[MHMO] ([MAMH], [NAM], [HOCKY]) VALUES (N'C    ', 2012, 1)
INSERT [dbo].[MHMO] ([MAMH], [NAM], [HOCKY]) VALUES (N'C    ', 2012, 2)
INSERT [dbo].[MHMO] ([MAMH], [NAM], [HOCKY]) VALUES (N'C    ', 2013, 1)
INSERT [dbo].[MHMO] ([MAMH], [NAM], [HOCKY]) VALUES (N'C    ', 2013, 2)
INSERT [dbo].[MHMO] ([MAMH], [NAM], [HOCKY]) VALUES (N'C    ', 2014, 1)
INSERT [dbo].[MHMO] ([MAMH], [NAM], [HOCKY]) VALUES (N'C    ', 2014, 2)
INSERT [dbo].[MHMO] ([MAMH], [NAM], [HOCKY]) VALUES (N'C    ', 2015, 1)
INSERT [dbo].[MHMO] ([MAMH], [NAM], [HOCKY]) VALUES (N'C    ', 2015, 2)
INSERT [dbo].[MHMO] ([MAMH], [NAM], [HOCKY]) VALUES (N'E    ', 2012, 1)
INSERT [dbo].[MHMO] ([MAMH], [NAM], [HOCKY]) VALUES (N'E    ', 2012, 2)
INSERT [dbo].[MHMO] ([MAMH], [NAM], [HOCKY]) VALUES (N'E    ', 2013, 1)
INSERT [dbo].[MHMO] ([MAMH], [NAM], [HOCKY]) VALUES (N'E    ', 2013, 2)
INSERT [dbo].[MHMO] ([MAMH], [NAM], [HOCKY]) VALUES (N'E    ', 2014, 1)
INSERT [dbo].[MHMO] ([MAMH], [NAM], [HOCKY]) VALUES (N'E    ', 2014, 2)
INSERT [dbo].[MHMO] ([MAMH], [NAM], [HOCKY]) VALUES (N'E    ', 2015, 1)
INSERT [dbo].[MHMO] ([MAMH], [NAM], [HOCKY]) VALUES (N'E    ', 2015, 2)
INSERT [dbo].[MHMO] ([MAMH], [NAM], [HOCKY]) VALUES (N'G    ', 2012, 1)
INSERT [dbo].[MHMO] ([MAMH], [NAM], [HOCKY]) VALUES (N'G    ', 2012, 2)
INSERT [dbo].[MHMO] ([MAMH], [NAM], [HOCKY]) VALUES (N'G    ', 2013, 1)
INSERT [dbo].[MHMO] ([MAMH], [NAM], [HOCKY]) VALUES (N'G    ', 2013, 2)
INSERT [dbo].[MHMO] ([MAMH], [NAM], [HOCKY]) VALUES (N'G    ', 2014, 1)
INSERT [dbo].[MHMO] ([MAMH], [NAM], [HOCKY]) VALUES (N'G    ', 2014, 2)
INSERT [dbo].[MHMO] ([MAMH], [NAM], [HOCKY]) VALUES (N'G    ', 2015, 1)
INSERT [dbo].[MHMO] ([MAMH], [NAM], [HOCKY]) VALUES (N'G    ', 2015, 2)
INSERT [dbo].[MHMO] ([MAMH], [NAM], [HOCKY]) VALUES (N'J    ', 2012, 1)
INSERT [dbo].[MHMO] ([MAMH], [NAM], [HOCKY]) VALUES (N'J    ', 2012, 2)
INSERT [dbo].[MHMO] ([MAMH], [NAM], [HOCKY]) VALUES (N'J    ', 2013, 1)
INSERT [dbo].[MHMO] ([MAMH], [NAM], [HOCKY]) VALUES (N'J    ', 2013, 2)
INSERT [dbo].[MHMO] ([MAMH], [NAM], [HOCKY]) VALUES (N'J    ', 2014, 1)
INSERT [dbo].[MHMO] ([MAMH], [NAM], [HOCKY]) VALUES (N'J    ', 2014, 2)
INSERT [dbo].[MHMO] ([MAMH], [NAM], [HOCKY]) VALUES (N'J    ', 2015, 1)
INSERT [dbo].[MHMO] ([MAMH], [NAM], [HOCKY]) VALUES (N'J    ', 2015, 2)
INSERT [dbo].[MHMO] ([MAMH], [NAM], [HOCKY]) VALUES (N'L    ', 2012, 1)
INSERT [dbo].[MHMO] ([MAMH], [NAM], [HOCKY]) VALUES (N'L    ', 2012, 2)
INSERT [dbo].[MHMO] ([MAMH], [NAM], [HOCKY]) VALUES (N'L    ', 2013, 1)
INSERT [dbo].[MHMO] ([MAMH], [NAM], [HOCKY]) VALUES (N'L    ', 2013, 2)
INSERT [dbo].[MHMO] ([MAMH], [NAM], [HOCKY]) VALUES (N'L    ', 2014, 1)
INSERT [dbo].[MHMO] ([MAMH], [NAM], [HOCKY]) VALUES (N'L    ', 2014, 2)
INSERT [dbo].[MHMO] ([MAMH], [NAM], [HOCKY]) VALUES (N'L    ', 2015, 1)
INSERT [dbo].[MHMO] ([MAMH], [NAM], [HOCKY]) VALUES (N'L    ', 2015, 2)
INSERT [dbo].[MHMO] ([MAMH], [NAM], [HOCKY]) VALUES (N'M    ', 2012, 1)
INSERT [dbo].[MHMO] ([MAMH], [NAM], [HOCKY]) VALUES (N'M    ', 2012, 2)
INSERT [dbo].[MHMO] ([MAMH], [NAM], [HOCKY]) VALUES (N'M    ', 2013, 1)
INSERT [dbo].[MHMO] ([MAMH], [NAM], [HOCKY]) VALUES (N'M    ', 2013, 2)
INSERT [dbo].[MHMO] ([MAMH], [NAM], [HOCKY]) VALUES (N'M    ', 2014, 1)
INSERT [dbo].[MHMO] ([MAMH], [NAM], [HOCKY]) VALUES (N'M    ', 2014, 2)
INSERT [dbo].[MHMO] ([MAMH], [NAM], [HOCKY]) VALUES (N'M    ', 2015, 1)
INSERT [dbo].[MHMO] ([MAMH], [NAM], [HOCKY]) VALUES (N'M    ', 2015, 2)
INSERT [dbo].[MHMO] ([MAMH], [NAM], [HOCKY]) VALUES (N'P    ', 2012, 1)
INSERT [dbo].[MHMO] ([MAMH], [NAM], [HOCKY]) VALUES (N'P    ', 2012, 2)
INSERT [dbo].[MHMO] ([MAMH], [NAM], [HOCKY]) VALUES (N'P    ', 2013, 1)
INSERT [dbo].[MHMO] ([MAMH], [NAM], [HOCKY]) VALUES (N'P    ', 2013, 2)
INSERT [dbo].[MHMO] ([MAMH], [NAM], [HOCKY]) VALUES (N'P    ', 2014, 1)
INSERT [dbo].[MHMO] ([MAMH], [NAM], [HOCKY]) VALUES (N'P    ', 2014, 2)
INSERT [dbo].[MHMO] ([MAMH], [NAM], [HOCKY]) VALUES (N'P    ', 2015, 1)
INSERT [dbo].[MHMO] ([MAMH], [NAM], [HOCKY]) VALUES (N'P    ', 2015, 2)
INSERT [dbo].[DANGKY] ([MASV], [MAMH], [NAM], [HOCKY], [DIEM]) VALUES (1, N'M    ', 2013, 1, 7.5)
INSERT [dbo].[DANGKY] ([MASV], [MAMH], [NAM], [HOCKY], [DIEM]) VALUES (2, N'E    ', 2015, 1, 6)
INSERT [dbo].[DANGKY] ([MASV], [MAMH], [NAM], [HOCKY], [DIEM]) VALUES (3, N'J    ', 2014, 1, 9)
INSERT [dbo].[DANGKY] ([MASV], [MAMH], [NAM], [HOCKY], [DIEM]) VALUES (4, N'L    ', 2015, 2, 9.5)
INSERT [dbo].[DANGKY] ([MASV], [MAMH], [NAM], [HOCKY], [DIEM]) VALUES (5, N'P    ', 2015, 1, 7.5)
INSERT [dbo].[DANGKY] ([MASV], [MAMH], [NAM], [HOCKY], [DIEM]) VALUES (6, N'J    ', 2014, 1, 6.5)
INSERT [dbo].[DANGKY] ([MASV], [MAMH], [NAM], [HOCKY], [DIEM]) VALUES (7, N'P    ', 2015, 2, 9.5)
INSERT [dbo].[DANGKY] ([MASV], [MAMH], [NAM], [HOCKY], [DIEM]) VALUES (8, N'E    ', 2012, 2, 10)
INSERT [dbo].[DANGKY] ([MASV], [MAMH], [NAM], [HOCKY], [DIEM]) VALUES (9, N'E    ', 2012, 1, 9)
INSERT [dbo].[DANGKY] ([MASV], [MAMH], [NAM], [HOCKY], [DIEM]) VALUES (10, N'J    ', 2014, 2, 6)
INSERT [dbo].[DANGKY] ([MASV], [MAMH], [NAM], [HOCKY], [DIEM]) VALUES (11, N'J    ', 2014, 1, 7)
INSERT [dbo].[DANGKY] ([MASV], [MAMH], [NAM], [HOCKY], [DIEM]) VALUES (12, N'C    ', 2014, 2, 9.5)
INSERT [dbo].[DANGKY] ([MASV], [MAMH], [NAM], [HOCKY], [DIEM]) VALUES (13, N'M    ', 2014, 2, 6.5)
INSERT [dbo].[DANGKY] ([MASV], [MAMH], [NAM], [HOCKY], [DIEM]) VALUES (14, N'G    ', 2013, 2, 8.5)
INSERT [dbo].[DANGKY] ([MASV], [MAMH], [NAM], [HOCKY], [DIEM]) VALUES (15, N'M    ', 2014, 1, 6)
INSERT [dbo].[DANGKY] ([MASV], [MAMH], [NAM], [HOCKY], [DIEM]) VALUES (16, N'G    ', 2012, 1, 8.5)
INSERT [dbo].[DANGKY] ([MASV], [MAMH], [NAM], [HOCKY], [DIEM]) VALUES (17, N'L    ', 2014, 1, 8.5)
INSERT [dbo].[DANGKY] ([MASV], [MAMH], [NAM], [HOCKY], [DIEM]) VALUES (18, N'L    ', 2013, 1, 6)
INSERT [dbo].[DANGKY] ([MASV], [MAMH], [NAM], [HOCKY], [DIEM]) VALUES (19, N'P    ', 2012, 2, 6.5)
INSERT [dbo].[DANGKY] ([MASV], [MAMH], [NAM], [HOCKY], [DIEM]) VALUES (20, N'L    ', 2014, 2, 8)
INSERT [dbo].[DANGKY] ([MASV], [MAMH], [NAM], [HOCKY], [DIEM]) VALUES (21, N'C    ', 2012, 2, 6)
INSERT [dbo].[DANGKY] ([MASV], [MAMH], [NAM], [HOCKY], [DIEM]) VALUES (22, N'M    ', 2014, 2, 6)
INSERT [dbo].[DANGKY] ([MASV], [MAMH], [NAM], [HOCKY], [DIEM]) VALUES (23, N'G    ', 2015, 2, 6.5)
INSERT [dbo].[DANGKY] ([MASV], [MAMH], [NAM], [HOCKY], [DIEM]) VALUES (24, N'L    ', 2012, 2, 6)
INSERT [dbo].[DANGKY] ([MASV], [MAMH], [NAM], [HOCKY], [DIEM]) VALUES (25, N'E    ', 2014, 1, 6.5)
INSERT [dbo].[DANGKY] ([MASV], [MAMH], [NAM], [HOCKY], [DIEM]) VALUES (26, N'E    ', 2015, 1, 8)
INSERT [dbo].[DANGKY] ([MASV], [MAMH], [NAM], [HOCKY], [DIEM]) VALUES (27, N'P    ', 2014, 2, 8.5)
INSERT [dbo].[DANGKY] ([MASV], [MAMH], [NAM], [HOCKY], [DIEM]) VALUES (28, N'P    ', 2015, 1, 8)
INSERT [dbo].[DANGKY] ([MASV], [MAMH], [NAM], [HOCKY], [DIEM]) VALUES (29, N'P    ', 2014, 1, 9.5)
INSERT [dbo].[DANGKY] ([MASV], [MAMH], [NAM], [HOCKY], [DIEM]) VALUES (30, N'C    ', 2012, 2, 9)
INSERT [dbo].[DANGKY] ([MASV], [MAMH], [NAM], [HOCKY], [DIEM]) VALUES (31, N'C    ', 2012, 1, 6)
INSERT [dbo].[DANGKY] ([MASV], [MAMH], [NAM], [HOCKY], [DIEM]) VALUES (32, N'L    ', 2015, 2, 6)
INSERT [dbo].[DANGKY] ([MASV], [MAMH], [NAM], [HOCKY], [DIEM]) VALUES (33, N'C    ', 2013, 1, 8.5)
INSERT [dbo].[DANGKY] ([MASV], [MAMH], [NAM], [HOCKY], [DIEM]) VALUES (34, N'C    ', 2014, 2, 7.5)
INSERT [dbo].[DANGKY] ([MASV], [MAMH], [NAM], [HOCKY], [DIEM]) VALUES (35, N'L    ', 2014, 2, 9.5)
INSERT [dbo].[DANGKY] ([MASV], [MAMH], [NAM], [HOCKY], [DIEM]) VALUES (36, N'E    ', 2012, 1, 9.5)
INSERT [dbo].[DANGKY] ([MASV], [MAMH], [NAM], [HOCKY], [DIEM]) VALUES (37, N'P    ', 2013, 1, 6.5)
INSERT [dbo].[DANGKY] ([MASV], [MAMH], [NAM], [HOCKY], [DIEM]) VALUES (38, N'J    ', 2012, 1, 7.5)
INSERT [dbo].[DANGKY] ([MASV], [MAMH], [NAM], [HOCKY], [DIEM]) VALUES (39, N'G    ', 2013, 2, 6)
INSERT [dbo].[DANGKY] ([MASV], [MAMH], [NAM], [HOCKY], [DIEM]) VALUES (40, N'G    ', 2013, 1, 9)
INSERT [dbo].[DANGKY] ([MASV], [MAMH], [NAM], [HOCKY], [DIEM]) VALUES (41, N'M    ', 2012, 2, 8)
INSERT [dbo].[DANGKY] ([MASV], [MAMH], [NAM], [HOCKY], [DIEM]) VALUES (42, N'P    ', 2015, 2, 6.5)
INSERT [dbo].[DANGKY] ([MASV], [MAMH], [NAM], [HOCKY], [DIEM]) VALUES (43, N'M    ', 2015, 2, 8)
INSERT [dbo].[DANGKY] ([MASV], [MAMH], [NAM], [HOCKY], [DIEM]) VALUES (44, N'E    ', 2015, 2, 8.5)
INSERT [dbo].[DANGKY] ([MASV], [MAMH], [NAM], [HOCKY], [DIEM]) VALUES (45, N'E    ', 2015, 2, 10)
INSERT [dbo].[DANGKY] ([MASV], [MAMH], [NAM], [HOCKY], [DIEM]) VALUES (46, N'G    ', 2013, 2, 8.5)
INSERT [dbo].[DANGKY] ([MASV], [MAMH], [NAM], [HOCKY], [DIEM]) VALUES (47, N'E    ', 2012, 1, 6)
INSERT [dbo].[DANGKY] ([MASV], [MAMH], [NAM], [HOCKY], [DIEM]) VALUES (48, N'M    ', 2014, 2, 9)
INSERT [dbo].[DANGKY] ([MASV], [MAMH], [NAM], [HOCKY], [DIEM]) VALUES (49, N'M    ', 2012, 1, 9.5)
INSERT [dbo].[DANGKY] ([MASV], [MAMH], [NAM], [HOCKY], [DIEM]) VALUES (50, N'J    ', 2012, 2, 6)
INSERT [dbo].[DANGKY] ([MASV], [MAMH], [NAM], [HOCKY], [DIEM]) VALUES (51, N'M    ', 2013, 1, 10)
INSERT [dbo].[DANGKY] ([MASV], [MAMH], [NAM], [HOCKY], [DIEM]) VALUES (52, N'E    ', 2012, 2, 8.5)
INSERT [dbo].[DANGKY] ([MASV], [MAMH], [NAM], [HOCKY], [DIEM]) VALUES (53, N'E    ', 2013, 2, 8)
INSERT [dbo].[DANGKY] ([MASV], [MAMH], [NAM], [HOCKY], [DIEM]) VALUES (54, N'M    ', 2014, 1, 9.5)
INSERT [dbo].[DANGKY] ([MASV], [MAMH], [NAM], [HOCKY], [DIEM]) VALUES (55, N'P    ', 2014, 2, 10)
INSERT [dbo].[DANGKY] ([MASV], [MAMH], [NAM], [HOCKY], [DIEM]) VALUES (56, N'C    ', 2013, 2, 7)
INSERT [dbo].[DANGKY] ([MASV], [MAMH], [NAM], [HOCKY], [DIEM]) VALUES (57, N'J    ', 2013, 1, 9.5)
INSERT [dbo].[DANGKY] ([MASV], [MAMH], [NAM], [HOCKY], [DIEM]) VALUES (58, N'P    ', 2012, 2, 9.5)
INSERT [dbo].[DANGKY] ([MASV], [MAMH], [NAM], [HOCKY], [DIEM]) VALUES (59, N'J    ', 2012, 2, 9)
INSERT [dbo].[DANGKY] ([MASV], [MAMH], [NAM], [HOCKY], [DIEM]) VALUES (60, N'C    ', 2014, 2, 6.5)
INSERT [dbo].[DANGKY] ([MASV], [MAMH], [NAM], [HOCKY], [DIEM]) VALUES (61, N'J    ', 2014, 2, 6)
INSERT [dbo].[DANGKY] ([MASV], [MAMH], [NAM], [HOCKY], [DIEM]) VALUES (62, N'J    ', 2015, 1, 7)
INSERT [dbo].[DANGKY] ([MASV], [MAMH], [NAM], [HOCKY], [DIEM]) VALUES (63, N'J    ', 2013, 2, 9.5)
INSERT [dbo].[DANGKY] ([MASV], [MAMH], [NAM], [HOCKY], [DIEM]) VALUES (64, N'G    ', 2015, 1, 6.5)
INSERT [dbo].[DANGKY] ([MASV], [MAMH], [NAM], [HOCKY], [DIEM]) VALUES (65, N'E    ', 2012, 2, 6)
INSERT [dbo].[DANGKY] ([MASV], [MAMH], [NAM], [HOCKY], [DIEM]) VALUES (66, N'G    ', 2012, 2, 7.5)
INSERT [dbo].[DANGKY] ([MASV], [MAMH], [NAM], [HOCKY], [DIEM]) VALUES (67, N'C    ', 2015, 2, 6.5)
INSERT [dbo].[DANGKY] ([MASV], [MAMH], [NAM], [HOCKY], [DIEM]) VALUES (68, N'P    ', 2014, 2, 6)
INSERT [dbo].[DANGKY] ([MASV], [MAMH], [NAM], [HOCKY], [DIEM]) VALUES (69, N'M    ', 2012, 2, 10)
INSERT [dbo].[DANGKY] ([MASV], [MAMH], [NAM], [HOCKY], [DIEM]) VALUES (70, N'G    ', 2015, 1, 8)
INSERT [dbo].[DANGKY] ([MASV], [MAMH], [NAM], [HOCKY], [DIEM]) VALUES (71, N'J    ', 2014, 2, 7.5)
INSERT [dbo].[DANGKY] ([MASV], [MAMH], [NAM], [HOCKY], [DIEM]) VALUES (72, N'L    ', 2014, 1, 10)
INSERT [dbo].[DANGKY] ([MASV], [MAMH], [NAM], [HOCKY], [DIEM]) VALUES (73, N'G    ', 2015, 2, 9.5)
INSERT [dbo].[DANGKY] ([MASV], [MAMH], [NAM], [HOCKY], [DIEM]) VALUES (74, N'J    ', 2014, 1, 9)
INSERT [dbo].[DANGKY] ([MASV], [MAMH], [NAM], [HOCKY], [DIEM]) VALUES (75, N'E    ', 2012, 1, 10)
INSERT [dbo].[DANGKY] ([MASV], [MAMH], [NAM], [HOCKY], [DIEM]) VALUES (76, N'M    ', 2013, 1, 6)
INSERT [dbo].[DANGKY] ([MASV], [MAMH], [NAM], [HOCKY], [DIEM]) VALUES (77, N'C    ', 2014, 1, 9.5)
INSERT [dbo].[DANGKY] ([MASV], [MAMH], [NAM], [HOCKY], [DIEM]) VALUES (78, N'L    ', 2013, 1, 6)
INSERT [dbo].[DANGKY] ([MASV], [MAMH], [NAM], [HOCKY], [DIEM]) VALUES (79, N'C    ', 2012, 1, 8.5)
INSERT [dbo].[DANGKY] ([MASV], [MAMH], [NAM], [HOCKY], [DIEM]) VALUES (80, N'G    ', 2014, 2, 9)
INSERT [dbo].[DANGKY] ([MASV], [MAMH], [NAM], [HOCKY], [DIEM]) VALUES (81, N'C    ', 2014, 1, 7)
INSERT [dbo].[DANGKY] ([MASV], [MAMH], [NAM], [HOCKY], [DIEM]) VALUES (82, N'J    ', 2015, 1, 8)
INSERT [dbo].[DANGKY] ([MASV], [MAMH], [NAM], [HOCKY], [DIEM]) VALUES (83, N'L    ', 2015, 1, 7.5)
INSERT [dbo].[DANGKY] ([MASV], [MAMH], [NAM], [HOCKY], [DIEM]) VALUES (84, N'G    ', 2015, 1, 8.5)
INSERT [dbo].[DANGKY] ([MASV], [MAMH], [NAM], [HOCKY], [DIEM]) VALUES (85, N'E    ', 2013, 1, 9)
INSERT [dbo].[DANGKY] ([MASV], [MAMH], [NAM], [HOCKY], [DIEM]) VALUES (86, N'P    ', 2015, 1, 6.5)
INSERT [dbo].[DANGKY] ([MASV], [MAMH], [NAM], [HOCKY], [DIEM]) VALUES (87, N'E    ', 2013, 2, 6)
INSERT [dbo].[DANGKY] ([MASV], [MAMH], [NAM], [HOCKY], [DIEM]) VALUES (88, N'G    ', 2013, 1, 9.5)
INSERT [dbo].[DANGKY] ([MASV], [MAMH], [NAM], [HOCKY], [DIEM]) VALUES (89, N'L    ', 2012, 2, 8.5)
INSERT [dbo].[DANGKY] ([MASV], [MAMH], [NAM], [HOCKY], [DIEM]) VALUES (90, N'E    ', 2014, 2, 7)
INSERT [dbo].[DANGKY] ([MASV], [MAMH], [NAM], [HOCKY], [DIEM]) VALUES (91, N'G    ', 2013, 1, 6.5)
INSERT [dbo].[DANGKY] ([MASV], [MAMH], [NAM], [HOCKY], [DIEM]) VALUES (92, N'G    ', 2013, 2, 9.5)
INSERT [dbo].[DANGKY] ([MASV], [MAMH], [NAM], [HOCKY], [DIEM]) VALUES (93, N'P    ', 2014, 1, 6)
INSERT [dbo].[DANGKY] ([MASV], [MAMH], [NAM], [HOCKY], [DIEM]) VALUES (94, N'E    ', 2013, 1, 6.5)
INSERT [dbo].[DANGKY] ([MASV], [MAMH], [NAM], [HOCKY], [DIEM]) VALUES (95, N'C    ', 2013, 1, 7)
INSERT [dbo].[DANGKY] ([MASV], [MAMH], [NAM], [HOCKY], [DIEM]) VALUES (96, N'M    ', 2013, 1, 6.5)
INSERT [dbo].[DANGKY] ([MASV], [MAMH], [NAM], [HOCKY], [DIEM]) VALUES (97, N'L    ', 2012, 2, 9.5)
INSERT [dbo].[DANGKY] ([MASV], [MAMH], [NAM], [HOCKY], [DIEM]) VALUES (98, N'J    ', 2012, 1, 9.5)
INSERT [dbo].[DANGKY] ([MASV], [MAMH], [NAM], [HOCKY], [DIEM]) VALUES (99, N'E    ', 2015, 1, 7.5)
INSERT [dbo].[DANGKY] ([MASV], [MAMH], [NAM], [HOCKY], [DIEM]) VALUES (100, N'L    ', 2012, 2, 10)
GO
INSERT [dbo].[DANGKY] ([MASV], [MAMH], [NAM], [HOCKY], [DIEM]) VALUES (101, N'L    ', 2012, 2, 6.5)
INSERT [dbo].[DANGKY] ([MASV], [MAMH], [NAM], [HOCKY], [DIEM]) VALUES (102, N'P    ', 2012, 2, 7.5)
INSERT [dbo].[DANGKY] ([MASV], [MAMH], [NAM], [HOCKY], [DIEM]) VALUES (103, N'C    ', 2014, 1, 6.5)
INSERT [dbo].[DANGKY] ([MASV], [MAMH], [NAM], [HOCKY], [DIEM]) VALUES (104, N'P    ', 2014, 1, 8)
INSERT [dbo].[DANGKY] ([MASV], [MAMH], [NAM], [HOCKY], [DIEM]) VALUES (105, N'M    ', 2015, 1, 7.5)
INSERT [dbo].[DANGKY] ([MASV], [MAMH], [NAM], [HOCKY], [DIEM]) VALUES (106, N'E    ', 2015, 2, 8)
INSERT [dbo].[DANGKY] ([MASV], [MAMH], [NAM], [HOCKY], [DIEM]) VALUES (107, N'E    ', 2014, 2, 7.5)
INSERT [dbo].[DANGKY] ([MASV], [MAMH], [NAM], [HOCKY], [DIEM]) VALUES (108, N'P    ', 2012, 1, 6.5)
INSERT [dbo].[DANGKY] ([MASV], [MAMH], [NAM], [HOCKY], [DIEM]) VALUES (109, N'C    ', 2015, 2, 9)
INSERT [dbo].[DANGKY] ([MASV], [MAMH], [NAM], [HOCKY], [DIEM]) VALUES (110, N'J    ', 2015, 2, 10)
INSERT [dbo].[DANGKY] ([MASV], [MAMH], [NAM], [HOCKY], [DIEM]) VALUES (111, N'M    ', 2012, 1, 8.5)
INSERT [dbo].[DANGKY] ([MASV], [MAMH], [NAM], [HOCKY], [DIEM]) VALUES (112, N'L    ', 2012, 1, 7.5)
INSERT [dbo].[DANGKY] ([MASV], [MAMH], [NAM], [HOCKY], [DIEM]) VALUES (113, N'P    ', 2013, 1, 9)
INSERT [dbo].[DANGKY] ([MASV], [MAMH], [NAM], [HOCKY], [DIEM]) VALUES (114, N'E    ', 2013, 1, 7.5)
INSERT [dbo].[DANGKY] ([MASV], [MAMH], [NAM], [HOCKY], [DIEM]) VALUES (115, N'P    ', 2012, 2, 6)
INSERT [dbo].[DANGKY] ([MASV], [MAMH], [NAM], [HOCKY], [DIEM]) VALUES (116, N'G    ', 2014, 2, 6)
INSERT [dbo].[DANGKY] ([MASV], [MAMH], [NAM], [HOCKY], [DIEM]) VALUES (117, N'C    ', 2012, 1, 6.5)
INSERT [dbo].[DANGKY] ([MASV], [MAMH], [NAM], [HOCKY], [DIEM]) VALUES (118, N'C    ', 2014, 2, 9)
INSERT [dbo].[DANGKY] ([MASV], [MAMH], [NAM], [HOCKY], [DIEM]) VALUES (119, N'M    ', 2012, 2, 8.5)
INSERT [dbo].[DANGKY] ([MASV], [MAMH], [NAM], [HOCKY], [DIEM]) VALUES (120, N'L    ', 2015, 1, 6)
INSERT [dbo].[DANGKY] ([MASV], [MAMH], [NAM], [HOCKY], [DIEM]) VALUES (121, N'G    ', 2015, 1, 7.5)
INSERT [dbo].[DANGKY] ([MASV], [MAMH], [NAM], [HOCKY], [DIEM]) VALUES (122, N'J    ', 2015, 2, 8)
INSERT [dbo].[DANGKY] ([MASV], [MAMH], [NAM], [HOCKY], [DIEM]) VALUES (123, N'P    ', 2014, 1, 9)
INSERT [dbo].[DANGKY] ([MASV], [MAMH], [NAM], [HOCKY], [DIEM]) VALUES (124, N'C    ', 2015, 2, 9)
INSERT [dbo].[DANGKY] ([MASV], [MAMH], [NAM], [HOCKY], [DIEM]) VALUES (125, N'L    ', 2014, 1, 9.5)
INSERT [dbo].[DANGKY] ([MASV], [MAMH], [NAM], [HOCKY], [DIEM]) VALUES (126, N'L    ', 2014, 2, 9)
INSERT [dbo].[DANGKY] ([MASV], [MAMH], [NAM], [HOCKY], [DIEM]) VALUES (127, N'E    ', 2012, 2, 8)
INSERT [dbo].[DANGKY] ([MASV], [MAMH], [NAM], [HOCKY], [DIEM]) VALUES (128, N'L    ', 2013, 2, 6.5)
INSERT [dbo].[DANGKY] ([MASV], [MAMH], [NAM], [HOCKY], [DIEM]) VALUES (129, N'C    ', 2015, 2, 9.5)
INSERT [dbo].[DANGKY] ([MASV], [MAMH], [NAM], [HOCKY], [DIEM]) VALUES (130, N'P    ', 2013, 1, 7.5)
INSERT [dbo].[DANGKY] ([MASV], [MAMH], [NAM], [HOCKY], [DIEM]) VALUES (131, N'J    ', 2014, 1, 8)
INSERT [dbo].[DANGKY] ([MASV], [MAMH], [NAM], [HOCKY], [DIEM]) VALUES (132, N'C    ', 2013, 1, 6.5)
INSERT [dbo].[DANGKY] ([MASV], [MAMH], [NAM], [HOCKY], [DIEM]) VALUES (133, N'J    ', 2012, 2, 10)
INSERT [dbo].[DANGKY] ([MASV], [MAMH], [NAM], [HOCKY], [DIEM]) VALUES (134, N'G    ', 2014, 2, 7.5)
INSERT [dbo].[DANGKY] ([MASV], [MAMH], [NAM], [HOCKY], [DIEM]) VALUES (135, N'G    ', 2012, 2, 7)
INSERT [dbo].[DANGKY] ([MASV], [MAMH], [NAM], [HOCKY], [DIEM]) VALUES (136, N'L    ', 2015, 2, 8.5)
INSERT [dbo].[DANGKY] ([MASV], [MAMH], [NAM], [HOCKY], [DIEM]) VALUES (137, N'C    ', 2012, 2, 10)
INSERT [dbo].[DANGKY] ([MASV], [MAMH], [NAM], [HOCKY], [DIEM]) VALUES (138, N'E    ', 2015, 1, 9.5)
INSERT [dbo].[DANGKY] ([MASV], [MAMH], [NAM], [HOCKY], [DIEM]) VALUES (139, N'E    ', 2012, 2, 7.5)
INSERT [dbo].[DANGKY] ([MASV], [MAMH], [NAM], [HOCKY], [DIEM]) VALUES (140, N'C    ', 2014, 1, 7.5)
INSERT [dbo].[DANGKY] ([MASV], [MAMH], [NAM], [HOCKY], [DIEM]) VALUES (141, N'M    ', 2015, 2, 10)
INSERT [dbo].[DANGKY] ([MASV], [MAMH], [NAM], [HOCKY], [DIEM]) VALUES (142, N'G    ', 2014, 1, 8.5)
INSERT [dbo].[DANGKY] ([MASV], [MAMH], [NAM], [HOCKY], [DIEM]) VALUES (143, N'C    ', 2012, 2, 8.5)
INSERT [dbo].[DANGKY] ([MASV], [MAMH], [NAM], [HOCKY], [DIEM]) VALUES (144, N'C    ', 2013, 2, 7)
INSERT [dbo].[DANGKY] ([MASV], [MAMH], [NAM], [HOCKY], [DIEM]) VALUES (145, N'C    ', 2015, 1, 7.5)
INSERT [dbo].[DANGKY] ([MASV], [MAMH], [NAM], [HOCKY], [DIEM]) VALUES (146, N'J    ', 2014, 2, 9.5)
INSERT [dbo].[DANGKY] ([MASV], [MAMH], [NAM], [HOCKY], [DIEM]) VALUES (147, N'P    ', 2014, 2, 6)
INSERT [dbo].[DANGKY] ([MASV], [MAMH], [NAM], [HOCKY], [DIEM]) VALUES (148, N'J    ', 2013, 2, 8.5)
INSERT [dbo].[DANGKY] ([MASV], [MAMH], [NAM], [HOCKY], [DIEM]) VALUES (149, N'E    ', 2014, 2, 9)
INSERT [dbo].[DANGKY] ([MASV], [MAMH], [NAM], [HOCKY], [DIEM]) VALUES (150, N'C    ', 2014, 2, 10)
INSERT [dbo].[DANGKY] ([MASV], [MAMH], [NAM], [HOCKY], [DIEM]) VALUES (151, N'M    ', 2012, 2, 7)
INSERT [dbo].[DANGKY] ([MASV], [MAMH], [NAM], [HOCKY], [DIEM]) VALUES (152, N'J    ', 2014, 2, 6.5)
INSERT [dbo].[DANGKY] ([MASV], [MAMH], [NAM], [HOCKY], [DIEM]) VALUES (153, N'L    ', 2015, 2, 6.5)
INSERT [dbo].[DANGKY] ([MASV], [MAMH], [NAM], [HOCKY], [DIEM]) VALUES (154, N'J    ', 2013, 1, 8)
INSERT [dbo].[DANGKY] ([MASV], [MAMH], [NAM], [HOCKY], [DIEM]) VALUES (155, N'P    ', 2014, 1, 7.5)
INSERT [dbo].[DANGKY] ([MASV], [MAMH], [NAM], [HOCKY], [DIEM]) VALUES (156, N'M    ', 2014, 2, 9)
INSERT [dbo].[DANGKY] ([MASV], [MAMH], [NAM], [HOCKY], [DIEM]) VALUES (157, N'C    ', 2015, 1, 9)
INSERT [dbo].[DANGKY] ([MASV], [MAMH], [NAM], [HOCKY], [DIEM]) VALUES (158, N'L    ', 2015, 2, 7)
INSERT [dbo].[DANGKY] ([MASV], [MAMH], [NAM], [HOCKY], [DIEM]) VALUES (159, N'P    ', 2014, 2, 6.5)
INSERT [dbo].[DANGKY] ([MASV], [MAMH], [NAM], [HOCKY], [DIEM]) VALUES (160, N'M    ', 2013, 1, 7)
INSERT [dbo].[DANGKY] ([MASV], [MAMH], [NAM], [HOCKY], [DIEM]) VALUES (161, N'G    ', 2015, 1, 10)
INSERT [dbo].[DANGKY] ([MASV], [MAMH], [NAM], [HOCKY], [DIEM]) VALUES (162, N'M    ', 2013, 1, 8)
INSERT [dbo].[DANGKY] ([MASV], [MAMH], [NAM], [HOCKY], [DIEM]) VALUES (163, N'P    ', 2012, 2, 10)
INSERT [dbo].[DANGKY] ([MASV], [MAMH], [NAM], [HOCKY], [DIEM]) VALUES (164, N'L    ', 2015, 2, 7)
INSERT [dbo].[DANGKY] ([MASV], [MAMH], [NAM], [HOCKY], [DIEM]) VALUES (165, N'J    ', 2013, 1, 6)
INSERT [dbo].[DANGKY] ([MASV], [MAMH], [NAM], [HOCKY], [DIEM]) VALUES (166, N'E    ', 2015, 2, 7.5)
INSERT [dbo].[DANGKY] ([MASV], [MAMH], [NAM], [HOCKY], [DIEM]) VALUES (167, N'C    ', 2012, 1, 9)
INSERT [dbo].[DANGKY] ([MASV], [MAMH], [NAM], [HOCKY], [DIEM]) VALUES (168, N'P    ', 2012, 2, 9.5)
INSERT [dbo].[DANGKY] ([MASV], [MAMH], [NAM], [HOCKY], [DIEM]) VALUES (169, N'C    ', 2012, 1, 8)
INSERT [dbo].[DANGKY] ([MASV], [MAMH], [NAM], [HOCKY], [DIEM]) VALUES (170, N'P    ', 2013, 2, 7)
INSERT [dbo].[DANGKY] ([MASV], [MAMH], [NAM], [HOCKY], [DIEM]) VALUES (171, N'M    ', 2012, 2, 9)
INSERT [dbo].[DANGKY] ([MASV], [MAMH], [NAM], [HOCKY], [DIEM]) VALUES (172, N'J    ', 2014, 2, 9.5)
INSERT [dbo].[DANGKY] ([MASV], [MAMH], [NAM], [HOCKY], [DIEM]) VALUES (173, N'L    ', 2014, 1, 6.5)
INSERT [dbo].[DANGKY] ([MASV], [MAMH], [NAM], [HOCKY], [DIEM]) VALUES (174, N'P    ', 2015, 1, 8)
INSERT [dbo].[DANGKY] ([MASV], [MAMH], [NAM], [HOCKY], [DIEM]) VALUES (175, N'L    ', 2015, 1, 8.5)
INSERT [dbo].[DANGKY] ([MASV], [MAMH], [NAM], [HOCKY], [DIEM]) VALUES (176, N'P    ', 2014, 1, 9.5)
INSERT [dbo].[DANGKY] ([MASV], [MAMH], [NAM], [HOCKY], [DIEM]) VALUES (177, N'L    ', 2013, 1, 9.5)
INSERT [dbo].[DANGKY] ([MASV], [MAMH], [NAM], [HOCKY], [DIEM]) VALUES (178, N'P    ', 2014, 2, 9)
INSERT [dbo].[DANGKY] ([MASV], [MAMH], [NAM], [HOCKY], [DIEM]) VALUES (179, N'C    ', 2014, 2, 10)
INSERT [dbo].[DANGKY] ([MASV], [MAMH], [NAM], [HOCKY], [DIEM]) VALUES (180, N'E    ', 2013, 2, 9.5)
INSERT [dbo].[DANGKY] ([MASV], [MAMH], [NAM], [HOCKY], [DIEM]) VALUES (181, N'G    ', 2012, 2, 8.5)
INSERT [dbo].[DANGKY] ([MASV], [MAMH], [NAM], [HOCKY], [DIEM]) VALUES (182, N'J    ', 2015, 1, 7.5)
INSERT [dbo].[DANGKY] ([MASV], [MAMH], [NAM], [HOCKY], [DIEM]) VALUES (183, N'C    ', 2015, 1, 9.5)
INSERT [dbo].[DANGKY] ([MASV], [MAMH], [NAM], [HOCKY], [DIEM]) VALUES (184, N'L    ', 2012, 2, 10)
INSERT [dbo].[DANGKY] ([MASV], [MAMH], [NAM], [HOCKY], [DIEM]) VALUES (185, N'C    ', 2015, 2, 7.5)
INSERT [dbo].[DANGKY] ([MASV], [MAMH], [NAM], [HOCKY], [DIEM]) VALUES (186, N'P    ', 2013, 2, 6.5)
INSERT [dbo].[DANGKY] ([MASV], [MAMH], [NAM], [HOCKY], [DIEM]) VALUES (187, N'E    ', 2014, 1, 8)
INSERT [dbo].[DANGKY] ([MASV], [MAMH], [NAM], [HOCKY], [DIEM]) VALUES (188, N'M    ', 2015, 2, 10)
INSERT [dbo].[DANGKY] ([MASV], [MAMH], [NAM], [HOCKY], [DIEM]) VALUES (189, N'G    ', 2015, 2, 9)
INSERT [dbo].[DANGKY] ([MASV], [MAMH], [NAM], [HOCKY], [DIEM]) VALUES (190, N'M    ', 2014, 1, 10)
INSERT [dbo].[DANGKY] ([MASV], [MAMH], [NAM], [HOCKY], [DIEM]) VALUES (191, N'G    ', 2015, 2, 8.5)
INSERT [dbo].[DANGKY] ([MASV], [MAMH], [NAM], [HOCKY], [DIEM]) VALUES (192, N'C    ', 2013, 2, 6)
INSERT [dbo].[DANGKY] ([MASV], [MAMH], [NAM], [HOCKY], [DIEM]) VALUES (193, N'L    ', 2013, 1, 7)
INSERT [dbo].[DANGKY] ([MASV], [MAMH], [NAM], [HOCKY], [DIEM]) VALUES (194, N'L    ', 2014, 2, 9)
INSERT [dbo].[DANGKY] ([MASV], [MAMH], [NAM], [HOCKY], [DIEM]) VALUES (195, N'E    ', 2015, 2, 6)
INSERT [dbo].[DANGKY] ([MASV], [MAMH], [NAM], [HOCKY], [DIEM]) VALUES (196, N'G    ', 2012, 1, 10)
INSERT [dbo].[DANGKY] ([MASV], [MAMH], [NAM], [HOCKY], [DIEM]) VALUES (197, N'E    ', 2015, 2, 7)
INSERT [dbo].[DANGKY] ([MASV], [MAMH], [NAM], [HOCKY], [DIEM]) VALUES (198, N'L    ', 2015, 1, 9.5)
INSERT [dbo].[DANGKY] ([MASV], [MAMH], [NAM], [HOCKY], [DIEM]) VALUES (199, N'C    ', 2012, 2, 8)
INSERT [dbo].[DANGKY] ([MASV], [MAMH], [NAM], [HOCKY], [DIEM]) VALUES (200, N'C    ', 2012, 2, 7.5)
GO
INSERT [dbo].[DANGKY] ([MASV], [MAMH], [NAM], [HOCKY], [DIEM]) VALUES (201, N'E    ', 2012, 1, 8.5)
INSERT [dbo].[DANGKY] ([MASV], [MAMH], [NAM], [HOCKY], [DIEM]) VALUES (202, N'C    ', 2014, 1, 6.5)
INSERT [dbo].[DANGKY] ([MASV], [MAMH], [NAM], [HOCKY], [DIEM]) VALUES (203, N'E    ', 2015, 1, 7)
INSERT [dbo].[DANGKY] ([MASV], [MAMH], [NAM], [HOCKY], [DIEM]) VALUES (204, N'M    ', 2015, 1, 7)
INSERT [dbo].[DANGKY] ([MASV], [MAMH], [NAM], [HOCKY], [DIEM]) VALUES (205, N'L    ', 2012, 1, 9)
INSERT [dbo].[DANGKY] ([MASV], [MAMH], [NAM], [HOCKY], [DIEM]) VALUES (206, N'E    ', 2013, 1, 8)
INSERT [dbo].[DANGKY] ([MASV], [MAMH], [NAM], [HOCKY], [DIEM]) VALUES (207, N'G    ', 2015, 1, 7.5)
INSERT [dbo].[DANGKY] ([MASV], [MAMH], [NAM], [HOCKY], [DIEM]) VALUES (208, N'C    ', 2015, 1, 10)
INSERT [dbo].[DANGKY] ([MASV], [MAMH], [NAM], [HOCKY], [DIEM]) VALUES (209, N'P    ', 2015, 2, 10)
INSERT [dbo].[DANGKY] ([MASV], [MAMH], [NAM], [HOCKY], [DIEM]) VALUES (210, N'L    ', 2015, 1, 10)
INSERT [dbo].[DANGKY] ([MASV], [MAMH], [NAM], [HOCKY], [DIEM]) VALUES (211, N'P    ', 2013, 2, 7.5)
INSERT [dbo].[DANGKY] ([MASV], [MAMH], [NAM], [HOCKY], [DIEM]) VALUES (212, N'J    ', 2012, 1, 8.5)
INSERT [dbo].[DANGKY] ([MASV], [MAMH], [NAM], [HOCKY], [DIEM]) VALUES (213, N'M    ', 2014, 2, 8.5)
INSERT [dbo].[DANGKY] ([MASV], [MAMH], [NAM], [HOCKY], [DIEM]) VALUES (214, N'G    ', 2012, 2, 8.5)
INSERT [dbo].[DANGKY] ([MASV], [MAMH], [NAM], [HOCKY], [DIEM]) VALUES (215, N'J    ', 2015, 1, 9.5)
INSERT [dbo].[DANGKY] ([MASV], [MAMH], [NAM], [HOCKY], [DIEM]) VALUES (216, N'L    ', 2014, 1, 9.5)
INSERT [dbo].[DANGKY] ([MASV], [MAMH], [NAM], [HOCKY], [DIEM]) VALUES (217, N'J    ', 2012, 1, 9)
INSERT [dbo].[DANGKY] ([MASV], [MAMH], [NAM], [HOCKY], [DIEM]) VALUES (218, N'C    ', 2015, 1, 8.5)
INSERT [dbo].[DANGKY] ([MASV], [MAMH], [NAM], [HOCKY], [DIEM]) VALUES (219, N'E    ', 2012, 1, 8)
INSERT [dbo].[DANGKY] ([MASV], [MAMH], [NAM], [HOCKY], [DIEM]) VALUES (220, N'E    ', 2014, 1, 8.5)
INSERT [dbo].[DANGKY] ([MASV], [MAMH], [NAM], [HOCKY], [DIEM]) VALUES (221, N'M    ', 2015, 1, 8)
INSERT [dbo].[DANGKY] ([MASV], [MAMH], [NAM], [HOCKY], [DIEM]) VALUES (222, N'C    ', 2014, 1, 9)
INSERT [dbo].[DANGKY] ([MASV], [MAMH], [NAM], [HOCKY], [DIEM]) VALUES (223, N'P    ', 2013, 2, 8)
INSERT [dbo].[DANGKY] ([MASV], [MAMH], [NAM], [HOCKY], [DIEM]) VALUES (224, N'M    ', 2015, 2, 9)
INSERT [dbo].[DANGKY] ([MASV], [MAMH], [NAM], [HOCKY], [DIEM]) VALUES (225, N'P    ', 2013, 2, 6.5)
INSERT [dbo].[DANGKY] ([MASV], [MAMH], [NAM], [HOCKY], [DIEM]) VALUES (226, N'G    ', 2015, 1, 10)
INSERT [dbo].[DANGKY] ([MASV], [MAMH], [NAM], [HOCKY], [DIEM]) VALUES (227, N'C    ', 2012, 1, 9.5)
INSERT [dbo].[DANGKY] ([MASV], [MAMH], [NAM], [HOCKY], [DIEM]) VALUES (228, N'L    ', 2013, 1, 10)
INSERT [dbo].[DANGKY] ([MASV], [MAMH], [NAM], [HOCKY], [DIEM]) VALUES (229, N'C    ', 2015, 1, 6.5)
INSERT [dbo].[DANGKY] ([MASV], [MAMH], [NAM], [HOCKY], [DIEM]) VALUES (230, N'P    ', 2015, 1, 8.5)
INSERT [dbo].[DANGKY] ([MASV], [MAMH], [NAM], [HOCKY], [DIEM]) VALUES (231, N'G    ', 2012, 2, 8)
INSERT [dbo].[DANGKY] ([MASV], [MAMH], [NAM], [HOCKY], [DIEM]) VALUES (232, N'L    ', 2014, 2, 8.5)
INSERT [dbo].[DANGKY] ([MASV], [MAMH], [NAM], [HOCKY], [DIEM]) VALUES (233, N'J    ', 2013, 1, 9)
INSERT [dbo].[DANGKY] ([MASV], [MAMH], [NAM], [HOCKY], [DIEM]) VALUES (234, N'E    ', 2014, 2, 9)
INSERT [dbo].[DANGKY] ([MASV], [MAMH], [NAM], [HOCKY], [DIEM]) VALUES (235, N'J    ', 2015, 1, 6.5)
INSERT [dbo].[DANGKY] ([MASV], [MAMH], [NAM], [HOCKY], [DIEM]) VALUES (236, N'C    ', 2013, 1, 8)
INSERT [dbo].[DANGKY] ([MASV], [MAMH], [NAM], [HOCKY], [DIEM]) VALUES (237, N'E    ', 2015, 2, 9.5)
INSERT [dbo].[DANGKY] ([MASV], [MAMH], [NAM], [HOCKY], [DIEM]) VALUES (238, N'G    ', 2014, 1, 7)
INSERT [dbo].[DANGKY] ([MASV], [MAMH], [NAM], [HOCKY], [DIEM]) VALUES (239, N'L    ', 2015, 2, 10)
INSERT [dbo].[DANGKY] ([MASV], [MAMH], [NAM], [HOCKY], [DIEM]) VALUES (240, N'G    ', 2014, 1, 9)
INSERT [dbo].[DANGKY] ([MASV], [MAMH], [NAM], [HOCKY], [DIEM]) VALUES (241, N'J    ', 2013, 2, 7)
INSERT [dbo].[DANGKY] ([MASV], [MAMH], [NAM], [HOCKY], [DIEM]) VALUES (242, N'M    ', 2015, 2, 9)
INSERT [dbo].[DANGKY] ([MASV], [MAMH], [NAM], [HOCKY], [DIEM]) VALUES (243, N'M    ', 2014, 1, 7)
INSERT [dbo].[DANGKY] ([MASV], [MAMH], [NAM], [HOCKY], [DIEM]) VALUES (244, N'P    ', 2013, 1, 8.5)
INSERT [dbo].[DANGKY] ([MASV], [MAMH], [NAM], [HOCKY], [DIEM]) VALUES (245, N'E    ', 2014, 1, 10)
INSERT [dbo].[DANGKY] ([MASV], [MAMH], [NAM], [HOCKY], [DIEM]) VALUES (246, N'M    ', 2012, 1, 6)
INSERT [dbo].[DANGKY] ([MASV], [MAMH], [NAM], [HOCKY], [DIEM]) VALUES (247, N'P    ', 2012, 1, 9.5)
INSERT [dbo].[DANGKY] ([MASV], [MAMH], [NAM], [HOCKY], [DIEM]) VALUES (248, N'J    ', 2012, 2, 7.5)
INSERT [dbo].[DANGKY] ([MASV], [MAMH], [NAM], [HOCKY], [DIEM]) VALUES (249, N'E    ', 2013, 2, 8.5)
INSERT [dbo].[DANGKY] ([MASV], [MAMH], [NAM], [HOCKY], [DIEM]) VALUES (250, N'L    ', 2014, 2, 8.5)
INSERT [dbo].[DANGKY] ([MASV], [MAMH], [NAM], [HOCKY], [DIEM]) VALUES (251, N'C    ', 2013, 1, 10)
INSERT [dbo].[DANGKY] ([MASV], [MAMH], [NAM], [HOCKY], [DIEM]) VALUES (252, N'E    ', 2014, 1, 7)
INSERT [dbo].[DANGKY] ([MASV], [MAMH], [NAM], [HOCKY], [DIEM]) VALUES (253, N'L    ', 2012, 2, 9.5)
INSERT [dbo].[DANGKY] ([MASV], [MAMH], [NAM], [HOCKY], [DIEM]) VALUES (254, N'G    ', 2015, 1, 9)
INSERT [dbo].[DANGKY] ([MASV], [MAMH], [NAM], [HOCKY], [DIEM]) VALUES (255, N'J    ', 2013, 1, 8.5)
INSERT [dbo].[DANGKY] ([MASV], [MAMH], [NAM], [HOCKY], [DIEM]) VALUES (256, N'P    ', 2015, 1, 6)
INSERT [dbo].[DANGKY] ([MASV], [MAMH], [NAM], [HOCKY], [DIEM]) VALUES (257, N'J    ', 2015, 1, 8.5)
INSERT [dbo].[DANGKY] ([MASV], [MAMH], [NAM], [HOCKY], [DIEM]) VALUES (258, N'E    ', 2012, 1, 7.5)
INSERT [dbo].[DANGKY] ([MASV], [MAMH], [NAM], [HOCKY], [DIEM]) VALUES (259, N'E    ', 2012, 2, 7)
INSERT [dbo].[DANGKY] ([MASV], [MAMH], [NAM], [HOCKY], [DIEM]) VALUES (260, N'C    ', 2015, 1, 6)
INSERT [dbo].[DANGKY] ([MASV], [MAMH], [NAM], [HOCKY], [DIEM]) VALUES (261, N'C    ', 2012, 2, 6.5)
INSERT [dbo].[DANGKY] ([MASV], [MAMH], [NAM], [HOCKY], [DIEM]) VALUES (262, N'E    ', 2015, 1, 8)
INSERT [dbo].[DANGKY] ([MASV], [MAMH], [NAM], [HOCKY], [DIEM]) VALUES (263, N'M    ', 2012, 2, 6.5)
INSERT [dbo].[DANGKY] ([MASV], [MAMH], [NAM], [HOCKY], [DIEM]) VALUES (264, N'P    ', 2015, 1, 9.5)
INSERT [dbo].[DANGKY] ([MASV], [MAMH], [NAM], [HOCKY], [DIEM]) VALUES (265, N'L    ', 2014, 1, 9)
INSERT [dbo].[DANGKY] ([MASV], [MAMH], [NAM], [HOCKY], [DIEM]) VALUES (266, N'M    ', 2015, 1, 7.5)
INSERT [dbo].[DANGKY] ([MASV], [MAMH], [NAM], [HOCKY], [DIEM]) VALUES (267, N'G    ', 2013, 2, 6.5)
INSERT [dbo].[DANGKY] ([MASV], [MAMH], [NAM], [HOCKY], [DIEM]) VALUES (268, N'C    ', 2012, 1, 10)
INSERT [dbo].[DANGKY] ([MASV], [MAMH], [NAM], [HOCKY], [DIEM]) VALUES (269, N'E    ', 2012, 2, 9.5)
INSERT [dbo].[DANGKY] ([MASV], [MAMH], [NAM], [HOCKY], [DIEM]) VALUES (270, N'M    ', 2013, 2, 6)
INSERT [dbo].[DANGKY] ([MASV], [MAMH], [NAM], [HOCKY], [DIEM]) VALUES (271, N'E    ', 2014, 2, 6.5)
INSERT [dbo].[DANGKY] ([MASV], [MAMH], [NAM], [HOCKY], [DIEM]) VALUES (272, N'P    ', 2012, 1, 9.5)
INSERT [dbo].[DANGKY] ([MASV], [MAMH], [NAM], [HOCKY], [DIEM]) VALUES (273, N'E    ', 2014, 2, 6)
INSERT [dbo].[DANGKY] ([MASV], [MAMH], [NAM], [HOCKY], [DIEM]) VALUES (274, N'G    ', 2014, 1, 8.5)
INSERT [dbo].[DANGKY] ([MASV], [MAMH], [NAM], [HOCKY], [DIEM]) VALUES (275, N'L    ', 2013, 2, 8)
INSERT [dbo].[DANGKY] ([MASV], [MAMH], [NAM], [HOCKY], [DIEM]) VALUES (276, N'P    ', 2014, 1, 10)
INSERT [dbo].[DANGKY] ([MASV], [MAMH], [NAM], [HOCKY], [DIEM]) VALUES (277, N'M    ', 2013, 2, 6.5)
INSERT [dbo].[DANGKY] ([MASV], [MAMH], [NAM], [HOCKY], [DIEM]) VALUES (278, N'L    ', 2013, 1, 9.5)
INSERT [dbo].[DANGKY] ([MASV], [MAMH], [NAM], [HOCKY], [DIEM]) VALUES (279, N'P    ', 2012, 1, 8.5)
INSERT [dbo].[DANGKY] ([MASV], [MAMH], [NAM], [HOCKY], [DIEM]) VALUES (280, N'C    ', 2013, 1, 7)
INSERT [dbo].[DANGKY] ([MASV], [MAMH], [NAM], [HOCKY], [DIEM]) VALUES (281, N'E    ', 2014, 1, 7)
INSERT [dbo].[DANGKY] ([MASV], [MAMH], [NAM], [HOCKY], [DIEM]) VALUES (282, N'C    ', 2014, 1, 7)
INSERT [dbo].[DANGKY] ([MASV], [MAMH], [NAM], [HOCKY], [DIEM]) VALUES (283, N'C    ', 2013, 1, 7.5)
INSERT [dbo].[DANGKY] ([MASV], [MAMH], [NAM], [HOCKY], [DIEM]) VALUES (284, N'C    ', 2012, 2, 7)
INSERT [dbo].[DANGKY] ([MASV], [MAMH], [NAM], [HOCKY], [DIEM]) VALUES (285, N'G    ', 2012, 2, 7)
INSERT [dbo].[DANGKY] ([MASV], [MAMH], [NAM], [HOCKY], [DIEM]) VALUES (286, N'L    ', 2015, 1, 6.5)
INSERT [dbo].[DANGKY] ([MASV], [MAMH], [NAM], [HOCKY], [DIEM]) VALUES (287, N'E    ', 2012, 1, 10)
INSERT [dbo].[DANGKY] ([MASV], [MAMH], [NAM], [HOCKY], [DIEM]) VALUES (288, N'L    ', 2015, 1, 6.5)
INSERT [dbo].[DANGKY] ([MASV], [MAMH], [NAM], [HOCKY], [DIEM]) VALUES (289, N'G    ', 2014, 2, 10)
INSERT [dbo].[DANGKY] ([MASV], [MAMH], [NAM], [HOCKY], [DIEM]) VALUES (290, N'M    ', 2012, 2, 9.5)
INSERT [dbo].[DANGKY] ([MASV], [MAMH], [NAM], [HOCKY], [DIEM]) VALUES (291, N'E    ', 2015, 2, 6.5)
INSERT [dbo].[DANGKY] ([MASV], [MAMH], [NAM], [HOCKY], [DIEM]) VALUES (292, N'M    ', 2015, 1, 6)
INSERT [dbo].[DANGKY] ([MASV], [MAMH], [NAM], [HOCKY], [DIEM]) VALUES (293, N'E    ', 2013, 2, 6)
INSERT [dbo].[DANGKY] ([MASV], [MAMH], [NAM], [HOCKY], [DIEM]) VALUES (294, N'E    ', 2014, 2, 7.5)
INSERT [dbo].[DANGKY] ([MASV], [MAMH], [NAM], [HOCKY], [DIEM]) VALUES (295, N'E    ', 2014, 1, 8.5)
INSERT [dbo].[DANGKY] ([MASV], [MAMH], [NAM], [HOCKY], [DIEM]) VALUES (296, N'J    ', 2014, 2, 9)
INSERT [dbo].[DANGKY] ([MASV], [MAMH], [NAM], [HOCKY], [DIEM]) VALUES (297, N'M    ', 2012, 2, 6)
INSERT [dbo].[DANGKY] ([MASV], [MAMH], [NAM], [HOCKY], [DIEM]) VALUES (298, N'L    ', 2012, 1, 6)
INSERT [dbo].[DANGKY] ([MASV], [MAMH], [NAM], [HOCKY], [DIEM]) VALUES (299, N'M    ', 2013, 1, 10)
INSERT [dbo].[DANGKY] ([MASV], [MAMH], [NAM], [HOCKY], [DIEM]) VALUES (300, N'E    ', 2012, 1, 6)
GO
INSERT [dbo].[DANGKY] ([MASV], [MAMH], [NAM], [HOCKY], [DIEM]) VALUES (301, N'M    ', 2013, 1, 9.5)
INSERT [dbo].[DANGKY] ([MASV], [MAMH], [NAM], [HOCKY], [DIEM]) VALUES (302, N'P    ', 2015, 1, 6.5)
INSERT [dbo].[DANGKY] ([MASV], [MAMH], [NAM], [HOCKY], [DIEM]) VALUES (303, N'M    ', 2014, 2, 8)
INSERT [dbo].[DANGKY] ([MASV], [MAMH], [NAM], [HOCKY], [DIEM]) VALUES (304, N'C    ', 2012, 1, 7)
INSERT [dbo].[DANGKY] ([MASV], [MAMH], [NAM], [HOCKY], [DIEM]) VALUES (305, N'M    ', 2013, 1, 6)
INSERT [dbo].[DANGKY] ([MASV], [MAMH], [NAM], [HOCKY], [DIEM]) VALUES (306, N'M    ', 2014, 1, 7.5)
INSERT [dbo].[DANGKY] ([MASV], [MAMH], [NAM], [HOCKY], [DIEM]) VALUES (307, N'P    ', 2014, 1, 7.5)
INSERT [dbo].[DANGKY] ([MASV], [MAMH], [NAM], [HOCKY], [DIEM]) VALUES (308, N'G    ', 2015, 1, 6)
INSERT [dbo].[DANGKY] ([MASV], [MAMH], [NAM], [HOCKY], [DIEM]) VALUES (309, N'C    ', 2012, 2, 7)
INSERT [dbo].[DANGKY] ([MASV], [MAMH], [NAM], [HOCKY], [DIEM]) VALUES (310, N'E    ', 2012, 1, 6.5)
INSERT [dbo].[DANGKY] ([MASV], [MAMH], [NAM], [HOCKY], [DIEM]) VALUES (311, N'E    ', 2015, 2, 7)
INSERT [dbo].[DANGKY] ([MASV], [MAMH], [NAM], [HOCKY], [DIEM]) VALUES (312, N'P    ', 2015, 2, 6.5)
INSERT [dbo].[DANGKY] ([MASV], [MAMH], [NAM], [HOCKY], [DIEM]) VALUES (313, N'E    ', 2015, 1, 6.5)
INSERT [dbo].[DANGKY] ([MASV], [MAMH], [NAM], [HOCKY], [DIEM]) VALUES (314, N'L    ', 2015, 1, 9)
INSERT [dbo].[DANGKY] ([MASV], [MAMH], [NAM], [HOCKY], [DIEM]) VALUES (315, N'C    ', 2013, 1, 6.5)
INSERT [dbo].[DANGKY] ([MASV], [MAMH], [NAM], [HOCKY], [DIEM]) VALUES (316, N'G    ', 2013, 1, 7.5)
INSERT [dbo].[DANGKY] ([MASV], [MAMH], [NAM], [HOCKY], [DIEM]) VALUES (317, N'E    ', 2014, 1, 9)
INSERT [dbo].[DANGKY] ([MASV], [MAMH], [NAM], [HOCKY], [DIEM]) VALUES (318, N'M    ', 2015, 2, 6)
INSERT [dbo].[DANGKY] ([MASV], [MAMH], [NAM], [HOCKY], [DIEM]) VALUES (319, N'P    ', 2015, 2, 8)
INSERT [dbo].[DANGKY] ([MASV], [MAMH], [NAM], [HOCKY], [DIEM]) VALUES (320, N'M    ', 2014, 1, 9)
INSERT [dbo].[DANGKY] ([MASV], [MAMH], [NAM], [HOCKY], [DIEM]) VALUES (321, N'J    ', 2015, 2, 7)
INSERT [dbo].[DANGKY] ([MASV], [MAMH], [NAM], [HOCKY], [DIEM]) VALUES (322, N'J    ', 2015, 2, 9)
INSERT [dbo].[DANGKY] ([MASV], [MAMH], [NAM], [HOCKY], [DIEM]) VALUES (323, N'G    ', 2013, 2, 7)
INSERT [dbo].[DANGKY] ([MASV], [MAMH], [NAM], [HOCKY], [DIEM]) VALUES (324, N'M    ', 2014, 2, 7)
INSERT [dbo].[DANGKY] ([MASV], [MAMH], [NAM], [HOCKY], [DIEM]) VALUES (325, N'J    ', 2013, 1, 7.5)
INSERT [dbo].[DANGKY] ([MASV], [MAMH], [NAM], [HOCKY], [DIEM]) VALUES (326, N'G    ', 2012, 1, 8)
INSERT [dbo].[DANGKY] ([MASV], [MAMH], [NAM], [HOCKY], [DIEM]) VALUES (327, N'G    ', 2012, 2, 8)
INSERT [dbo].[DANGKY] ([MASV], [MAMH], [NAM], [HOCKY], [DIEM]) VALUES (328, N'J    ', 2013, 2, 10)
INSERT [dbo].[DANGKY] ([MASV], [MAMH], [NAM], [HOCKY], [DIEM]) VALUES (329, N'G    ', 2013, 2, 9)
INSERT [dbo].[DANGKY] ([MASV], [MAMH], [NAM], [HOCKY], [DIEM]) VALUES (330, N'J    ', 2012, 1, 7)
INSERT [dbo].[DANGKY] ([MASV], [MAMH], [NAM], [HOCKY], [DIEM]) VALUES (331, N'C    ', 2013, 2, 7.5)
INSERT [dbo].[DANGKY] ([MASV], [MAMH], [NAM], [HOCKY], [DIEM]) VALUES (332, N'G    ', 2014, 1, 7.5)
INSERT [dbo].[DANGKY] ([MASV], [MAMH], [NAM], [HOCKY], [DIEM]) VALUES (333, N'C    ', 2012, 2, 9.5)
INSERT [dbo].[DANGKY] ([MASV], [MAMH], [NAM], [HOCKY], [DIEM]) VALUES (334, N'E    ', 2013, 2, 6.5)
INSERT [dbo].[DANGKY] ([MASV], [MAMH], [NAM], [HOCKY], [DIEM]) VALUES (335, N'M    ', 2012, 1, 8.5)
INSERT [dbo].[DANGKY] ([MASV], [MAMH], [NAM], [HOCKY], [DIEM]) VALUES (336, N'P    ', 2013, 1, 6)
INSERT [dbo].[DANGKY] ([MASV], [MAMH], [NAM], [HOCKY], [DIEM]) VALUES (337, N'J    ', 2012, 2, 8.5)
INSERT [dbo].[DANGKY] ([MASV], [MAMH], [NAM], [HOCKY], [DIEM]) VALUES (338, N'C    ', 2014, 2, 6)
INSERT [dbo].[DANGKY] ([MASV], [MAMH], [NAM], [HOCKY], [DIEM]) VALUES (339, N'M    ', 2012, 1, 10)
INSERT [dbo].[DANGKY] ([MASV], [MAMH], [NAM], [HOCKY], [DIEM]) VALUES (340, N'M    ', 2012, 2, 7.5)
INSERT [dbo].[DANGKY] ([MASV], [MAMH], [NAM], [HOCKY], [DIEM]) VALUES (341, N'G    ', 2012, 1, 7)
INSERT [dbo].[DANGKY] ([MASV], [MAMH], [NAM], [HOCKY], [DIEM]) VALUES (342, N'J    ', 2013, 1, 7.5)
INSERT [dbo].[DANGKY] ([MASV], [MAMH], [NAM], [HOCKY], [DIEM]) VALUES (343, N'C    ', 2014, 2, 6.5)
INSERT [dbo].[DANGKY] ([MASV], [MAMH], [NAM], [HOCKY], [DIEM]) VALUES (344, N'L    ', 2012, 1, 6.5)
INSERT [dbo].[DANGKY] ([MASV], [MAMH], [NAM], [HOCKY], [DIEM]) VALUES (345, N'E    ', 2014, 2, 8)
INSERT [dbo].[DANGKY] ([MASV], [MAMH], [NAM], [HOCKY], [DIEM]) VALUES (346, N'P    ', 2012, 2, 6)
INSERT [dbo].[DANGKY] ([MASV], [MAMH], [NAM], [HOCKY], [DIEM]) VALUES (347, N'P    ', 2013, 1, 7)
INSERT [dbo].[DANGKY] ([MASV], [MAMH], [NAM], [HOCKY], [DIEM]) VALUES (348, N'J    ', 2013, 1, 6.5)
INSERT [dbo].[DANGKY] ([MASV], [MAMH], [NAM], [HOCKY], [DIEM]) VALUES (349, N'J    ', 2012, 2, 6.5)
INSERT [dbo].[DANGKY] ([MASV], [MAMH], [NAM], [HOCKY], [DIEM]) VALUES (350, N'L    ', 2014, 1, 6)
INSERT [dbo].[DANGKY] ([MASV], [MAMH], [NAM], [HOCKY], [DIEM]) VALUES (351, N'P    ', 2015, 2, 7.5)
INSERT [dbo].[DANGKY] ([MASV], [MAMH], [NAM], [HOCKY], [DIEM]) VALUES (352, N'M    ', 2015, 1, 7)
INSERT [dbo].[DANGKY] ([MASV], [MAMH], [NAM], [HOCKY], [DIEM]) VALUES (353, N'M    ', 2014, 2, 7.5)
INSERT [dbo].[DANGKY] ([MASV], [MAMH], [NAM], [HOCKY], [DIEM]) VALUES (354, N'J    ', 2015, 2, 7.5)
INSERT [dbo].[DANGKY] ([MASV], [MAMH], [NAM], [HOCKY], [DIEM]) VALUES (355, N'L    ', 2012, 2, 7.5)
INSERT [dbo].[DANGKY] ([MASV], [MAMH], [NAM], [HOCKY], [DIEM]) VALUES (356, N'P    ', 2014, 2, 8)
INSERT [dbo].[DANGKY] ([MASV], [MAMH], [NAM], [HOCKY], [DIEM]) VALUES (357, N'E    ', 2014, 2, 8)
INSERT [dbo].[DANGKY] ([MASV], [MAMH], [NAM], [HOCKY], [DIEM]) VALUES (358, N'C    ', 2015, 1, 8)
INSERT [dbo].[DANGKY] ([MASV], [MAMH], [NAM], [HOCKY], [DIEM]) VALUES (359, N'P    ', 2014, 1, 6.5)
INSERT [dbo].[DANGKY] ([MASV], [MAMH], [NAM], [HOCKY], [DIEM]) VALUES (360, N'M    ', 2014, 2, 8)
INSERT [dbo].[DANGKY] ([MASV], [MAMH], [NAM], [HOCKY], [DIEM]) VALUES (361, N'G    ', 2015, 2, 7.5)
INSERT [dbo].[DANGKY] ([MASV], [MAMH], [NAM], [HOCKY], [DIEM]) VALUES (362, N'J    ', 2015, 2, 8.5)
INSERT [dbo].[DANGKY] ([MASV], [MAMH], [NAM], [HOCKY], [DIEM]) VALUES (363, N'M    ', 2013, 2, 6)
INSERT [dbo].[DANGKY] ([MASV], [MAMH], [NAM], [HOCKY], [DIEM]) VALUES (364, N'L    ', 2015, 2, 6)
INSERT [dbo].[DANGKY] ([MASV], [MAMH], [NAM], [HOCKY], [DIEM]) VALUES (365, N'C    ', 2012, 2, 8.5)
INSERT [dbo].[DANGKY] ([MASV], [MAMH], [NAM], [HOCKY], [DIEM]) VALUES (366, N'G    ', 2012, 1, 8)
INSERT [dbo].[DANGKY] ([MASV], [MAMH], [NAM], [HOCKY], [DIEM]) VALUES (367, N'G    ', 2012, 1, 8.5)
INSERT [dbo].[DANGKY] ([MASV], [MAMH], [NAM], [HOCKY], [DIEM]) VALUES (368, N'C    ', 2013, 1, 10)
INSERT [dbo].[DANGKY] ([MASV], [MAMH], [NAM], [HOCKY], [DIEM]) VALUES (369, N'P    ', 2014, 1, 7)
INSERT [dbo].[DANGKY] ([MASV], [MAMH], [NAM], [HOCKY], [DIEM]) VALUES (370, N'E    ', 2015, 1, 10)
INSERT [dbo].[DANGKY] ([MASV], [MAMH], [NAM], [HOCKY], [DIEM]) VALUES (371, N'P    ', 2012, 2, 8)
INSERT [dbo].[DANGKY] ([MASV], [MAMH], [NAM], [HOCKY], [DIEM]) VALUES (372, N'M    ', 2015, 1, 6)
INSERT [dbo].[DANGKY] ([MASV], [MAMH], [NAM], [HOCKY], [DIEM]) VALUES (373, N'E    ', 2014, 2, 9.5)
INSERT [dbo].[DANGKY] ([MASV], [MAMH], [NAM], [HOCKY], [DIEM]) VALUES (374, N'P    ', 2015, 1, 9)
INSERT [dbo].[DANGKY] ([MASV], [MAMH], [NAM], [HOCKY], [DIEM]) VALUES (375, N'G    ', 2015, 1, 8.5)
INSERT [dbo].[DANGKY] ([MASV], [MAMH], [NAM], [HOCKY], [DIEM]) VALUES (376, N'J    ', 2014, 1, 6)
INSERT [dbo].[DANGKY] ([MASV], [MAMH], [NAM], [HOCKY], [DIEM]) VALUES (377, N'G    ', 2012, 2, 6.5)
INSERT [dbo].[DANGKY] ([MASV], [MAMH], [NAM], [HOCKY], [DIEM]) VALUES (378, N'C    ', 2015, 2, 7.5)
INSERT [dbo].[DANGKY] ([MASV], [MAMH], [NAM], [HOCKY], [DIEM]) VALUES (379, N'J    ', 2014, 1, 9.5)
INSERT [dbo].[DANGKY] ([MASV], [MAMH], [NAM], [HOCKY], [DIEM]) VALUES (380, N'J    ', 2014, 2, 9)
INSERT [dbo].[DANGKY] ([MASV], [MAMH], [NAM], [HOCKY], [DIEM]) VALUES (381, N'M    ', 2015, 2, 7)
INSERT [dbo].[DANGKY] ([MASV], [MAMH], [NAM], [HOCKY], [DIEM]) VALUES (382, N'J    ', 2012, 1, 6.5)
INSERT [dbo].[DANGKY] ([MASV], [MAMH], [NAM], [HOCKY], [DIEM]) VALUES (383, N'J    ', 2013, 2, 7)
INSERT [dbo].[DANGKY] ([MASV], [MAMH], [NAM], [HOCKY], [DIEM]) VALUES (384, N'M    ', 2013, 2, 10)
INSERT [dbo].[DANGKY] ([MASV], [MAMH], [NAM], [HOCKY], [DIEM]) VALUES (385, N'L    ', 2014, 2, 7)
INSERT [dbo].[DANGKY] ([MASV], [MAMH], [NAM], [HOCKY], [DIEM]) VALUES (386, N'P    ', 2015, 2, 8)
INSERT [dbo].[DANGKY] ([MASV], [MAMH], [NAM], [HOCKY], [DIEM]) VALUES (387, N'J    ', 2015, 2, 9.5)
INSERT [dbo].[DANGKY] ([MASV], [MAMH], [NAM], [HOCKY], [DIEM]) VALUES (388, N'P    ', 2012, 2, 9)
INSERT [dbo].[DANGKY] ([MASV], [MAMH], [NAM], [HOCKY], [DIEM]) VALUES (389, N'M    ', 2013, 1, 8.5)
INSERT [dbo].[DANGKY] ([MASV], [MAMH], [NAM], [HOCKY], [DIEM]) VALUES (390, N'J    ', 2012, 1, 6)
INSERT [dbo].[DANGKY] ([MASV], [MAMH], [NAM], [HOCKY], [DIEM]) VALUES (391, N'L    ', 2015, 1, 7)
INSERT [dbo].[DANGKY] ([MASV], [MAMH], [NAM], [HOCKY], [DIEM]) VALUES (392, N'G    ', 2015, 1, 8)
INSERT [dbo].[DANGKY] ([MASV], [MAMH], [NAM], [HOCKY], [DIEM]) VALUES (393, N'P    ', 2014, 2, 8.5)
INSERT [dbo].[DANGKY] ([MASV], [MAMH], [NAM], [HOCKY], [DIEM]) VALUES (394, N'G    ', 2014, 2, 8.5)
INSERT [dbo].[DANGKY] ([MASV], [MAMH], [NAM], [HOCKY], [DIEM]) VALUES (395, N'L    ', 2013, 1, 8.5)
INSERT [dbo].[DANGKY] ([MASV], [MAMH], [NAM], [HOCKY], [DIEM]) VALUES (396, N'L    ', 2014, 1, 6.5)
INSERT [dbo].[DANGKY] ([MASV], [MAMH], [NAM], [HOCKY], [DIEM]) VALUES (397, N'P    ', 2015, 1, 9.5)
INSERT [dbo].[DANGKY] ([MASV], [MAMH], [NAM], [HOCKY], [DIEM]) VALUES (398, N'P    ', 2015, 1, 8.5)
INSERT [dbo].[DANGKY] ([MASV], [MAMH], [NAM], [HOCKY], [DIEM]) VALUES (399, N'G    ', 2014, 1, 8)
INSERT [dbo].[DANGKY] ([MASV], [MAMH], [NAM], [HOCKY], [DIEM]) VALUES (400, N'J    ', 2013, 2, 8)
GO
INSERT [dbo].[DANGKY] ([MASV], [MAMH], [NAM], [HOCKY], [DIEM]) VALUES (401, N'C    ', 2014, 1, 6)
INSERT [dbo].[DANGKY] ([MASV], [MAMH], [NAM], [HOCKY], [DIEM]) VALUES (402, N'M    ', 2013, 1, 8.5)
INSERT [dbo].[DANGKY] ([MASV], [MAMH], [NAM], [HOCKY], [DIEM]) VALUES (403, N'E    ', 2015, 1, 9)
INSERT [dbo].[DANGKY] ([MASV], [MAMH], [NAM], [HOCKY], [DIEM]) VALUES (404, N'P    ', 2013, 2, 7)
INSERT [dbo].[DANGKY] ([MASV], [MAMH], [NAM], [HOCKY], [DIEM]) VALUES (405, N'E    ', 2013, 1, 9.5)
INSERT [dbo].[DANGKY] ([MASV], [MAMH], [NAM], [HOCKY], [DIEM]) VALUES (406, N'J    ', 2012, 2, 7.5)
INSERT [dbo].[DANGKY] ([MASV], [MAMH], [NAM], [HOCKY], [DIEM]) VALUES (407, N'J    ', 2013, 2, 8.5)
INSERT [dbo].[DANGKY] ([MASV], [MAMH], [NAM], [HOCKY], [DIEM]) VALUES (408, N'P    ', 2012, 1, 10)
INSERT [dbo].[DANGKY] ([MASV], [MAMH], [NAM], [HOCKY], [DIEM]) VALUES (409, N'E    ', 2013, 1, 6)
INSERT [dbo].[DANGKY] ([MASV], [MAMH], [NAM], [HOCKY], [DIEM]) VALUES (410, N'G    ', 2014, 2, 9.5)
INSERT [dbo].[DANGKY] ([MASV], [MAMH], [NAM], [HOCKY], [DIEM]) VALUES (411, N'G    ', 2013, 2, 7)
INSERT [dbo].[DANGKY] ([MASV], [MAMH], [NAM], [HOCKY], [DIEM]) VALUES (412, N'C    ', 2013, 2, 8.5)
INSERT [dbo].[DANGKY] ([MASV], [MAMH], [NAM], [HOCKY], [DIEM]) VALUES (413, N'L    ', 2015, 2, 6.5)
INSERT [dbo].[DANGKY] ([MASV], [MAMH], [NAM], [HOCKY], [DIEM]) VALUES (414, N'J    ', 2013, 2, 9)
INSERT [dbo].[DANGKY] ([MASV], [MAMH], [NAM], [HOCKY], [DIEM]) VALUES (415, N'C    ', 2014, 2, 8.5)
INSERT [dbo].[DANGKY] ([MASV], [MAMH], [NAM], [HOCKY], [DIEM]) VALUES (416, N'C    ', 2014, 2, 9)
INSERT [dbo].[DANGKY] ([MASV], [MAMH], [NAM], [HOCKY], [DIEM]) VALUES (417, N'C    ', 2013, 1, 7.5)
INSERT [dbo].[DANGKY] ([MASV], [MAMH], [NAM], [HOCKY], [DIEM]) VALUES (418, N'E    ', 2015, 1, 6)
INSERT [dbo].[DANGKY] ([MASV], [MAMH], [NAM], [HOCKY], [DIEM]) VALUES (419, N'P    ', 2013, 2, 6)
INSERT [dbo].[DANGKY] ([MASV], [MAMH], [NAM], [HOCKY], [DIEM]) VALUES (420, N'G    ', 2015, 2, 10)
INSERT [dbo].[DANGKY] ([MASV], [MAMH], [NAM], [HOCKY], [DIEM]) VALUES (421, N'G    ', 2013, 1, 8)
INSERT [dbo].[DANGKY] ([MASV], [MAMH], [NAM], [HOCKY], [DIEM]) VALUES (422, N'E    ', 2012, 1, 9.5)
INSERT [dbo].[DANGKY] ([MASV], [MAMH], [NAM], [HOCKY], [DIEM]) VALUES (423, N'P    ', 2014, 1, 7)
INSERT [dbo].[DANGKY] ([MASV], [MAMH], [NAM], [HOCKY], [DIEM]) VALUES (424, N'P    ', 2012, 1, 6.5)
INSERT [dbo].[DANGKY] ([MASV], [MAMH], [NAM], [HOCKY], [DIEM]) VALUES (425, N'G    ', 2013, 2, 9.5)
INSERT [dbo].[DANGKY] ([MASV], [MAMH], [NAM], [HOCKY], [DIEM]) VALUES (426, N'E    ', 2012, 2, 10)
INSERT [dbo].[DANGKY] ([MASV], [MAMH], [NAM], [HOCKY], [DIEM]) VALUES (427, N'C    ', 2015, 2, 8.5)
INSERT [dbo].[DANGKY] ([MASV], [MAMH], [NAM], [HOCKY], [DIEM]) VALUES (428, N'G    ', 2014, 1, 10)
INSERT [dbo].[DANGKY] ([MASV], [MAMH], [NAM], [HOCKY], [DIEM]) VALUES (429, N'J    ', 2015, 1, 7.5)
INSERT [dbo].[DANGKY] ([MASV], [MAMH], [NAM], [HOCKY], [DIEM]) VALUES (430, N'E    ', 2012, 2, 9.5)
INSERT [dbo].[DANGKY] ([MASV], [MAMH], [NAM], [HOCKY], [DIEM]) VALUES (431, N'J    ', 2014, 2, 7)
INSERT [dbo].[DANGKY] ([MASV], [MAMH], [NAM], [HOCKY], [DIEM]) VALUES (432, N'E    ', 2015, 2, 9.5)
INSERT [dbo].[DANGKY] ([MASV], [MAMH], [NAM], [HOCKY], [DIEM]) VALUES (433, N'C    ', 2012, 1, 10)
INSERT [dbo].[DANGKY] ([MASV], [MAMH], [NAM], [HOCKY], [DIEM]) VALUES (434, N'M    ', 2014, 2, 7)
INSERT [dbo].[DANGKY] ([MASV], [MAMH], [NAM], [HOCKY], [DIEM]) VALUES (435, N'P    ', 2013, 1, 9.5)
INSERT [dbo].[DANGKY] ([MASV], [MAMH], [NAM], [HOCKY], [DIEM]) VALUES (436, N'J    ', 2012, 2, 10)
INSERT [dbo].[DANGKY] ([MASV], [MAMH], [NAM], [HOCKY], [DIEM]) VALUES (437, N'G    ', 2014, 2, 9)
INSERT [dbo].[DANGKY] ([MASV], [MAMH], [NAM], [HOCKY], [DIEM]) VALUES (438, N'J    ', 2012, 1, 6)
INSERT [dbo].[DANGKY] ([MASV], [MAMH], [NAM], [HOCKY], [DIEM]) VALUES (439, N'J    ', 2012, 1, 8.5)
INSERT [dbo].[DANGKY] ([MASV], [MAMH], [NAM], [HOCKY], [DIEM]) VALUES (440, N'J    ', 2013, 2, 6)
INSERT [dbo].[DANGKY] ([MASV], [MAMH], [NAM], [HOCKY], [DIEM]) VALUES (441, N'G    ', 2015, 1, 9.5)
INSERT [dbo].[DANGKY] ([MASV], [MAMH], [NAM], [HOCKY], [DIEM]) VALUES (442, N'P    ', 2012, 1, 7.5)
INSERT [dbo].[DANGKY] ([MASV], [MAMH], [NAM], [HOCKY], [DIEM]) VALUES (443, N'L    ', 2013, 1, 6.5)
INSERT [dbo].[DANGKY] ([MASV], [MAMH], [NAM], [HOCKY], [DIEM]) VALUES (444, N'P    ', 2012, 1, 7)
INSERT [dbo].[DANGKY] ([MASV], [MAMH], [NAM], [HOCKY], [DIEM]) VALUES (445, N'C    ', 2012, 1, 8.5)
INSERT [dbo].[DANGKY] ([MASV], [MAMH], [NAM], [HOCKY], [DIEM]) VALUES (446, N'G    ', 2013, 1, 6)
INSERT [dbo].[DANGKY] ([MASV], [MAMH], [NAM], [HOCKY], [DIEM]) VALUES (447, N'E    ', 2013, 1, 6.5)
INSERT [dbo].[DANGKY] ([MASV], [MAMH], [NAM], [HOCKY], [DIEM]) VALUES (448, N'L    ', 2013, 1, 9)
INSERT [dbo].[DANGKY] ([MASV], [MAMH], [NAM], [HOCKY], [DIEM]) VALUES (449, N'G    ', 2013, 2, 8)
INSERT [dbo].[DANGKY] ([MASV], [MAMH], [NAM], [HOCKY], [DIEM]) VALUES (450, N'G    ', 2012, 2, 6.5)
INSERT [dbo].[DANGKY] ([MASV], [MAMH], [NAM], [HOCKY], [DIEM]) VALUES (451, N'J    ', 2012, 2, 9.5)
INSERT [dbo].[DANGKY] ([MASV], [MAMH], [NAM], [HOCKY], [DIEM]) VALUES (452, N'J    ', 2012, 1, 9)
INSERT [dbo].[DANGKY] ([MASV], [MAMH], [NAM], [HOCKY], [DIEM]) VALUES (453, N'G    ', 2014, 1, 7)
INSERT [dbo].[DANGKY] ([MASV], [MAMH], [NAM], [HOCKY], [DIEM]) VALUES (454, N'L    ', 2012, 2, 8.5)
INSERT [dbo].[DANGKY] ([MASV], [MAMH], [NAM], [HOCKY], [DIEM]) VALUES (455, N'M    ', 2012, 1, 7.5)
INSERT [dbo].[DANGKY] ([MASV], [MAMH], [NAM], [HOCKY], [DIEM]) VALUES (456, N'L    ', 2014, 2, 7.5)
INSERT [dbo].[DANGKY] ([MASV], [MAMH], [NAM], [HOCKY], [DIEM]) VALUES (457, N'L    ', 2012, 2, 7)
INSERT [dbo].[DANGKY] ([MASV], [MAMH], [NAM], [HOCKY], [DIEM]) VALUES (458, N'E    ', 2014, 2, 10)
INSERT [dbo].[DANGKY] ([MASV], [MAMH], [NAM], [HOCKY], [DIEM]) VALUES (459, N'C    ', 2014, 1, 8)
INSERT [dbo].[DANGKY] ([MASV], [MAMH], [NAM], [HOCKY], [DIEM]) VALUES (460, N'M    ', 2012, 1, 10)
INSERT [dbo].[DANGKY] ([MASV], [MAMH], [NAM], [HOCKY], [DIEM]) VALUES (461, N'M    ', 2013, 2, 9)
INSERT [dbo].[DANGKY] ([MASV], [MAMH], [NAM], [HOCKY], [DIEM]) VALUES (462, N'C    ', 2013, 1, 9)
INSERT [dbo].[DANGKY] ([MASV], [MAMH], [NAM], [HOCKY], [DIEM]) VALUES (463, N'L    ', 2014, 1, 9)
INSERT [dbo].[DANGKY] ([MASV], [MAMH], [NAM], [HOCKY], [DIEM]) VALUES (464, N'L    ', 2013, 2, 7)
INSERT [dbo].[DANGKY] ([MASV], [MAMH], [NAM], [HOCKY], [DIEM]) VALUES (465, N'J    ', 2015, 1, 7)
INSERT [dbo].[DANGKY] ([MASV], [MAMH], [NAM], [HOCKY], [DIEM]) VALUES (466, N'M    ', 2015, 2, 7.5)
INSERT [dbo].[DANGKY] ([MASV], [MAMH], [NAM], [HOCKY], [DIEM]) VALUES (467, N'J    ', 2012, 2, 7)
INSERT [dbo].[DANGKY] ([MASV], [MAMH], [NAM], [HOCKY], [DIEM]) VALUES (468, N'P    ', 2012, 1, 7)
INSERT [dbo].[DANGKY] ([MASV], [MAMH], [NAM], [HOCKY], [DIEM]) VALUES (469, N'J    ', 2012, 1, 8)
INSERT [dbo].[DANGKY] ([MASV], [MAMH], [NAM], [HOCKY], [DIEM]) VALUES (470, N'G    ', 2015, 2, 6)
INSERT [dbo].[DANGKY] ([MASV], [MAMH], [NAM], [HOCKY], [DIEM]) VALUES (471, N'J    ', 2013, 2, 10)
INSERT [dbo].[DANGKY] ([MASV], [MAMH], [NAM], [HOCKY], [DIEM]) VALUES (472, N'E    ', 2013, 1, 9.5)
INSERT [dbo].[DANGKY] ([MASV], [MAMH], [NAM], [HOCKY], [DIEM]) VALUES (473, N'M    ', 2014, 1, 8)
INSERT [dbo].[DANGKY] ([MASV], [MAMH], [NAM], [HOCKY], [DIEM]) VALUES (474, N'C    ', 2014, 2, 7.5)
INSERT [dbo].[DANGKY] ([MASV], [MAMH], [NAM], [HOCKY], [DIEM]) VALUES (475, N'P    ', 2012, 1, 8)
INSERT [dbo].[DANGKY] ([MASV], [MAMH], [NAM], [HOCKY], [DIEM]) VALUES (476, N'C    ', 2012, 2, 10)
INSERT [dbo].[DANGKY] ([MASV], [MAMH], [NAM], [HOCKY], [DIEM]) VALUES (477, N'M    ', 2013, 2, 8.5)
INSERT [dbo].[DANGKY] ([MASV], [MAMH], [NAM], [HOCKY], [DIEM]) VALUES (478, N'L    ', 2013, 1, 7)
INSERT [dbo].[DANGKY] ([MASV], [MAMH], [NAM], [HOCKY], [DIEM]) VALUES (479, N'G    ', 2015, 2, 9)
INSERT [dbo].[DANGKY] ([MASV], [MAMH], [NAM], [HOCKY], [DIEM]) VALUES (480, N'E    ', 2014, 1, 9.5)
INSERT [dbo].[DANGKY] ([MASV], [MAMH], [NAM], [HOCKY], [DIEM]) VALUES (481, N'M    ', 2013, 1, 9)
INSERT [dbo].[DANGKY] ([MASV], [MAMH], [NAM], [HOCKY], [DIEM]) VALUES (482, N'J    ', 2014, 1, 8)
INSERT [dbo].[DANGKY] ([MASV], [MAMH], [NAM], [HOCKY], [DIEM]) VALUES (483, N'E    ', 2013, 2, 9.5)
INSERT [dbo].[DANGKY] ([MASV], [MAMH], [NAM], [HOCKY], [DIEM]) VALUES (484, N'G    ', 2014, 1, 6.5)
INSERT [dbo].[DANGKY] ([MASV], [MAMH], [NAM], [HOCKY], [DIEM]) VALUES (485, N'C    ', 2012, 1, 8)
INSERT [dbo].[DANGKY] ([MASV], [MAMH], [NAM], [HOCKY], [DIEM]) VALUES (486, N'G    ', 2013, 1, 10)
INSERT [dbo].[DANGKY] ([MASV], [MAMH], [NAM], [HOCKY], [DIEM]) VALUES (487, N'L    ', 2013, 2, 9.5)
INSERT [dbo].[DANGKY] ([MASV], [MAMH], [NAM], [HOCKY], [DIEM]) VALUES (488, N'C    ', 2013, 1, 6)
INSERT [dbo].[DANGKY] ([MASV], [MAMH], [NAM], [HOCKY], [DIEM]) VALUES (489, N'C    ', 2014, 1, 8)
INSERT [dbo].[DANGKY] ([MASV], [MAMH], [NAM], [HOCKY], [DIEM]) VALUES (490, N'C    ', 2014, 1, 10)
INSERT [dbo].[DANGKY] ([MASV], [MAMH], [NAM], [HOCKY], [DIEM]) VALUES (491, N'E    ', 2015, 1, 9)
INSERT [dbo].[DANGKY] ([MASV], [MAMH], [NAM], [HOCKY], [DIEM]) VALUES (492, N'M    ', 2014, 1, 8)
INSERT [dbo].[DANGKY] ([MASV], [MAMH], [NAM], [HOCKY], [DIEM]) VALUES (493, N'C    ', 2012, 2, 9.5)
INSERT [dbo].[DANGKY] ([MASV], [MAMH], [NAM], [HOCKY], [DIEM]) VALUES (494, N'M    ', 2015, 2, 8.5)
INSERT [dbo].[DANGKY] ([MASV], [MAMH], [NAM], [HOCKY], [DIEM]) VALUES (495, N'C    ', 2013, 2, 10)
INSERT [dbo].[DANGKY] ([MASV], [MAMH], [NAM], [HOCKY], [DIEM]) VALUES (496, N'J    ', 2014, 1, 6.5)
INSERT [dbo].[DANGKY] ([MASV], [MAMH], [NAM], [HOCKY], [DIEM]) VALUES (497, N'E    ', 2015, 1, 8.5)
INSERT [dbo].[DANGKY] ([MASV], [MAMH], [NAM], [HOCKY], [DIEM]) VALUES (498, N'P    ', 2012, 1, 8.5)
INSERT [dbo].[DANGKY] ([MASV], [MAMH], [NAM], [HOCKY], [DIEM]) VALUES (499, N'J    ', 2013, 2, 6)
INSERT [dbo].[DANGKY] ([MASV], [MAMH], [NAM], [HOCKY], [DIEM]) VALUES (500, N'L    ', 2013, 2, 9)
GO
INSERT [dbo].[DANGKY] ([MASV], [MAMH], [NAM], [HOCKY], [DIEM]) VALUES (501, N'J    ', 2013, 1, 8)
INSERT [dbo].[DANGKY] ([MASV], [MAMH], [NAM], [HOCKY], [DIEM]) VALUES (502, N'P    ', 2012, 1, 6)
INSERT [dbo].[DANGKY] ([MASV], [MAMH], [NAM], [HOCKY], [DIEM]) VALUES (503, N'M    ', 2015, 2, 6.5)
INSERT [dbo].[DANGKY] ([MASV], [MAMH], [NAM], [HOCKY], [DIEM]) VALUES (504, N'G    ', 2014, 1, 9)
INSERT [dbo].[DANGKY] ([MASV], [MAMH], [NAM], [HOCKY], [DIEM]) VALUES (505, N'M    ', 2014, 1, 6.5)
INSERT [dbo].[DANGKY] ([MASV], [MAMH], [NAM], [HOCKY], [DIEM]) VALUES (506, N'J    ', 2014, 2, 8)
INSERT [dbo].[DANGKY] ([MASV], [MAMH], [NAM], [HOCKY], [DIEM]) VALUES (507, N'M    ', 2012, 1, 9.5)
INSERT [dbo].[DANGKY] ([MASV], [MAMH], [NAM], [HOCKY], [DIEM]) VALUES (508, N'P    ', 2013, 2, 9.5)
INSERT [dbo].[DANGKY] ([MASV], [MAMH], [NAM], [HOCKY], [DIEM]) VALUES (509, N'L    ', 2012, 1, 10)
INSERT [dbo].[DANGKY] ([MASV], [MAMH], [NAM], [HOCKY], [DIEM]) VALUES (510, N'M    ', 2015, 1, 10)
INSERT [dbo].[DANGKY] ([MASV], [MAMH], [NAM], [HOCKY], [DIEM]) VALUES (511, N'C    ', 2015, 1, 7)
INSERT [dbo].[DANGKY] ([MASV], [MAMH], [NAM], [HOCKY], [DIEM]) VALUES (512, N'P    ', 2014, 2, 7.5)
INSERT [dbo].[DANGKY] ([MASV], [MAMH], [NAM], [HOCKY], [DIEM]) VALUES (513, N'C    ', 2012, 1, 7)
INSERT [dbo].[DANGKY] ([MASV], [MAMH], [NAM], [HOCKY], [DIEM]) VALUES (514, N'C    ', 2013, 2, 9)
INSERT [dbo].[DANGKY] ([MASV], [MAMH], [NAM], [HOCKY], [DIEM]) VALUES (515, N'C    ', 2014, 2, 6)
INSERT [dbo].[DANGKY] ([MASV], [MAMH], [NAM], [HOCKY], [DIEM]) VALUES (516, N'L    ', 2012, 2, 7)
INSERT [dbo].[DANGKY] ([MASV], [MAMH], [NAM], [HOCKY], [DIEM]) VALUES (517, N'M    ', 2012, 1, 9)
INSERT [dbo].[DANGKY] ([MASV], [MAMH], [NAM], [HOCKY], [DIEM]) VALUES (518, N'G    ', 2014, 1, 7.5)
INSERT [dbo].[DANGKY] ([MASV], [MAMH], [NAM], [HOCKY], [DIEM]) VALUES (519, N'J    ', 2013, 2, 9.5)
INSERT [dbo].[DANGKY] ([MASV], [MAMH], [NAM], [HOCKY], [DIEM]) VALUES (520, N'M    ', 2013, 2, 7.5)
INSERT [dbo].[DANGKY] ([MASV], [MAMH], [NAM], [HOCKY], [DIEM]) VALUES (521, N'G    ', 2014, 2, 10)
INSERT [dbo].[DANGKY] ([MASV], [MAMH], [NAM], [HOCKY], [DIEM]) VALUES (522, N'M    ', 2013, 2, 9)
INSERT [dbo].[DANGKY] ([MASV], [MAMH], [NAM], [HOCKY], [DIEM]) VALUES (523, N'G    ', 2015, 2, 9.5)
INSERT [dbo].[DANGKY] ([MASV], [MAMH], [NAM], [HOCKY], [DIEM]) VALUES (524, N'L    ', 2014, 1, 10)
INSERT [dbo].[DANGKY] ([MASV], [MAMH], [NAM], [HOCKY], [DIEM]) VALUES (525, N'J    ', 2013, 2, 8)
INSERT [dbo].[DANGKY] ([MASV], [MAMH], [NAM], [HOCKY], [DIEM]) VALUES (526, N'J    ', 2015, 1, 9)
INSERT [dbo].[DANGKY] ([MASV], [MAMH], [NAM], [HOCKY], [DIEM]) VALUES (527, N'C    ', 2013, 2, 9.5)
INSERT [dbo].[DANGKY] ([MASV], [MAMH], [NAM], [HOCKY], [DIEM]) VALUES (528, N'J    ', 2014, 2, 10)
INSERT [dbo].[DANGKY] ([MASV], [MAMH], [NAM], [HOCKY], [DIEM]) VALUES (529, N'C    ', 2015, 1, 6)
INSERT [dbo].[DANGKY] ([MASV], [MAMH], [NAM], [HOCKY], [DIEM]) VALUES (530, N'M    ', 2013, 1, 9)
INSERT [dbo].[DANGKY] ([MASV], [MAMH], [NAM], [HOCKY], [DIEM]) VALUES (531, N'E    ', 2012, 2, 6.5)
INSERT [dbo].[DANGKY] ([MASV], [MAMH], [NAM], [HOCKY], [DIEM]) VALUES (532, N'J    ', 2012, 2, 8)
INSERT [dbo].[DANGKY] ([MASV], [MAMH], [NAM], [HOCKY], [DIEM]) VALUES (533, N'P    ', 2012, 2, 6.5)
INSERT [dbo].[DANGKY] ([MASV], [MAMH], [NAM], [HOCKY], [DIEM]) VALUES (534, N'G    ', 2012, 2, 9.5)
INSERT [dbo].[DANGKY] ([MASV], [MAMH], [NAM], [HOCKY], [DIEM]) VALUES (535, N'G    ', 2012, 2, 9)
INSERT [dbo].[DANGKY] ([MASV], [MAMH], [NAM], [HOCKY], [DIEM]) VALUES (536, N'J    ', 2013, 2, 6.5)
INSERT [dbo].[DANGKY] ([MASV], [MAMH], [NAM], [HOCKY], [DIEM]) VALUES (537, N'L    ', 2012, 1, 9.5)
INSERT [dbo].[DANGKY] ([MASV], [MAMH], [NAM], [HOCKY], [DIEM]) VALUES (538, N'E    ', 2014, 2, 6.5)
INSERT [dbo].[DANGKY] ([MASV], [MAMH], [NAM], [HOCKY], [DIEM]) VALUES (539, N'M    ', 2015, 1, 8.5)
INSERT [dbo].[DANGKY] ([MASV], [MAMH], [NAM], [HOCKY], [DIEM]) VALUES (540, N'M    ', 2012, 1, 7.5)
INSERT [dbo].[DANGKY] ([MASV], [MAMH], [NAM], [HOCKY], [DIEM]) VALUES (541, N'E    ', 2014, 1, 6)
INSERT [dbo].[DANGKY] ([MASV], [MAMH], [NAM], [HOCKY], [DIEM]) VALUES (542, N'G    ', 2014, 2, 6.5)
INSERT [dbo].[DANGKY] ([MASV], [MAMH], [NAM], [HOCKY], [DIEM]) VALUES (543, N'C    ', 2014, 1, 8.5)
INSERT [dbo].[DANGKY] ([MASV], [MAMH], [NAM], [HOCKY], [DIEM]) VALUES (544, N'G    ', 2013, 1, 9.5)
INSERT [dbo].[DANGKY] ([MASV], [MAMH], [NAM], [HOCKY], [DIEM]) VALUES (545, N'G    ', 2012, 1, 6)
INSERT [dbo].[DANGKY] ([MASV], [MAMH], [NAM], [HOCKY], [DIEM]) VALUES (546, N'P    ', 2013, 2, 9)
INSERT [dbo].[DANGKY] ([MASV], [MAMH], [NAM], [HOCKY], [DIEM]) VALUES (547, N'L    ', 2012, 1, 8)
INSERT [dbo].[DANGKY] ([MASV], [MAMH], [NAM], [HOCKY], [DIEM]) VALUES (548, N'C    ', 2012, 2, 7.5)
INSERT [dbo].[DANGKY] ([MASV], [MAMH], [NAM], [HOCKY], [DIEM]) VALUES (549, N'C    ', 2013, 2, 9)
INSERT [dbo].[DANGKY] ([MASV], [MAMH], [NAM], [HOCKY], [DIEM]) VALUES (550, N'M    ', 2013, 2, 7.5)
INSERT [dbo].[DANGKY] ([MASV], [MAMH], [NAM], [HOCKY], [DIEM]) VALUES (551, N'C    ', 2015, 2, 8)
INSERT [dbo].[DANGKY] ([MASV], [MAMH], [NAM], [HOCKY], [DIEM]) VALUES (552, N'G    ', 2014, 2, 7)
INSERT [dbo].[DANGKY] ([MASV], [MAMH], [NAM], [HOCKY], [DIEM]) VALUES (553, N'G    ', 2015, 1, 9.5)
INSERT [dbo].[DANGKY] ([MASV], [MAMH], [NAM], [HOCKY], [DIEM]) VALUES (554, N'L    ', 2014, 2, 8)
INSERT [dbo].[DANGKY] ([MASV], [MAMH], [NAM], [HOCKY], [DIEM]) VALUES (555, N'L    ', 2014, 1, 6)
INSERT [dbo].[DANGKY] ([MASV], [MAMH], [NAM], [HOCKY], [DIEM]) VALUES (556, N'L    ', 2015, 1, 7.5)
INSERT [dbo].[DANGKY] ([MASV], [MAMH], [NAM], [HOCKY], [DIEM]) VALUES (557, N'J    ', 2014, 2, 7.5)
INSERT [dbo].[DANGKY] ([MASV], [MAMH], [NAM], [HOCKY], [DIEM]) VALUES (558, N'J    ', 2013, 1, 6.5)
INSERT [dbo].[DANGKY] ([MASV], [MAMH], [NAM], [HOCKY], [DIEM]) VALUES (559, N'J    ', 2015, 1, 8.5)
INSERT [dbo].[DANGKY] ([MASV], [MAMH], [NAM], [HOCKY], [DIEM]) VALUES (560, N'J    ', 2015, 1, 6)
INSERT [dbo].[DANGKY] ([MASV], [MAMH], [NAM], [HOCKY], [DIEM]) VALUES (561, N'L    ', 2012, 1, 6.5)
INSERT [dbo].[DANGKY] ([MASV], [MAMH], [NAM], [HOCKY], [DIEM]) VALUES (562, N'E    ', 2014, 1, 9)
INSERT [dbo].[DANGKY] ([MASV], [MAMH], [NAM], [HOCKY], [DIEM]) VALUES (563, N'L    ', 2013, 2, 10)
INSERT [dbo].[DANGKY] ([MASV], [MAMH], [NAM], [HOCKY], [DIEM]) VALUES (564, N'C    ', 2015, 2, 10)
INSERT [dbo].[DANGKY] ([MASV], [MAMH], [NAM], [HOCKY], [DIEM]) VALUES (565, N'C    ', 2013, 2, 8)
INSERT [dbo].[DANGKY] ([MASV], [MAMH], [NAM], [HOCKY], [DIEM]) VALUES (566, N'E    ', 2014, 1, 8)
INSERT [dbo].[DANGKY] ([MASV], [MAMH], [NAM], [HOCKY], [DIEM]) VALUES (567, N'E    ', 2013, 2, 9)
INSERT [dbo].[DANGKY] ([MASV], [MAMH], [NAM], [HOCKY], [DIEM]) VALUES (568, N'G    ', 2013, 1, 7)
INSERT [dbo].[DANGKY] ([MASV], [MAMH], [NAM], [HOCKY], [DIEM]) VALUES (569, N'M    ', 2015, 2, 6.5)
INSERT [dbo].[DANGKY] ([MASV], [MAMH], [NAM], [HOCKY], [DIEM]) VALUES (570, N'G    ', 2012, 1, 7.5)
INSERT [dbo].[DANGKY] ([MASV], [MAMH], [NAM], [HOCKY], [DIEM]) VALUES (571, N'P    ', 2012, 2, 7)
INSERT [dbo].[DANGKY] ([MASV], [MAMH], [NAM], [HOCKY], [DIEM]) VALUES (572, N'E    ', 2014, 2, 8.5)
INSERT [dbo].[DANGKY] ([MASV], [MAMH], [NAM], [HOCKY], [DIEM]) VALUES (573, N'G    ', 2014, 1, 10)
INSERT [dbo].[DANGKY] ([MASV], [MAMH], [NAM], [HOCKY], [DIEM]) VALUES (574, N'G    ', 2015, 2, 7)
INSERT [dbo].[DANGKY] ([MASV], [MAMH], [NAM], [HOCKY], [DIEM]) VALUES (575, N'L    ', 2013, 2, 9.5)
INSERT [dbo].[DANGKY] ([MASV], [MAMH], [NAM], [HOCKY], [DIEM]) VALUES (576, N'E    ', 2012, 2, 7.5)
INSERT [dbo].[DANGKY] ([MASV], [MAMH], [NAM], [HOCKY], [DIEM]) VALUES (577, N'G    ', 2014, 1, 9.5)
INSERT [dbo].[DANGKY] ([MASV], [MAMH], [NAM], [HOCKY], [DIEM]) VALUES (578, N'C    ', 2014, 2, 8)
INSERT [dbo].[DANGKY] ([MASV], [MAMH], [NAM], [HOCKY], [DIEM]) VALUES (579, N'G    ', 2015, 2, 8)
INSERT [dbo].[DANGKY] ([MASV], [MAMH], [NAM], [HOCKY], [DIEM]) VALUES (580, N'G    ', 2015, 2, 6.5)
INSERT [dbo].[DANGKY] ([MASV], [MAMH], [NAM], [HOCKY], [DIEM]) VALUES (581, N'P    ', 2012, 1, 9)
INSERT [dbo].[DANGKY] ([MASV], [MAMH], [NAM], [HOCKY], [DIEM]) VALUES (582, N'C    ', 2014, 2, 7)
INSERT [dbo].[DANGKY] ([MASV], [MAMH], [NAM], [HOCKY], [DIEM]) VALUES (583, N'C    ', 2015, 2, 10)
INSERT [dbo].[DANGKY] ([MASV], [MAMH], [NAM], [HOCKY], [DIEM]) VALUES (584, N'C    ', 2013, 2, 6)
INSERT [dbo].[DANGKY] ([MASV], [MAMH], [NAM], [HOCKY], [DIEM]) VALUES (585, N'M    ', 2015, 2, 8.5)
INSERT [dbo].[DANGKY] ([MASV], [MAMH], [NAM], [HOCKY], [DIEM]) VALUES (586, N'C    ', 2014, 2, 9.5)
INSERT [dbo].[DANGKY] ([MASV], [MAMH], [NAM], [HOCKY], [DIEM]) VALUES (587, N'L    ', 2015, 2, 8.5)
INSERT [dbo].[DANGKY] ([MASV], [MAMH], [NAM], [HOCKY], [DIEM]) VALUES (588, N'M    ', 2015, 1, 8)
INSERT [dbo].[DANGKY] ([MASV], [MAMH], [NAM], [HOCKY], [DIEM]) VALUES (589, N'P    ', 2013, 2, 6)
INSERT [dbo].[DANGKY] ([MASV], [MAMH], [NAM], [HOCKY], [DIEM]) VALUES (590, N'G    ', 2013, 2, 6)
INSERT [dbo].[DANGKY] ([MASV], [MAMH], [NAM], [HOCKY], [DIEM]) VALUES (591, N'P    ', 2012, 1, 10)
INSERT [dbo].[DANGKY] ([MASV], [MAMH], [NAM], [HOCKY], [DIEM]) VALUES (592, N'L    ', 2014, 1, 8)
INSERT [dbo].[DANGKY] ([MASV], [MAMH], [NAM], [HOCKY], [DIEM]) VALUES (593, N'L    ', 2014, 2, 10)
INSERT [dbo].[DANGKY] ([MASV], [MAMH], [NAM], [HOCKY], [DIEM]) VALUES (594, N'G    ', 2012, 1, 9)
INSERT [dbo].[DANGKY] ([MASV], [MAMH], [NAM], [HOCKY], [DIEM]) VALUES (595, N'L    ', 2015, 2, 7.5)
INSERT [dbo].[DANGKY] ([MASV], [MAMH], [NAM], [HOCKY], [DIEM]) VALUES (596, N'M    ', 2012, 1, 8)
INSERT [dbo].[DANGKY] ([MASV], [MAMH], [NAM], [HOCKY], [DIEM]) VALUES (597, N'E    ', 2012, 1, 7)
INSERT [dbo].[DANGKY] ([MASV], [MAMH], [NAM], [HOCKY], [DIEM]) VALUES (598, N'E    ', 2013, 1, 10)
INSERT [dbo].[DANGKY] ([MASV], [MAMH], [NAM], [HOCKY], [DIEM]) VALUES (599, N'L    ', 2013, 2, 10)
INSERT [dbo].[DANGKY] ([MASV], [MAMH], [NAM], [HOCKY], [DIEM]) VALUES (600, N'E    ', 2014, 1, 10)
GO
INSERT [dbo].[DANGKY] ([MASV], [MAMH], [NAM], [HOCKY], [DIEM]) VALUES (601, N'G    ', 2015, 2, 7)
INSERT [dbo].[DANGKY] ([MASV], [MAMH], [NAM], [HOCKY], [DIEM]) VALUES (602, N'E    ', 2014, 1, 6)
INSERT [dbo].[DANGKY] ([MASV], [MAMH], [NAM], [HOCKY], [DIEM]) VALUES (603, N'L    ', 2013, 2, 8.5)
INSERT [dbo].[DANGKY] ([MASV], [MAMH], [NAM], [HOCKY], [DIEM]) VALUES (604, N'G    ', 2015, 1, 7)
INSERT [dbo].[DANGKY] ([MASV], [MAMH], [NAM], [HOCKY], [DIEM]) VALUES (605, N'G    ', 2013, 1, 8.5)
INSERT [dbo].[DANGKY] ([MASV], [MAMH], [NAM], [HOCKY], [DIEM]) VALUES (606, N'L    ', 2012, 2, 6)
INSERT [dbo].[DANGKY] ([MASV], [MAMH], [NAM], [HOCKY], [DIEM]) VALUES (607, N'E    ', 2015, 2, 10)
INSERT [dbo].[DANGKY] ([MASV], [MAMH], [NAM], [HOCKY], [DIEM]) VALUES (608, N'J    ', 2015, 1, 6.5)
INSERT [dbo].[DANGKY] ([MASV], [MAMH], [NAM], [HOCKY], [DIEM]) VALUES (609, N'P    ', 2015, 1, 10)
INSERT [dbo].[DANGKY] ([MASV], [MAMH], [NAM], [HOCKY], [DIEM]) VALUES (610, N'P    ', 2013, 1, 10)
INSERT [dbo].[DANGKY] ([MASV], [MAMH], [NAM], [HOCKY], [DIEM]) VALUES (611, N'G    ', 2014, 1, 6.5)
INSERT [dbo].[DANGKY] ([MASV], [MAMH], [NAM], [HOCKY], [DIEM]) VALUES (612, N'M    ', 2012, 2, 6.5)
INSERT [dbo].[DANGKY] ([MASV], [MAMH], [NAM], [HOCKY], [DIEM]) VALUES (613, N'M    ', 2015, 2, 9.5)
INSERT [dbo].[DANGKY] ([MASV], [MAMH], [NAM], [HOCKY], [DIEM]) VALUES (614, N'J    ', 2015, 1, 9.5)
INSERT [dbo].[DANGKY] ([MASV], [MAMH], [NAM], [HOCKY], [DIEM]) VALUES (615, N'L    ', 2012, 1, 7)
INSERT [dbo].[DANGKY] ([MASV], [MAMH], [NAM], [HOCKY], [DIEM]) VALUES (616, N'J    ', 2014, 1, 9.5)
INSERT [dbo].[DANGKY] ([MASV], [MAMH], [NAM], [HOCKY], [DIEM]) VALUES (617, N'G    ', 2013, 2, 7.5)
INSERT [dbo].[DANGKY] ([MASV], [MAMH], [NAM], [HOCKY], [DIEM]) VALUES (618, N'E    ', 2013, 2, 7.5)
INSERT [dbo].[DANGKY] ([MASV], [MAMH], [NAM], [HOCKY], [DIEM]) VALUES (619, N'E    ', 2013, 1, 9)
INSERT [dbo].[DANGKY] ([MASV], [MAMH], [NAM], [HOCKY], [DIEM]) VALUES (620, N'E    ', 2013, 2, 8)
INSERT [dbo].[DANGKY] ([MASV], [MAMH], [NAM], [HOCKY], [DIEM]) VALUES (621, N'P    ', 2015, 1, 7.5)
INSERT [dbo].[DANGKY] ([MASV], [MAMH], [NAM], [HOCKY], [DIEM]) VALUES (622, N'M    ', 2014, 1, 8.5)
INSERT [dbo].[DANGKY] ([MASV], [MAMH], [NAM], [HOCKY], [DIEM]) VALUES (623, N'P    ', 2015, 1, 6)
INSERT [dbo].[DANGKY] ([MASV], [MAMH], [NAM], [HOCKY], [DIEM]) VALUES (624, N'G    ', 2012, 1, 7.5)
INSERT [dbo].[DANGKY] ([MASV], [MAMH], [NAM], [HOCKY], [DIEM]) VALUES (625, N'J    ', 2013, 1, 7)
INSERT [dbo].[DANGKY] ([MASV], [MAMH], [NAM], [HOCKY], [DIEM]) VALUES (626, N'L    ', 2013, 2, 6)
INSERT [dbo].[DANGKY] ([MASV], [MAMH], [NAM], [HOCKY], [DIEM]) VALUES (627, N'G    ', 2015, 2, 8)
INSERT [dbo].[DANGKY] ([MASV], [MAMH], [NAM], [HOCKY], [DIEM]) VALUES (628, N'J    ', 2012, 1, 7.5)
INSERT [dbo].[DANGKY] ([MASV], [MAMH], [NAM], [HOCKY], [DIEM]) VALUES (629, N'P    ', 2013, 1, 6)
INSERT [dbo].[DANGKY] ([MASV], [MAMH], [NAM], [HOCKY], [DIEM]) VALUES (630, N'J    ', 2013, 2, 7.5)
INSERT [dbo].[DANGKY] ([MASV], [MAMH], [NAM], [HOCKY], [DIEM]) VALUES (631, N'G    ', 2013, 1, 7.5)
INSERT [dbo].[DANGKY] ([MASV], [MAMH], [NAM], [HOCKY], [DIEM]) VALUES (632, N'C    ', 2015, 2, 8)
INSERT [dbo].[DANGKY] ([MASV], [MAMH], [NAM], [HOCKY], [DIEM]) VALUES (633, N'L    ', 2013, 1, 7.5)
INSERT [dbo].[DANGKY] ([MASV], [MAMH], [NAM], [HOCKY], [DIEM]) VALUES (634, N'G    ', 2013, 2, 7.5)
INSERT [dbo].[DANGKY] ([MASV], [MAMH], [NAM], [HOCKY], [DIEM]) VALUES (635, N'E    ', 2013, 2, 8.5)
INSERT [dbo].[DANGKY] ([MASV], [MAMH], [NAM], [HOCKY], [DIEM]) VALUES (636, N'J    ', 2014, 2, 8.5)
INSERT [dbo].[DANGKY] ([MASV], [MAMH], [NAM], [HOCKY], [DIEM]) VALUES (637, N'J    ', 2012, 2, 8)
INSERT [dbo].[DANGKY] ([MASV], [MAMH], [NAM], [HOCKY], [DIEM]) VALUES (638, N'M    ', 2012, 2, 6)
INSERT [dbo].[DANGKY] ([MASV], [MAMH], [NAM], [HOCKY], [DIEM]) VALUES (639, N'L    ', 2012, 1, 9.5)
INSERT [dbo].[DANGKY] ([MASV], [MAMH], [NAM], [HOCKY], [DIEM]) VALUES (640, N'E    ', 2012, 2, 9)
INSERT [dbo].[DANGKY] ([MASV], [MAMH], [NAM], [HOCKY], [DIEM]) VALUES (641, N'M    ', 2014, 1, 10)
INSERT [dbo].[DANGKY] ([MASV], [MAMH], [NAM], [HOCKY], [DIEM]) VALUES (642, N'M    ', 2014, 2, 10)
INSERT [dbo].[DANGKY] ([MASV], [MAMH], [NAM], [HOCKY], [DIEM]) VALUES (643, N'P    ', 2013, 2, 8.5)
INSERT [dbo].[DANGKY] ([MASV], [MAMH], [NAM], [HOCKY], [DIEM]) VALUES (644, N'J    ', 2014, 2, 8)
INSERT [dbo].[DANGKY] ([MASV], [MAMH], [NAM], [HOCKY], [DIEM]) VALUES (645, N'P    ', 2013, 2, 8.5)
INSERT [dbo].[DANGKY] ([MASV], [MAMH], [NAM], [HOCKY], [DIEM]) VALUES (646, N'M    ', 2015, 2, 6)
INSERT [dbo].[DANGKY] ([MASV], [MAMH], [NAM], [HOCKY], [DIEM]) VALUES (647, N'E    ', 2015, 1, 6.5)
INSERT [dbo].[DANGKY] ([MASV], [MAMH], [NAM], [HOCKY], [DIEM]) VALUES (648, N'P    ', 2014, 1, 6.5)
INSERT [dbo].[DANGKY] ([MASV], [MAMH], [NAM], [HOCKY], [DIEM]) VALUES (649, N'L    ', 2012, 1, 8.5)
INSERT [dbo].[DANGKY] ([MASV], [MAMH], [NAM], [HOCKY], [DIEM]) VALUES (650, N'M    ', 2015, 1, 9.5)
INSERT [dbo].[DANGKY] ([MASV], [MAMH], [NAM], [HOCKY], [DIEM]) VALUES (651, N'G    ', 2014, 1, 6)
INSERT [dbo].[DANGKY] ([MASV], [MAMH], [NAM], [HOCKY], [DIEM]) VALUES (652, N'G    ', 2012, 2, 7.5)
INSERT [dbo].[DANGKY] ([MASV], [MAMH], [NAM], [HOCKY], [DIEM]) VALUES (653, N'G    ', 2013, 1, 8.5)
INSERT [dbo].[DANGKY] ([MASV], [MAMH], [NAM], [HOCKY], [DIEM]) VALUES (654, N'G    ', 2012, 2, 9)
INSERT [dbo].[DANGKY] ([MASV], [MAMH], [NAM], [HOCKY], [DIEM]) VALUES (655, N'E    ', 2013, 2, 10)
INSERT [dbo].[DANGKY] ([MASV], [MAMH], [NAM], [HOCKY], [DIEM]) VALUES (656, N'P    ', 2014, 2, 7)
INSERT [dbo].[DANGKY] ([MASV], [MAMH], [NAM], [HOCKY], [DIEM]) VALUES (657, N'L    ', 2013, 2, 6.5)
INSERT [dbo].[DANGKY] ([MASV], [MAMH], [NAM], [HOCKY], [DIEM]) VALUES (658, N'E    ', 2013, 2, 7)
INSERT [dbo].[DANGKY] ([MASV], [MAMH], [NAM], [HOCKY], [DIEM]) VALUES (659, N'J    ', 2013, 1, 9.5)
INSERT [dbo].[DANGKY] ([MASV], [MAMH], [NAM], [HOCKY], [DIEM]) VALUES (660, N'J    ', 2015, 1, 10)
INSERT [dbo].[DANGKY] ([MASV], [MAMH], [NAM], [HOCKY], [DIEM]) VALUES (661, N'M    ', 2012, 1, 8)
INSERT [dbo].[DANGKY] ([MASV], [MAMH], [NAM], [HOCKY], [DIEM]) VALUES (662, N'G    ', 2014, 2, 7.5)
INSERT [dbo].[DANGKY] ([MASV], [MAMH], [NAM], [HOCKY], [DIEM]) VALUES (663, N'M    ', 2013, 1, 6.5)
INSERT [dbo].[DANGKY] ([MASV], [MAMH], [NAM], [HOCKY], [DIEM]) VALUES (664, N'M    ', 2012, 1, 9)
INSERT [dbo].[DANGKY] ([MASV], [MAMH], [NAM], [HOCKY], [DIEM]) VALUES (665, N'C    ', 2012, 1, 6)
INSERT [dbo].[DANGKY] ([MASV], [MAMH], [NAM], [HOCKY], [DIEM]) VALUES (666, N'C    ', 2013, 2, 10)
INSERT [dbo].[DANGKY] ([MASV], [MAMH], [NAM], [HOCKY], [DIEM]) VALUES (667, N'J    ', 2014, 1, 6)
INSERT [dbo].[DANGKY] ([MASV], [MAMH], [NAM], [HOCKY], [DIEM]) VALUES (668, N'E    ', 2013, 1, 10)
INSERT [dbo].[DANGKY] ([MASV], [MAMH], [NAM], [HOCKY], [DIEM]) VALUES (669, N'G    ', 2012, 1, 9.5)
INSERT [dbo].[DANGKY] ([MASV], [MAMH], [NAM], [HOCKY], [DIEM]) VALUES (670, N'P    ', 2013, 2, 8)
INSERT [dbo].[DANGKY] ([MASV], [MAMH], [NAM], [HOCKY], [DIEM]) VALUES (671, N'P    ', 2014, 1, 6)
INSERT [dbo].[DANGKY] ([MASV], [MAMH], [NAM], [HOCKY], [DIEM]) VALUES (672, N'L    ', 2013, 2, 8)
INSERT [dbo].[DANGKY] ([MASV], [MAMH], [NAM], [HOCKY], [DIEM]) VALUES (673, N'J    ', 2014, 2, 8.5)
INSERT [dbo].[DANGKY] ([MASV], [MAMH], [NAM], [HOCKY], [DIEM]) VALUES (674, N'C    ', 2012, 2, 9)
INSERT [dbo].[DANGKY] ([MASV], [MAMH], [NAM], [HOCKY], [DIEM]) VALUES (675, N'L    ', 2013, 2, 6)
INSERT [dbo].[DANGKY] ([MASV], [MAMH], [NAM], [HOCKY], [DIEM]) VALUES (676, N'L    ', 2012, 1, 8.5)
INSERT [dbo].[DANGKY] ([MASV], [MAMH], [NAM], [HOCKY], [DIEM]) VALUES (677, N'L    ', 2012, 1, 7)
INSERT [dbo].[DANGKY] ([MASV], [MAMH], [NAM], [HOCKY], [DIEM]) VALUES (678, N'P    ', 2014, 1, 10)
INSERT [dbo].[DANGKY] ([MASV], [MAMH], [NAM], [HOCKY], [DIEM]) VALUES (679, N'C    ', 2013, 1, 9)
INSERT [dbo].[DANGKY] ([MASV], [MAMH], [NAM], [HOCKY], [DIEM]) VALUES (680, N'E    ', 2015, 2, 8)
INSERT [dbo].[DANGKY] ([MASV], [MAMH], [NAM], [HOCKY], [DIEM]) VALUES (681, N'L    ', 2013, 1, 7.5)
INSERT [dbo].[DANGKY] ([MASV], [MAMH], [NAM], [HOCKY], [DIEM]) VALUES (682, N'L    ', 2015, 1, 8.5)
INSERT [dbo].[DANGKY] ([MASV], [MAMH], [NAM], [HOCKY], [DIEM]) VALUES (683, N'E    ', 2015, 1, 7)
INSERT [dbo].[DANGKY] ([MASV], [MAMH], [NAM], [HOCKY], [DIEM]) VALUES (684, N'J    ', 2015, 2, 6)
INSERT [dbo].[DANGKY] ([MASV], [MAMH], [NAM], [HOCKY], [DIEM]) VALUES (685, N'L    ', 2014, 2, 7)
INSERT [dbo].[DANGKY] ([MASV], [MAMH], [NAM], [HOCKY], [DIEM]) VALUES (686, N'E    ', 2012, 2, 8)
INSERT [dbo].[DANGKY] ([MASV], [MAMH], [NAM], [HOCKY], [DIEM]) VALUES (687, N'E    ', 2015, 2, 7.5)
INSERT [dbo].[DANGKY] ([MASV], [MAMH], [NAM], [HOCKY], [DIEM]) VALUES (688, N'C    ', 2014, 1, 6)
INSERT [dbo].[DANGKY] ([MASV], [MAMH], [NAM], [HOCKY], [DIEM]) VALUES (689, N'E    ', 2014, 2, 9.5)
INSERT [dbo].[DANGKY] ([MASV], [MAMH], [NAM], [HOCKY], [DIEM]) VALUES (690, N'G    ', 2015, 2, 10)
INSERT [dbo].[DANGKY] ([MASV], [MAMH], [NAM], [HOCKY], [DIEM]) VALUES (691, N'G    ', 2013, 1, 6.5)
INSERT [dbo].[DANGKY] ([MASV], [MAMH], [NAM], [HOCKY], [DIEM]) VALUES (692, N'G    ', 2013, 2, 10)
INSERT [dbo].[DANGKY] ([MASV], [MAMH], [NAM], [HOCKY], [DIEM]) VALUES (693, N'M    ', 2015, 2, 7.5)
INSERT [dbo].[DANGKY] ([MASV], [MAMH], [NAM], [HOCKY], [DIEM]) VALUES (694, N'P    ', 2015, 2, 8.5)
INSERT [dbo].[DANGKY] ([MASV], [MAMH], [NAM], [HOCKY], [DIEM]) VALUES (695, N'M    ', 2012, 1, 6.5)
INSERT [dbo].[DANGKY] ([MASV], [MAMH], [NAM], [HOCKY], [DIEM]) VALUES (696, N'L    ', 2013, 1, 6.5)
INSERT [dbo].[DANGKY] ([MASV], [MAMH], [NAM], [HOCKY], [DIEM]) VALUES (697, N'L    ', 2012, 2, 9)
INSERT [dbo].[DANGKY] ([MASV], [MAMH], [NAM], [HOCKY], [DIEM]) VALUES (698, N'J    ', 2012, 1, 10)
INSERT [dbo].[DANGKY] ([MASV], [MAMH], [NAM], [HOCKY], [DIEM]) VALUES (699, N'P    ', 2014, 2, 9)
INSERT [dbo].[DANGKY] ([MASV], [MAMH], [NAM], [HOCKY], [DIEM]) VALUES (700, N'C    ', 2013, 1, 6)
GO
INSERT [dbo].[DANGKY] ([MASV], [MAMH], [NAM], [HOCKY], [DIEM]) VALUES (701, N'C    ', 2014, 1, 7.5)
INSERT [dbo].[DANGKY] ([MASV], [MAMH], [NAM], [HOCKY], [DIEM]) VALUES (702, N'L    ', 2012, 1, 7.5)
INSERT [dbo].[DANGKY] ([MASV], [MAMH], [NAM], [HOCKY], [DIEM]) VALUES (703, N'M    ', 2013, 2, 9.5)
INSERT [dbo].[DANGKY] ([MASV], [MAMH], [NAM], [HOCKY], [DIEM]) VALUES (704, N'P    ', 2013, 1, 8)
INSERT [dbo].[DANGKY] ([MASV], [MAMH], [NAM], [HOCKY], [DIEM]) VALUES (705, N'J    ', 2015, 2, 9)
INSERT [dbo].[DANGKY] ([MASV], [MAMH], [NAM], [HOCKY], [DIEM]) VALUES (706, N'P    ', 2014, 1, 9)
INSERT [dbo].[DANGKY] ([MASV], [MAMH], [NAM], [HOCKY], [DIEM]) VALUES (707, N'E    ', 2013, 1, 7.5)
INSERT [dbo].[DANGKY] ([MASV], [MAMH], [NAM], [HOCKY], [DIEM]) VALUES (708, N'L    ', 2015, 1, 8)
INSERT [dbo].[DANGKY] ([MASV], [MAMH], [NAM], [HOCKY], [DIEM]) VALUES (709, N'P    ', 2013, 1, 7.5)
INSERT [dbo].[DANGKY] ([MASV], [MAMH], [NAM], [HOCKY], [DIEM]) VALUES (710, N'M    ', 2014, 1, 8.5)
INSERT [dbo].[DANGKY] ([MASV], [MAMH], [NAM], [HOCKY], [DIEM]) VALUES (711, N'C    ', 2014, 2, 8.5)
INSERT [dbo].[DANGKY] ([MASV], [MAMH], [NAM], [HOCKY], [DIEM]) VALUES (712, N'L    ', 2014, 1, 7.5)
INSERT [dbo].[DANGKY] ([MASV], [MAMH], [NAM], [HOCKY], [DIEM]) VALUES (713, N'L    ', 2014, 1, 8.5)
INSERT [dbo].[DANGKY] ([MASV], [MAMH], [NAM], [HOCKY], [DIEM]) VALUES (714, N'P    ', 2014, 2, 6.5)
INSERT [dbo].[DANGKY] ([MASV], [MAMH], [NAM], [HOCKY], [DIEM]) VALUES (715, N'E    ', 2014, 2, 6)
INSERT [dbo].[DANGKY] ([MASV], [MAMH], [NAM], [HOCKY], [DIEM]) VALUES (716, N'J    ', 2012, 1, 10)
INSERT [dbo].[DANGKY] ([MASV], [MAMH], [NAM], [HOCKY], [DIEM]) VALUES (717, N'L    ', 2015, 2, 9)
INSERT [dbo].[DANGKY] ([MASV], [MAMH], [NAM], [HOCKY], [DIEM]) VALUES (718, N'J    ', 2012, 1, 7)
INSERT [dbo].[DANGKY] ([MASV], [MAMH], [NAM], [HOCKY], [DIEM]) VALUES (719, N'J    ', 2015, 2, 8.5)
INSERT [dbo].[DANGKY] ([MASV], [MAMH], [NAM], [HOCKY], [DIEM]) VALUES (720, N'G    ', 2012, 1, 7)
INSERT [dbo].[DANGKY] ([MASV], [MAMH], [NAM], [HOCKY], [DIEM]) VALUES (721, N'E    ', 2013, 1, 8)
INSERT [dbo].[DANGKY] ([MASV], [MAMH], [NAM], [HOCKY], [DIEM]) VALUES (722, N'P    ', 2012, 2, 9)
INSERT [dbo].[DANGKY] ([MASV], [MAMH], [NAM], [HOCKY], [DIEM]) VALUES (723, N'M    ', 2013, 2, 8)
INSERT [dbo].[DANGKY] ([MASV], [MAMH], [NAM], [HOCKY], [DIEM]) VALUES (724, N'E    ', 2015, 2, 9)
INSERT [dbo].[DANGKY] ([MASV], [MAMH], [NAM], [HOCKY], [DIEM]) VALUES (725, N'G    ', 2013, 1, 7)
INSERT [dbo].[DANGKY] ([MASV], [MAMH], [NAM], [HOCKY], [DIEM]) VALUES (726, N'G    ', 2012, 2, 6)
INSERT [dbo].[DANGKY] ([MASV], [MAMH], [NAM], [HOCKY], [DIEM]) VALUES (727, N'M    ', 2012, 1, 6)
INSERT [dbo].[DANGKY] ([MASV], [MAMH], [NAM], [HOCKY], [DIEM]) VALUES (728, N'L    ', 2013, 1, 9)
INSERT [dbo].[DANGKY] ([MASV], [MAMH], [NAM], [HOCKY], [DIEM]) VALUES (729, N'P    ', 2015, 1, 7)
INSERT [dbo].[DANGKY] ([MASV], [MAMH], [NAM], [HOCKY], [DIEM]) VALUES (730, N'P    ', 2015, 2, 7)
INSERT [dbo].[DANGKY] ([MASV], [MAMH], [NAM], [HOCKY], [DIEM]) VALUES (731, N'G    ', 2014, 2, 6)
INSERT [dbo].[DANGKY] ([MASV], [MAMH], [NAM], [HOCKY], [DIEM]) VALUES (732, N'M    ', 2014, 1, 9.5)
INSERT [dbo].[DANGKY] ([MASV], [MAMH], [NAM], [HOCKY], [DIEM]) VALUES (733, N'M    ', 2014, 2, 7.5)
INSERT [dbo].[DANGKY] ([MASV], [MAMH], [NAM], [HOCKY], [DIEM]) VALUES (734, N'J    ', 2013, 1, 7)
INSERT [dbo].[DANGKY] ([MASV], [MAMH], [NAM], [HOCKY], [DIEM]) VALUES (735, N'J    ', 2012, 1, 6.5)
INSERT [dbo].[DANGKY] ([MASV], [MAMH], [NAM], [HOCKY], [DIEM]) VALUES (736, N'C    ', 2012, 1, 6.5)
INSERT [dbo].[DANGKY] ([MASV], [MAMH], [NAM], [HOCKY], [DIEM]) VALUES (737, N'G    ', 2014, 2, 8)
INSERT [dbo].[DANGKY] ([MASV], [MAMH], [NAM], [HOCKY], [DIEM]) VALUES (738, N'E    ', 2015, 1, 8.5)
INSERT [dbo].[DANGKY] ([MASV], [MAMH], [NAM], [HOCKY], [DIEM]) VALUES (739, N'J    ', 2015, 2, 8)
INSERT [dbo].[DANGKY] ([MASV], [MAMH], [NAM], [HOCKY], [DIEM]) VALUES (740, N'C    ', 2015, 2, 7)
INSERT [dbo].[DANGKY] ([MASV], [MAMH], [NAM], [HOCKY], [DIEM]) VALUES (741, N'E    ', 2014, 2, 8.5)
INSERT [dbo].[DANGKY] ([MASV], [MAMH], [NAM], [HOCKY], [DIEM]) VALUES (742, N'C    ', 2013, 2, 6.5)
INSERT [dbo].[DANGKY] ([MASV], [MAMH], [NAM], [HOCKY], [DIEM]) VALUES (743, N'E    ', 2013, 1, 6)
INSERT [dbo].[DANGKY] ([MASV], [MAMH], [NAM], [HOCKY], [DIEM]) VALUES (744, N'M    ', 2012, 2, 8)
INSERT [dbo].[DANGKY] ([MASV], [MAMH], [NAM], [HOCKY], [DIEM]) VALUES (745, N'L    ', 2014, 2, 7.5)
INSERT [dbo].[DANGKY] ([MASV], [MAMH], [NAM], [HOCKY], [DIEM]) VALUES (746, N'G    ', 2014, 2, 8)
INSERT [dbo].[DANGKY] ([MASV], [MAMH], [NAM], [HOCKY], [DIEM]) VALUES (747, N'G    ', 2014, 2, 9.5)
INSERT [dbo].[DANGKY] ([MASV], [MAMH], [NAM], [HOCKY], [DIEM]) VALUES (748, N'G    ', 2015, 2, 7.5)
INSERT [dbo].[DANGKY] ([MASV], [MAMH], [NAM], [HOCKY], [DIEM]) VALUES (749, N'L    ', 2014, 1, 7.5)
INSERT [dbo].[DANGKY] ([MASV], [MAMH], [NAM], [HOCKY], [DIEM]) VALUES (750, N'E    ', 2015, 1, 10)
INSERT [dbo].[DANGKY] ([MASV], [MAMH], [NAM], [HOCKY], [DIEM]) VALUES (751, N'M    ', 2014, 1, 6.5)
INSERT [dbo].[DANGKY] ([MASV], [MAMH], [NAM], [HOCKY], [DIEM]) VALUES (752, N'C    ', 2012, 1, 7.5)
INSERT [dbo].[DANGKY] ([MASV], [MAMH], [NAM], [HOCKY], [DIEM]) VALUES (753, N'M    ', 2014, 1, 6)
INSERT [dbo].[DANGKY] ([MASV], [MAMH], [NAM], [HOCKY], [DIEM]) VALUES (754, N'M    ', 2015, 2, 7)
INSERT [dbo].[DANGKY] ([MASV], [MAMH], [NAM], [HOCKY], [DIEM]) VALUES (755, N'M    ', 2015, 1, 9.5)
INSERT [dbo].[DANGKY] ([MASV], [MAMH], [NAM], [HOCKY], [DIEM]) VALUES (756, N'C    ', 2013, 2, 8)
INSERT [dbo].[DANGKY] ([MASV], [MAMH], [NAM], [HOCKY], [DIEM]) VALUES (757, N'P    ', 2013, 1, 10)
INSERT [dbo].[DANGKY] ([MASV], [MAMH], [NAM], [HOCKY], [DIEM]) VALUES (758, N'P    ', 2013, 1, 8)
INSERT [dbo].[DANGKY] ([MASV], [MAMH], [NAM], [HOCKY], [DIEM]) VALUES (759, N'M    ', 2013, 1, 9.5)
INSERT [dbo].[DANGKY] ([MASV], [MAMH], [NAM], [HOCKY], [DIEM]) VALUES (760, N'L    ', 2015, 1, 10)
INSERT [dbo].[DANGKY] ([MASV], [MAMH], [NAM], [HOCKY], [DIEM]) VALUES (761, N'P    ', 2013, 2, 10)
INSERT [dbo].[DANGKY] ([MASV], [MAMH], [NAM], [HOCKY], [DIEM]) VALUES (762, N'P    ', 2014, 1, 8.5)
INSERT [dbo].[DANGKY] ([MASV], [MAMH], [NAM], [HOCKY], [DIEM]) VALUES (763, N'G    ', 2012, 1, 6.5)
INSERT [dbo].[DANGKY] ([MASV], [MAMH], [NAM], [HOCKY], [DIEM]) VALUES (764, N'C    ', 2013, 1, 8)
INSERT [dbo].[DANGKY] ([MASV], [MAMH], [NAM], [HOCKY], [DIEM]) VALUES (765, N'G    ', 2014, 2, 6.5)
INSERT [dbo].[DANGKY] ([MASV], [MAMH], [NAM], [HOCKY], [DIEM]) VALUES (766, N'L    ', 2015, 2, 8)
INSERT [dbo].[DANGKY] ([MASV], [MAMH], [NAM], [HOCKY], [DIEM]) VALUES (767, N'P    ', 2012, 2, 8.5)
INSERT [dbo].[DANGKY] ([MASV], [MAMH], [NAM], [HOCKY], [DIEM]) VALUES (768, N'M    ', 2013, 1, 7)
INSERT [dbo].[DANGKY] ([MASV], [MAMH], [NAM], [HOCKY], [DIEM]) VALUES (769, N'L    ', 2014, 1, 8)
INSERT [dbo].[DANGKY] ([MASV], [MAMH], [NAM], [HOCKY], [DIEM]) VALUES (770, N'M    ', 2012, 2, 7)
INSERT [dbo].[DANGKY] ([MASV], [MAMH], [NAM], [HOCKY], [DIEM]) VALUES (771, N'E    ', 2014, 1, 6.5)
INSERT [dbo].[DANGKY] ([MASV], [MAMH], [NAM], [HOCKY], [DIEM]) VALUES (772, N'L    ', 2014, 2, 9.5)
INSERT [dbo].[DANGKY] ([MASV], [MAMH], [NAM], [HOCKY], [DIEM]) VALUES (773, N'C    ', 2014, 1, 8.5)
INSERT [dbo].[DANGKY] ([MASV], [MAMH], [NAM], [HOCKY], [DIEM]) VALUES (774, N'G    ', 2015, 1, 7)
INSERT [dbo].[DANGKY] ([MASV], [MAMH], [NAM], [HOCKY], [DIEM]) VALUES (775, N'M    ', 2013, 1, 7.5)
INSERT [dbo].[DANGKY] ([MASV], [MAMH], [NAM], [HOCKY], [DIEM]) VALUES (776, N'G    ', 2012, 1, 10)
INSERT [dbo].[DANGKY] ([MASV], [MAMH], [NAM], [HOCKY], [DIEM]) VALUES (777, N'L    ', 2015, 2, 7.5)
INSERT [dbo].[DANGKY] ([MASV], [MAMH], [NAM], [HOCKY], [DIEM]) VALUES (778, N'G    ', 2015, 2, 8.5)
INSERT [dbo].[DANGKY] ([MASV], [MAMH], [NAM], [HOCKY], [DIEM]) VALUES (779, N'P    ', 2013, 2, 9.5)
INSERT [dbo].[DANGKY] ([MASV], [MAMH], [NAM], [HOCKY], [DIEM]) VALUES (780, N'M    ', 2012, 2, 8.5)
INSERT [dbo].[DANGKY] ([MASV], [MAMH], [NAM], [HOCKY], [DIEM]) VALUES (781, N'C    ', 2013, 1, 8.5)
INSERT [dbo].[DANGKY] ([MASV], [MAMH], [NAM], [HOCKY], [DIEM]) VALUES (782, N'P    ', 2013, 1, 8.5)
INSERT [dbo].[DANGKY] ([MASV], [MAMH], [NAM], [HOCKY], [DIEM]) VALUES (783, N'M    ', 2013, 2, 9.5)
INSERT [dbo].[DANGKY] ([MASV], [MAMH], [NAM], [HOCKY], [DIEM]) VALUES (784, N'J    ', 2012, 2, 9)
INSERT [dbo].[DANGKY] ([MASV], [MAMH], [NAM], [HOCKY], [DIEM]) VALUES (785, N'J    ', 2012, 1, 9.5)
INSERT [dbo].[DANGKY] ([MASV], [MAMH], [NAM], [HOCKY], [DIEM]) VALUES (786, N'E    ', 2014, 1, 9.5)
INSERT [dbo].[DANGKY] ([MASV], [MAMH], [NAM], [HOCKY], [DIEM]) VALUES (787, N'P    ', 2013, 2, 7.5)
INSERT [dbo].[DANGKY] ([MASV], [MAMH], [NAM], [HOCKY], [DIEM]) VALUES (788, N'P    ', 2015, 2, 10)
INSERT [dbo].[DANGKY] ([MASV], [MAMH], [NAM], [HOCKY], [DIEM]) VALUES (789, N'L    ', 2013, 1, 8)
INSERT [dbo].[DANGKY] ([MASV], [MAMH], [NAM], [HOCKY], [DIEM]) VALUES (790, N'E    ', 2015, 2, 9)
INSERT [dbo].[DANGKY] ([MASV], [MAMH], [NAM], [HOCKY], [DIEM]) VALUES (791, N'G    ', 2012, 1, 6.5)
INSERT [dbo].[DANGKY] ([MASV], [MAMH], [NAM], [HOCKY], [DIEM]) VALUES (792, N'L    ', 2014, 2, 6)
INSERT [dbo].[DANGKY] ([MASV], [MAMH], [NAM], [HOCKY], [DIEM]) VALUES (793, N'P    ', 2012, 1, 8)
INSERT [dbo].[DANGKY] ([MASV], [MAMH], [NAM], [HOCKY], [DIEM]) VALUES (794, N'L    ', 2015, 1, 8)
INSERT [dbo].[DANGKY] ([MASV], [MAMH], [NAM], [HOCKY], [DIEM]) VALUES (795, N'L    ', 2013, 2, 9)
INSERT [dbo].[DANGKY] ([MASV], [MAMH], [NAM], [HOCKY], [DIEM]) VALUES (796, N'G    ', 2014, 2, 7)
INSERT [dbo].[DANGKY] ([MASV], [MAMH], [NAM], [HOCKY], [DIEM]) VALUES (797, N'L    ', 2015, 1, 6)
INSERT [dbo].[DANGKY] ([MASV], [MAMH], [NAM], [HOCKY], [DIEM]) VALUES (798, N'J    ', 2015, 2, 7)
INSERT [dbo].[DANGKY] ([MASV], [MAMH], [NAM], [HOCKY], [DIEM]) VALUES (799, N'P    ', 2015, 2, 7.5)
INSERT [dbo].[DANGKY] ([MASV], [MAMH], [NAM], [HOCKY], [DIEM]) VALUES (800, N'E    ', 2013, 2, 7.5)
GO
INSERT [dbo].[DANGKY] ([MASV], [MAMH], [NAM], [HOCKY], [DIEM]) VALUES (801, N'L    ', 2015, 1, 7)
INSERT [dbo].[DANGKY] ([MASV], [MAMH], [NAM], [HOCKY], [DIEM]) VALUES (802, N'G    ', 2013, 2, 9)
INSERT [dbo].[DANGKY] ([MASV], [MAMH], [NAM], [HOCKY], [DIEM]) VALUES (803, N'L    ', 2013, 2, 7)
INSERT [dbo].[DANGKY] ([MASV], [MAMH], [NAM], [HOCKY], [DIEM]) VALUES (804, N'C    ', 2015, 2, 6)
INSERT [dbo].[DANGKY] ([MASV], [MAMH], [NAM], [HOCKY], [DIEM]) VALUES (805, N'L    ', 2014, 2, 10)
INSERT [dbo].[DANGKY] ([MASV], [MAMH], [NAM], [HOCKY], [DIEM]) VALUES (806, N'C    ', 2014, 2, 7)
INSERT [dbo].[DANGKY] ([MASV], [MAMH], [NAM], [HOCKY], [DIEM]) VALUES (807, N'J    ', 2014, 1, 7)
INSERT [dbo].[DANGKY] ([MASV], [MAMH], [NAM], [HOCKY], [DIEM]) VALUES (808, N'G    ', 2013, 2, 10)
INSERT [dbo].[DANGKY] ([MASV], [MAMH], [NAM], [HOCKY], [DIEM]) VALUES (809, N'L    ', 2015, 1, 9)
INSERT [dbo].[DANGKY] ([MASV], [MAMH], [NAM], [HOCKY], [DIEM]) VALUES (810, N'G    ', 2012, 2, 10)
INSERT [dbo].[DANGKY] ([MASV], [MAMH], [NAM], [HOCKY], [DIEM]) VALUES (811, N'P    ', 2015, 2, 7)
INSERT [dbo].[DANGKY] ([MASV], [MAMH], [NAM], [HOCKY], [DIEM]) VALUES (812, N'E    ', 2012, 2, 9)
INSERT [dbo].[DANGKY] ([MASV], [MAMH], [NAM], [HOCKY], [DIEM]) VALUES (813, N'E    ', 2013, 2, 7)
INSERT [dbo].[DANGKY] ([MASV], [MAMH], [NAM], [HOCKY], [DIEM]) VALUES (814, N'J    ', 2013, 1, 9)
INSERT [dbo].[DANGKY] ([MASV], [MAMH], [NAM], [HOCKY], [DIEM]) VALUES (815, N'M    ', 2013, 2, 7)
INSERT [dbo].[DANGKY] ([MASV], [MAMH], [NAM], [HOCKY], [DIEM]) VALUES (816, N'P    ', 2015, 2, 6)
INSERT [dbo].[DANGKY] ([MASV], [MAMH], [NAM], [HOCKY], [DIEM]) VALUES (817, N'J    ', 2012, 2, 9.5)
INSERT [dbo].[DANGKY] ([MASV], [MAMH], [NAM], [HOCKY], [DIEM]) VALUES (818, N'M    ', 2014, 2, 6.5)
INSERT [dbo].[DANGKY] ([MASV], [MAMH], [NAM], [HOCKY], [DIEM]) VALUES (819, N'E    ', 2013, 1, 8.5)
INSERT [dbo].[DANGKY] ([MASV], [MAMH], [NAM], [HOCKY], [DIEM]) VALUES (820, N'J    ', 2014, 2, 10)
INSERT [dbo].[DANGKY] ([MASV], [MAMH], [NAM], [HOCKY], [DIEM]) VALUES (821, N'J    ', 2015, 1, 9)
INSERT [dbo].[DANGKY] ([MASV], [MAMH], [NAM], [HOCKY], [DIEM]) VALUES (822, N'L    ', 2013, 1, 8.5)
INSERT [dbo].[DANGKY] ([MASV], [MAMH], [NAM], [HOCKY], [DIEM]) VALUES (823, N'L    ', 2012, 2, 8)
INSERT [dbo].[DANGKY] ([MASV], [MAMH], [NAM], [HOCKY], [DIEM]) VALUES (824, N'M    ', 2012, 1, 7)
INSERT [dbo].[DANGKY] ([MASV], [MAMH], [NAM], [HOCKY], [DIEM]) VALUES (825, N'M    ', 2015, 1, 9)
INSERT [dbo].[DANGKY] ([MASV], [MAMH], [NAM], [HOCKY], [DIEM]) VALUES (826, N'G    ', 2014, 1, 9.5)
INSERT [dbo].[DANGKY] ([MASV], [MAMH], [NAM], [HOCKY], [DIEM]) VALUES (827, N'P    ', 2013, 1, 6.5)
INSERT [dbo].[DANGKY] ([MASV], [MAMH], [NAM], [HOCKY], [DIEM]) VALUES (828, N'M    ', 2014, 2, 9.5)
INSERT [dbo].[DANGKY] ([MASV], [MAMH], [NAM], [HOCKY], [DIEM]) VALUES (829, N'P    ', 2012, 2, 8)
INSERT [dbo].[DANGKY] ([MASV], [MAMH], [NAM], [HOCKY], [DIEM]) VALUES (830, N'C    ', 2015, 2, 8.5)
INSERT [dbo].[DANGKY] ([MASV], [MAMH], [NAM], [HOCKY], [DIEM]) VALUES (831, N'L    ', 2012, 1, 9)
INSERT [dbo].[DANGKY] ([MASV], [MAMH], [NAM], [HOCKY], [DIEM]) VALUES (832, N'G    ', 2012, 2, 10)
INSERT [dbo].[DANGKY] ([MASV], [MAMH], [NAM], [HOCKY], [DIEM]) VALUES (833, N'C    ', 2015, 2, 7)
INSERT [dbo].[DANGKY] ([MASV], [MAMH], [NAM], [HOCKY], [DIEM]) VALUES (834, N'C    ', 2014, 1, 9.5)
INSERT [dbo].[DANGKY] ([MASV], [MAMH], [NAM], [HOCKY], [DIEM]) VALUES (835, N'E    ', 2014, 2, 7)
INSERT [dbo].[DANGKY] ([MASV], [MAMH], [NAM], [HOCKY], [DIEM]) VALUES (836, N'L    ', 2014, 2, 6.5)
INSERT [dbo].[DANGKY] ([MASV], [MAMH], [NAM], [HOCKY], [DIEM]) VALUES (837, N'C    ', 2013, 2, 6.5)
INSERT [dbo].[DANGKY] ([MASV], [MAMH], [NAM], [HOCKY], [DIEM]) VALUES (838, N'G    ', 2012, 1, 9.5)
INSERT [dbo].[DANGKY] ([MASV], [MAMH], [NAM], [HOCKY], [DIEM]) VALUES (839, N'J    ', 2015, 2, 10)
INSERT [dbo].[DANGKY] ([MASV], [MAMH], [NAM], [HOCKY], [DIEM]) VALUES (840, N'M    ', 2012, 2, 7.5)
INSERT [dbo].[DANGKY] ([MASV], [MAMH], [NAM], [HOCKY], [DIEM]) VALUES (841, N'J    ', 2013, 2, 6.5)
INSERT [dbo].[DANGKY] ([MASV], [MAMH], [NAM], [HOCKY], [DIEM]) VALUES (842, N'J    ', 2013, 1, 8.5)
INSERT [dbo].[DANGKY] ([MASV], [MAMH], [NAM], [HOCKY], [DIEM]) VALUES (843, N'L    ', 2012, 2, 6.5)
INSERT [dbo].[DANGKY] ([MASV], [MAMH], [NAM], [HOCKY], [DIEM]) VALUES (844, N'G    ', 2013, 1, 6)
INSERT [dbo].[DANGKY] ([MASV], [MAMH], [NAM], [HOCKY], [DIEM]) VALUES (845, N'L    ', 2015, 2, 9.5)
INSERT [dbo].[DANGKY] ([MASV], [MAMH], [NAM], [HOCKY], [DIEM]) VALUES (846, N'E    ', 2015, 2, 6)
INSERT [dbo].[DANGKY] ([MASV], [MAMH], [NAM], [HOCKY], [DIEM]) VALUES (847, N'M    ', 2014, 1, 7.5)
INSERT [dbo].[DANGKY] ([MASV], [MAMH], [NAM], [HOCKY], [DIEM]) VALUES (848, N'E    ', 2015, 2, 8.5)
INSERT [dbo].[DANGKY] ([MASV], [MAMH], [NAM], [HOCKY], [DIEM]) VALUES (849, N'L    ', 2013, 2, 7.5)
INSERT [dbo].[DANGKY] ([MASV], [MAMH], [NAM], [HOCKY], [DIEM]) VALUES (850, N'L    ', 2013, 1, 10)
INSERT [dbo].[DANGKY] ([MASV], [MAMH], [NAM], [HOCKY], [DIEM]) VALUES (851, N'C    ', 2013, 2, 7.5)
INSERT [dbo].[DANGKY] ([MASV], [MAMH], [NAM], [HOCKY], [DIEM]) VALUES (852, N'J    ', 2014, 1, 7.5)
INSERT [dbo].[DANGKY] ([MASV], [MAMH], [NAM], [HOCKY], [DIEM]) VALUES (853, N'L    ', 2015, 1, 9.5)
INSERT [dbo].[DANGKY] ([MASV], [MAMH], [NAM], [HOCKY], [DIEM]) VALUES (854, N'J    ', 2015, 2, 6.5)
INSERT [dbo].[DANGKY] ([MASV], [MAMH], [NAM], [HOCKY], [DIEM]) VALUES (855, N'P    ', 2014, 2, 7)
INSERT [dbo].[DANGKY] ([MASV], [MAMH], [NAM], [HOCKY], [DIEM]) VALUES (856, N'M    ', 2013, 1, 8)
INSERT [dbo].[DANGKY] ([MASV], [MAMH], [NAM], [HOCKY], [DIEM]) VALUES (857, N'L    ', 2013, 1, 8)
INSERT [dbo].[DANGKY] ([MASV], [MAMH], [NAM], [HOCKY], [DIEM]) VALUES (858, N'M    ', 2012, 1, 6.5)
INSERT [dbo].[DANGKY] ([MASV], [MAMH], [NAM], [HOCKY], [DIEM]) VALUES (859, N'C    ', 2012, 1, 7.5)
INSERT [dbo].[DANGKY] ([MASV], [MAMH], [NAM], [HOCKY], [DIEM]) VALUES (860, N'M    ', 2013, 2, 8)
INSERT [dbo].[DANGKY] ([MASV], [MAMH], [NAM], [HOCKY], [DIEM]) VALUES (861, N'P    ', 2012, 2, 7.5)
INSERT [dbo].[DANGKY] ([MASV], [MAMH], [NAM], [HOCKY], [DIEM]) VALUES (862, N'M    ', 2015, 2, 9.5)
INSERT [dbo].[DANGKY] ([MASV], [MAMH], [NAM], [HOCKY], [DIEM]) VALUES (863, N'L    ', 2015, 2, 9)
INSERT [dbo].[DANGKY] ([MASV], [MAMH], [NAM], [HOCKY], [DIEM]) VALUES (864, N'E    ', 2012, 1, 7.5)
INSERT [dbo].[DANGKY] ([MASV], [MAMH], [NAM], [HOCKY], [DIEM]) VALUES (865, N'E    ', 2013, 1, 7)
INSERT [dbo].[DANGKY] ([MASV], [MAMH], [NAM], [HOCKY], [DIEM]) VALUES (866, N'G    ', 2013, 2, 8)
INSERT [dbo].[DANGKY] ([MASV], [MAMH], [NAM], [HOCKY], [DIEM]) VALUES (867, N'P    ', 2013, 1, 7)
INSERT [dbo].[DANGKY] ([MASV], [MAMH], [NAM], [HOCKY], [DIEM]) VALUES (868, N'C    ', 2012, 1, 9.5)
INSERT [dbo].[DANGKY] ([MASV], [MAMH], [NAM], [HOCKY], [DIEM]) VALUES (869, N'E    ', 2013, 1, 7)
INSERT [dbo].[DANGKY] ([MASV], [MAMH], [NAM], [HOCKY], [DIEM]) VALUES (870, N'P    ', 2012, 1, 6)
INSERT [dbo].[DANGKY] ([MASV], [MAMH], [NAM], [HOCKY], [DIEM]) VALUES (871, N'J    ', 2014, 2, 7)
INSERT [dbo].[DANGKY] ([MASV], [MAMH], [NAM], [HOCKY], [DIEM]) VALUES (872, N'L    ', 2014, 2, 6.5)
INSERT [dbo].[DANGKY] ([MASV], [MAMH], [NAM], [HOCKY], [DIEM]) VALUES (873, N'J    ', 2015, 2, 6.5)
INSERT [dbo].[DANGKY] ([MASV], [MAMH], [NAM], [HOCKY], [DIEM]) VALUES (874, N'C    ', 2012, 1, 9)
INSERT [dbo].[DANGKY] ([MASV], [MAMH], [NAM], [HOCKY], [DIEM]) VALUES (875, N'G    ', 2014, 1, 6)
INSERT [dbo].[DANGKY] ([MASV], [MAMH], [NAM], [HOCKY], [DIEM]) VALUES (876, N'M    ', 2015, 1, 6.5)
INSERT [dbo].[DANGKY] ([MASV], [MAMH], [NAM], [HOCKY], [DIEM]) VALUES (877, N'J    ', 2012, 2, 6)
INSERT [dbo].[DANGKY] ([MASV], [MAMH], [NAM], [HOCKY], [DIEM]) VALUES (878, N'G    ', 2013, 1, 10)
INSERT [dbo].[DANGKY] ([MASV], [MAMH], [NAM], [HOCKY], [DIEM]) VALUES (879, N'J    ', 2015, 2, 7.5)
INSERT [dbo].[DANGKY] ([MASV], [MAMH], [NAM], [HOCKY], [DIEM]) VALUES (880, N'C    ', 2015, 2, 6)
INSERT [dbo].[DANGKY] ([MASV], [MAMH], [NAM], [HOCKY], [DIEM]) VALUES (881, N'E    ', 2013, 2, 10)
INSERT [dbo].[DANGKY] ([MASV], [MAMH], [NAM], [HOCKY], [DIEM]) VALUES (882, N'J    ', 2012, 2, 6.5)
INSERT [dbo].[DANGKY] ([MASV], [MAMH], [NAM], [HOCKY], [DIEM]) VALUES (883, N'G    ', 2015, 1, 9)
INSERT [dbo].[DANGKY] ([MASV], [MAMH], [NAM], [HOCKY], [DIEM]) VALUES (884, N'E    ', 2012, 2, 8.5)
INSERT [dbo].[DANGKY] ([MASV], [MAMH], [NAM], [HOCKY], [DIEM]) VALUES (885, N'J    ', 2015, 1, 8)
INSERT [dbo].[DANGKY] ([MASV], [MAMH], [NAM], [HOCKY], [DIEM]) VALUES (886, N'G    ', 2012, 2, 9.5)
INSERT [dbo].[DANGKY] ([MASV], [MAMH], [NAM], [HOCKY], [DIEM]) VALUES (887, N'E    ', 2012, 2, 7)
INSERT [dbo].[DANGKY] ([MASV], [MAMH], [NAM], [HOCKY], [DIEM]) VALUES (888, N'G    ', 2012, 1, 6)
INSERT [dbo].[DANGKY] ([MASV], [MAMH], [NAM], [HOCKY], [DIEM]) VALUES (889, N'L    ', 2012, 1, 8)
INSERT [dbo].[DANGKY] ([MASV], [MAMH], [NAM], [HOCKY], [DIEM]) VALUES (890, N'J    ', 2014, 1, 10)
INSERT [dbo].[DANGKY] ([MASV], [MAMH], [NAM], [HOCKY], [DIEM]) VALUES (891, N'M    ', 2012, 1, 7)
INSERT [dbo].[DANGKY] ([MASV], [MAMH], [NAM], [HOCKY], [DIEM]) VALUES (892, N'J    ', 2015, 1, 10)
INSERT [dbo].[DANGKY] ([MASV], [MAMH], [NAM], [HOCKY], [DIEM]) VALUES (893, N'P    ', 2013, 2, 10)
INSERT [dbo].[DANGKY] ([MASV], [MAMH], [NAM], [HOCKY], [DIEM]) VALUES (894, N'G    ', 2015, 1, 6)
INSERT [dbo].[DANGKY] ([MASV], [MAMH], [NAM], [HOCKY], [DIEM]) VALUES (895, N'C    ', 2015, 1, 7.5)
INSERT [dbo].[DANGKY] ([MASV], [MAMH], [NAM], [HOCKY], [DIEM]) VALUES (896, N'L    ', 2012, 2, 9)
INSERT [dbo].[DANGKY] ([MASV], [MAMH], [NAM], [HOCKY], [DIEM]) VALUES (897, N'L    ', 2015, 2, 10)
INSERT [dbo].[DANGKY] ([MASV], [MAMH], [NAM], [HOCKY], [DIEM]) VALUES (898, N'E    ', 2012, 1, 8.5)
INSERT [dbo].[DANGKY] ([MASV], [MAMH], [NAM], [HOCKY], [DIEM]) VALUES (899, N'E    ', 2015, 1, 7.5)
INSERT [dbo].[DANGKY] ([MASV], [MAMH], [NAM], [HOCKY], [DIEM]) VALUES (900, N'P    ', 2012, 2, 7)
GO
INSERT [dbo].[DANGKY] ([MASV], [MAMH], [NAM], [HOCKY], [DIEM]) VALUES (901, N'G    ', 2012, 2, 6)
INSERT [dbo].[DANGKY] ([MASV], [MAMH], [NAM], [HOCKY], [DIEM]) VALUES (902, N'C    ', 2012, 2, 6)
INSERT [dbo].[DANGKY] ([MASV], [MAMH], [NAM], [HOCKY], [DIEM]) VALUES (903, N'C    ', 2013, 1, 9.5)
INSERT [dbo].[DANGKY] ([MASV], [MAMH], [NAM], [HOCKY], [DIEM]) VALUES (904, N'M    ', 2012, 2, 10)
INSERT [dbo].[DANGKY] ([MASV], [MAMH], [NAM], [HOCKY], [DIEM]) VALUES (905, N'G    ', 2012, 1, 9)
INSERT [dbo].[DANGKY] ([MASV], [MAMH], [NAM], [HOCKY], [DIEM]) VALUES (906, N'E    ', 2012, 1, 6.5)
INSERT [dbo].[DANGKY] ([MASV], [MAMH], [NAM], [HOCKY], [DIEM]) VALUES (907, N'P    ', 2013, 2, 9)
INSERT [dbo].[DANGKY] ([MASV], [MAMH], [NAM], [HOCKY], [DIEM]) VALUES (908, N'P    ', 2015, 1, 7)
INSERT [dbo].[DANGKY] ([MASV], [MAMH], [NAM], [HOCKY], [DIEM]) VALUES (909, N'J    ', 2013, 1, 6)
INSERT [dbo].[DANGKY] ([MASV], [MAMH], [NAM], [HOCKY], [DIEM]) VALUES (910, N'M    ', 2015, 1, 8.5)
INSERT [dbo].[DANGKY] ([MASV], [MAMH], [NAM], [HOCKY], [DIEM]) VALUES (911, N'P    ', 2015, 2, 9)
INSERT [dbo].[DANGKY] ([MASV], [MAMH], [NAM], [HOCKY], [DIEM]) VALUES (912, N'M    ', 2015, 2, 8)
INSERT [dbo].[DANGKY] ([MASV], [MAMH], [NAM], [HOCKY], [DIEM]) VALUES (913, N'E    ', 2014, 1, 7.5)
INSERT [dbo].[DANGKY] ([MASV], [MAMH], [NAM], [HOCKY], [DIEM]) VALUES (914, N'G    ', 2015, 2, 6)
INSERT [dbo].[DANGKY] ([MASV], [MAMH], [NAM], [HOCKY], [DIEM]) VALUES (915, N'P    ', 2014, 2, 9.5)
INSERT [dbo].[DANGKY] ([MASV], [MAMH], [NAM], [HOCKY], [DIEM]) VALUES (916, N'P    ', 2015, 2, 9)
INSERT [dbo].[DANGKY] ([MASV], [MAMH], [NAM], [HOCKY], [DIEM]) VALUES (917, N'C    ', 2015, 2, 6.5)
INSERT [dbo].[DANGKY] ([MASV], [MAMH], [NAM], [HOCKY], [DIEM]) VALUES (918, N'J    ', 2015, 2, 6)
INSERT [dbo].[DANGKY] ([MASV], [MAMH], [NAM], [HOCKY], [DIEM]) VALUES (919, N'M    ', 2015, 1, 9)
INSERT [dbo].[DANGKY] ([MASV], [MAMH], [NAM], [HOCKY], [DIEM]) VALUES (920, N'J    ', 2012, 2, 7)
INSERT [dbo].[DANGKY] ([MASV], [MAMH], [NAM], [HOCKY], [DIEM]) VALUES (921, N'M    ', 2013, 2, 8.5)
INSERT [dbo].[DANGKY] ([MASV], [MAMH], [NAM], [HOCKY], [DIEM]) VALUES (922, N'E    ', 2013, 2, 9)
INSERT [dbo].[DANGKY] ([MASV], [MAMH], [NAM], [HOCKY], [DIEM]) VALUES (923, N'J    ', 2012, 2, 8.5)
INSERT [dbo].[DANGKY] ([MASV], [MAMH], [NAM], [HOCKY], [DIEM]) VALUES (924, N'G    ', 2015, 1, 6.5)
INSERT [dbo].[DANGKY] ([MASV], [MAMH], [NAM], [HOCKY], [DIEM]) VALUES (925, N'M    ', 2013, 2, 7)
INSERT [dbo].[DANGKY] ([MASV], [MAMH], [NAM], [HOCKY], [DIEM]) VALUES (926, N'M    ', 2015, 1, 6.5)
INSERT [dbo].[DANGKY] ([MASV], [MAMH], [NAM], [HOCKY], [DIEM]) VALUES (927, N'G    ', 2014, 1, 8)
INSERT [dbo].[DANGKY] ([MASV], [MAMH], [NAM], [HOCKY], [DIEM]) VALUES (928, N'E    ', 2012, 1, 9)
INSERT [dbo].[DANGKY] ([MASV], [MAMH], [NAM], [HOCKY], [DIEM]) VALUES (929, N'J    ', 2014, 1, 8.5)
INSERT [dbo].[DANGKY] ([MASV], [MAMH], [NAM], [HOCKY], [DIEM]) VALUES (930, N'J    ', 2013, 1, 10)
INSERT [dbo].[DANGKY] ([MASV], [MAMH], [NAM], [HOCKY], [DIEM]) VALUES (931, N'C    ', 2014, 1, 9)
INSERT [dbo].[DANGKY] ([MASV], [MAMH], [NAM], [HOCKY], [DIEM]) VALUES (932, N'P    ', 2012, 2, 10)
INSERT [dbo].[DANGKY] ([MASV], [MAMH], [NAM], [HOCKY], [DIEM]) VALUES (933, N'C    ', 2012, 2, 8)
INSERT [dbo].[DANGKY] ([MASV], [MAMH], [NAM], [HOCKY], [DIEM]) VALUES (934, N'E    ', 2013, 1, 8.5)
INSERT [dbo].[DANGKY] ([MASV], [MAMH], [NAM], [HOCKY], [DIEM]) VALUES (935, N'C    ', 2015, 2, 9.5)
INSERT [dbo].[DANGKY] ([MASV], [MAMH], [NAM], [HOCKY], [DIEM]) VALUES (936, N'C    ', 2013, 2, 8.5)
INSERT [dbo].[DANGKY] ([MASV], [MAMH], [NAM], [HOCKY], [DIEM]) VALUES (937, N'L    ', 2012, 1, 6)
INSERT [dbo].[DANGKY] ([MASV], [MAMH], [NAM], [HOCKY], [DIEM]) VALUES (938, N'J    ', 2013, 2, 9)
INSERT [dbo].[DANGKY] ([MASV], [MAMH], [NAM], [HOCKY], [DIEM]) VALUES (939, N'P    ', 2012, 2, 8.5)
INSERT [dbo].[DANGKY] ([MASV], [MAMH], [NAM], [HOCKY], [DIEM]) VALUES (940, N'C    ', 2013, 1, 9.5)
INSERT [dbo].[DANGKY] ([MASV], [MAMH], [NAM], [HOCKY], [DIEM]) VALUES (941, N'G    ', 2013, 1, 8)
INSERT [dbo].[DANGKY] ([MASV], [MAMH], [NAM], [HOCKY], [DIEM]) VALUES (942, N'L    ', 2013, 2, 7.5)
INSERT [dbo].[DANGKY] ([MASV], [MAMH], [NAM], [HOCKY], [DIEM]) VALUES (943, N'C    ', 2015, 1, 8)
INSERT [dbo].[DANGKY] ([MASV], [MAMH], [NAM], [HOCKY], [DIEM]) VALUES (944, N'P    ', 2013, 1, 9.5)
INSERT [dbo].[DANGKY] ([MASV], [MAMH], [NAM], [HOCKY], [DIEM]) VALUES (945, N'C    ', 2015, 1, 8.5)
INSERT [dbo].[DANGKY] ([MASV], [MAMH], [NAM], [HOCKY], [DIEM]) VALUES (946, N'L    ', 2014, 1, 7)
INSERT [dbo].[DANGKY] ([MASV], [MAMH], [NAM], [HOCKY], [DIEM]) VALUES (947, N'P    ', 2012, 1, 9)
INSERT [dbo].[DANGKY] ([MASV], [MAMH], [NAM], [HOCKY], [DIEM]) VALUES (948, N'E    ', 2012, 1, 8)
INSERT [dbo].[DANGKY] ([MASV], [MAMH], [NAM], [HOCKY], [DIEM]) VALUES (949, N'L    ', 2014, 2, 6)
INSERT [dbo].[DANGKY] ([MASV], [MAMH], [NAM], [HOCKY], [DIEM]) VALUES (950, N'P    ', 2014, 2, 8)
INSERT [dbo].[DANGKY] ([MASV], [MAMH], [NAM], [HOCKY], [DIEM]) VALUES (951, N'M    ', 2014, 1, 7)
INSERT [dbo].[DANGKY] ([MASV], [MAMH], [NAM], [HOCKY], [DIEM]) VALUES (952, N'M    ', 2014, 2, 8.5)
INSERT [dbo].[DANGKY] ([MASV], [MAMH], [NAM], [HOCKY], [DIEM]) VALUES (953, N'J    ', 2015, 1, 6)
INSERT [dbo].[DANGKY] ([MASV], [MAMH], [NAM], [HOCKY], [DIEM]) VALUES (954, N'P    ', 2014, 2, 7.5)
INSERT [dbo].[DANGKY] ([MASV], [MAMH], [NAM], [HOCKY], [DIEM]) VALUES (955, N'P    ', 2012, 1, 7.5)
INSERT [dbo].[DANGKY] ([MASV], [MAMH], [NAM], [HOCKY], [DIEM]) VALUES (956, N'E    ', 2015, 2, 6.5)
INSERT [dbo].[DANGKY] ([MASV], [MAMH], [NAM], [HOCKY], [DIEM]) VALUES (957, N'J    ', 2014, 1, 7.5)
INSERT [dbo].[DANGKY] ([MASV], [MAMH], [NAM], [HOCKY], [DIEM]) VALUES (958, N'P    ', 2015, 2, 6)
INSERT [dbo].[DANGKY] ([MASV], [MAMH], [NAM], [HOCKY], [DIEM]) VALUES (959, N'J    ', 2015, 2, 9.5)
INSERT [dbo].[DANGKY] ([MASV], [MAMH], [NAM], [HOCKY], [DIEM]) VALUES (960, N'E    ', 2015, 1, 9.5)
INSERT [dbo].[DANGKY] ([MASV], [MAMH], [NAM], [HOCKY], [DIEM]) VALUES (961, N'E    ', 2013, 2, 6.5)
INSERT [dbo].[DANGKY] ([MASV], [MAMH], [NAM], [HOCKY], [DIEM]) VALUES (962, N'M    ', 2014, 1, 9)
INSERT [dbo].[DANGKY] ([MASV], [MAMH], [NAM], [HOCKY], [DIEM]) VALUES (963, N'L    ', 2012, 2, 7.5)
INSERT [dbo].[DANGKY] ([MASV], [MAMH], [NAM], [HOCKY], [DIEM]) VALUES (964, N'M    ', 2012, 2, 9)
INSERT [dbo].[DANGKY] ([MASV], [MAMH], [NAM], [HOCKY], [DIEM]) VALUES (965, N'P    ', 2014, 1, 8.5)
INSERT [dbo].[DANGKY] ([MASV], [MAMH], [NAM], [HOCKY], [DIEM]) VALUES (966, N'J    ', 2014, 1, 10)
INSERT [dbo].[DANGKY] ([MASV], [MAMH], [NAM], [HOCKY], [DIEM]) VALUES (967, N'C    ', 2015, 1, 9.5)
INSERT [dbo].[DANGKY] ([MASV], [MAMH], [NAM], [HOCKY], [DIEM]) VALUES (968, N'G    ', 2013, 2, 6.5)
INSERT [dbo].[DANGKY] ([MASV], [MAMH], [NAM], [HOCKY], [DIEM]) VALUES (969, N'E    ', 2012, 2, 6)
INSERT [dbo].[DANGKY] ([MASV], [MAMH], [NAM], [HOCKY], [DIEM]) VALUES (970, N'C    ', 2014, 1, 10)
INSERT [dbo].[DANGKY] ([MASV], [MAMH], [NAM], [HOCKY], [DIEM]) VALUES (971, N'M    ', 2014, 2, 6)
INSERT [dbo].[DANGKY] ([MASV], [MAMH], [NAM], [HOCKY], [DIEM]) VALUES (972, N'E    ', 2014, 2, 10)
INSERT [dbo].[DANGKY] ([MASV], [MAMH], [NAM], [HOCKY], [DIEM]) VALUES (973, N'L    ', 2012, 2, 8)
INSERT [dbo].[DANGKY] ([MASV], [MAMH], [NAM], [HOCKY], [DIEM]) VALUES (974, N'C    ', 2015, 1, 9)
INSERT [dbo].[DANGKY] ([MASV], [MAMH], [NAM], [HOCKY], [DIEM]) VALUES (975, N'G    ', 2014, 2, 8.5)
INSERT [dbo].[DANGKY] ([MASV], [MAMH], [NAM], [HOCKY], [DIEM]) VALUES (976, N'M    ', 2013, 2, 6.5)
INSERT [dbo].[DANGKY] ([MASV], [MAMH], [NAM], [HOCKY], [DIEM]) VALUES (977, N'M    ', 2014, 2, 10)
INSERT [dbo].[DANGKY] ([MASV], [MAMH], [NAM], [HOCKY], [DIEM]) VALUES (978, N'P    ', 2015, 1, 10)
INSERT [dbo].[DANGKY] ([MASV], [MAMH], [NAM], [HOCKY], [DIEM]) VALUES (979, N'J    ', 2012, 1, 8)
INSERT [dbo].[DANGKY] ([MASV], [MAMH], [NAM], [HOCKY], [DIEM]) VALUES (980, N'P    ', 2015, 1, 9)
INSERT [dbo].[DANGKY] ([MASV], [MAMH], [NAM], [HOCKY], [DIEM]) VALUES (981, N'C    ', 2015, 1, 10)
INSERT [dbo].[DANGKY] ([MASV], [MAMH], [NAM], [HOCKY], [DIEM]) VALUES (982, N'C    ', 2015, 1, 7)
INSERT [dbo].[DANGKY] ([MASV], [MAMH], [NAM], [HOCKY], [DIEM]) VALUES (983, N'P    ', 2015, 2, 8.5)
INSERT [dbo].[DANGKY] ([MASV], [MAMH], [NAM], [HOCKY], [DIEM]) VALUES (984, N'E    ', 2014, 1, 7.5)
INSERT [dbo].[DANGKY] ([MASV], [MAMH], [NAM], [HOCKY], [DIEM]) VALUES (985, N'L    ', 2012, 1, 10)
INSERT [dbo].[DANGKY] ([MASV], [MAMH], [NAM], [HOCKY], [DIEM]) VALUES (986, N'L    ', 2014, 1, 7)
INSERT [dbo].[DANGKY] ([MASV], [MAMH], [NAM], [HOCKY], [DIEM]) VALUES (987, N'P    ', 2013, 1, 9)
INSERT [dbo].[DANGKY] ([MASV], [MAMH], [NAM], [HOCKY], [DIEM]) VALUES (988, N'C    ', 2012, 2, 6.5)
INSERT [dbo].[DANGKY] ([MASV], [MAMH], [NAM], [HOCKY], [DIEM]) VALUES (989, N'L    ', 2013, 2, 8.5)
INSERT [dbo].[DANGKY] ([MASV], [MAMH], [NAM], [HOCKY], [DIEM]) VALUES (990, N'M    ', 2013, 2, 10)
INSERT [dbo].[DANGKY] ([MASV], [MAMH], [NAM], [HOCKY], [DIEM]) VALUES (991, N'E    ', 2012, 2, 6.5)
INSERT [dbo].[DANGKY] ([MASV], [MAMH], [NAM], [HOCKY], [DIEM]) VALUES (992, N'P    ', 2014, 1, 8)
INSERT [dbo].[DANGKY] ([MASV], [MAMH], [NAM], [HOCKY], [DIEM]) VALUES (993, N'M    ', 2014, 2, 9.5)
INSERT [dbo].[DANGKY] ([MASV], [MAMH], [NAM], [HOCKY], [DIEM]) VALUES (994, N'P    ', 2014, 2, 9.5)
INSERT [dbo].[DANGKY] ([MASV], [MAMH], [NAM], [HOCKY], [DIEM]) VALUES (995, N'C    ', 2014, 2, 8)
INSERT [dbo].[DANGKY] ([MASV], [MAMH], [NAM], [HOCKY], [DIEM]) VALUES (996, N'P    ', 2014, 2, 10)
INSERT [dbo].[DANGKY] ([MASV], [MAMH], [NAM], [HOCKY], [DIEM]) VALUES (997, N'J    ', 2013, 1, 10)
INSERT [dbo].[DANGKY] ([MASV], [MAMH], [NAM], [HOCKY], [DIEM]) VALUES (998, N'J    ', 2014, 2, 6.5)
INSERT [dbo].[DANGKY] ([MASV], [MAMH], [NAM], [HOCKY], [DIEM]) VALUES (999, N'M    ', 2012, 2, 9.5)
INSERT [dbo].[DANGKY] ([MASV], [MAMH], [NAM], [HOCKY], [DIEM]) VALUES (1000, N'P    ', 2015, 2, 9.5)
GO
INSERT [dbo].[KETQUA] ([MASV], [NAM], [DIEMTB], [XEPLOAI]) VALUES (1, 2014, 7.5, N'KHA  ')
INSERT [dbo].[KETQUA] ([MASV], [NAM], [DIEMTB], [XEPLOAI]) VALUES (2, 2015, 5.5, N'TB   ')
INSERT [dbo].[KETQUA] ([MASV], [NAM], [DIEMTB], [XEPLOAI]) VALUES (3, 2012, 5.5, N'TB   ')
INSERT [dbo].[KETQUA] ([MASV], [NAM], [DIEMTB], [XEPLOAI]) VALUES (4, 2015, 10, N'GIOI ')
INSERT [dbo].[KETQUA] ([MASV], [NAM], [DIEMTB], [XEPLOAI]) VALUES (5, 2012, 10, N'GIOI ')
INSERT [dbo].[KETQUA] ([MASV], [NAM], [DIEMTB], [XEPLOAI]) VALUES (6, 2012, 5.5, N'TB   ')
INSERT [dbo].[KETQUA] ([MASV], [NAM], [DIEMTB], [XEPLOAI]) VALUES (7, 2014, 6, N'TB   ')
INSERT [dbo].[KETQUA] ([MASV], [NAM], [DIEMTB], [XEPLOAI]) VALUES (8, 2015, 6, N'TB   ')
INSERT [dbo].[KETQUA] ([MASV], [NAM], [DIEMTB], [XEPLOAI]) VALUES (9, 2013, 7, N'KHA  ')
INSERT [dbo].[KETQUA] ([MASV], [NAM], [DIEMTB], [XEPLOAI]) VALUES (10, 2015, 7, N'KHA  ')
INSERT [dbo].[KETQUA] ([MASV], [NAM], [DIEMTB], [XEPLOAI]) VALUES (11, 2012, 9, N'GIOI ')
INSERT [dbo].[KETQUA] ([MASV], [NAM], [DIEMTB], [XEPLOAI]) VALUES (12, 2014, 6.5, N'KHA  ')
INSERT [dbo].[KETQUA] ([MASV], [NAM], [DIEMTB], [XEPLOAI]) VALUES (13, 2013, 10, N'GIOI ')
INSERT [dbo].[KETQUA] ([MASV], [NAM], [DIEMTB], [XEPLOAI]) VALUES (14, 2015, 6.5, N'KHA  ')
INSERT [dbo].[KETQUA] ([MASV], [NAM], [DIEMTB], [XEPLOAI]) VALUES (15, 2013, 6, N'TB   ')
INSERT [dbo].[KETQUA] ([MASV], [NAM], [DIEMTB], [XEPLOAI]) VALUES (16, 2014, 9.5, N'GIOI ')
INSERT [dbo].[KETQUA] ([MASV], [NAM], [DIEMTB], [XEPLOAI]) VALUES (17, 2013, 8, N'GIOI ')
INSERT [dbo].[KETQUA] ([MASV], [NAM], [DIEMTB], [XEPLOAI]) VALUES (18, 2012, 7, N'KHA  ')
INSERT [dbo].[KETQUA] ([MASV], [NAM], [DIEMTB], [XEPLOAI]) VALUES (19, 2014, 6.5, N'KHA  ')
INSERT [dbo].[KETQUA] ([MASV], [NAM], [DIEMTB], [XEPLOAI]) VALUES (20, 2013, 5.5, N'TB   ')
INSERT [dbo].[KETQUA] ([MASV], [NAM], [DIEMTB], [XEPLOAI]) VALUES (21, 2015, 9, N'GIOI ')
INSERT [dbo].[KETQUA] ([MASV], [NAM], [DIEMTB], [XEPLOAI]) VALUES (22, 2013, 7.5, N'KHA  ')
INSERT [dbo].[KETQUA] ([MASV], [NAM], [DIEMTB], [XEPLOAI]) VALUES (23, 2013, 8.5, N'GIOI ')
INSERT [dbo].[KETQUA] ([MASV], [NAM], [DIEMTB], [XEPLOAI]) VALUES (24, 2012, 8, N'GIOI ')
INSERT [dbo].[KETQUA] ([MASV], [NAM], [DIEMTB], [XEPLOAI]) VALUES (25, 2012, 7, N'KHA  ')
INSERT [dbo].[KETQUA] ([MASV], [NAM], [DIEMTB], [XEPLOAI]) VALUES (26, 2015, 5.5, N'TB   ')
INSERT [dbo].[KETQUA] ([MASV], [NAM], [DIEMTB], [XEPLOAI]) VALUES (27, 2013, 9.5, N'GIOI ')
INSERT [dbo].[KETQUA] ([MASV], [NAM], [DIEMTB], [XEPLOAI]) VALUES (28, 2012, 6, N'TB   ')
INSERT [dbo].[KETQUA] ([MASV], [NAM], [DIEMTB], [XEPLOAI]) VALUES (29, 2014, 7, N'KHA  ')
INSERT [dbo].[KETQUA] ([MASV], [NAM], [DIEMTB], [XEPLOAI]) VALUES (30, 2015, 7, N'KHA  ')
INSERT [dbo].[KETQUA] ([MASV], [NAM], [DIEMTB], [XEPLOAI]) VALUES (31, 2012, 6.5, N'KHA  ')
INSERT [dbo].[KETQUA] ([MASV], [NAM], [DIEMTB], [XEPLOAI]) VALUES (32, 2015, 6, N'TB   ')
INSERT [dbo].[KETQUA] ([MASV], [NAM], [DIEMTB], [XEPLOAI]) VALUES (33, 2015, 5.5, N'TB   ')
INSERT [dbo].[KETQUA] ([MASV], [NAM], [DIEMTB], [XEPLOAI]) VALUES (34, 2014, 5.5, N'TB   ')
INSERT [dbo].[KETQUA] ([MASV], [NAM], [DIEMTB], [XEPLOAI]) VALUES (35, 2013, 9.5, N'GIOI ')
INSERT [dbo].[KETQUA] ([MASV], [NAM], [DIEMTB], [XEPLOAI]) VALUES (36, 2013, 5, N'TB   ')
INSERT [dbo].[KETQUA] ([MASV], [NAM], [DIEMTB], [XEPLOAI]) VALUES (37, 2013, 5, N'TB   ')
INSERT [dbo].[KETQUA] ([MASV], [NAM], [DIEMTB], [XEPLOAI]) VALUES (38, 2013, 7, N'KHA  ')
INSERT [dbo].[KETQUA] ([MASV], [NAM], [DIEMTB], [XEPLOAI]) VALUES (39, 2015, 7.5, N'KHA  ')
INSERT [dbo].[KETQUA] ([MASV], [NAM], [DIEMTB], [XEPLOAI]) VALUES (40, 2013, 8, N'GIOI ')
INSERT [dbo].[KETQUA] ([MASV], [NAM], [DIEMTB], [XEPLOAI]) VALUES (41, 2012, 7.5, N'KHA  ')
INSERT [dbo].[KETQUA] ([MASV], [NAM], [DIEMTB], [XEPLOAI]) VALUES (42, 2014, 10, N'GIOI ')
INSERT [dbo].[KETQUA] ([MASV], [NAM], [DIEMTB], [XEPLOAI]) VALUES (43, 2012, 8, N'GIOI ')
INSERT [dbo].[KETQUA] ([MASV], [NAM], [DIEMTB], [XEPLOAI]) VALUES (44, 2014, 10, N'GIOI ')
INSERT [dbo].[KETQUA] ([MASV], [NAM], [DIEMTB], [XEPLOAI]) VALUES (45, 2014, 8.5, N'GIOI ')
INSERT [dbo].[KETQUA] ([MASV], [NAM], [DIEMTB], [XEPLOAI]) VALUES (46, 2015, 5.5, N'TB   ')
INSERT [dbo].[KETQUA] ([MASV], [NAM], [DIEMTB], [XEPLOAI]) VALUES (47, 2013, 5.5, N'TB   ')
INSERT [dbo].[KETQUA] ([MASV], [NAM], [DIEMTB], [XEPLOAI]) VALUES (48, 2013, 8, N'GIOI ')
INSERT [dbo].[KETQUA] ([MASV], [NAM], [DIEMTB], [XEPLOAI]) VALUES (49, 2012, 9, N'GIOI ')
INSERT [dbo].[KETQUA] ([MASV], [NAM], [DIEMTB], [XEPLOAI]) VALUES (50, 2015, 8, N'GIOI ')
INSERT [dbo].[KETQUA] ([MASV], [NAM], [DIEMTB], [XEPLOAI]) VALUES (51, 2014, 6.5, N'KHA  ')
INSERT [dbo].[KETQUA] ([MASV], [NAM], [DIEMTB], [XEPLOAI]) VALUES (52, 2015, 8.5, N'GIOI ')
INSERT [dbo].[KETQUA] ([MASV], [NAM], [DIEMTB], [XEPLOAI]) VALUES (53, 2014, 9, N'GIOI ')
INSERT [dbo].[KETQUA] ([MASV], [NAM], [DIEMTB], [XEPLOAI]) VALUES (54, 2013, 5.5, N'TB   ')
INSERT [dbo].[KETQUA] ([MASV], [NAM], [DIEMTB], [XEPLOAI]) VALUES (55, 2013, 7, N'KHA  ')
INSERT [dbo].[KETQUA] ([MASV], [NAM], [DIEMTB], [XEPLOAI]) VALUES (56, 2014, 9.5, N'GIOI ')
INSERT [dbo].[KETQUA] ([MASV], [NAM], [DIEMTB], [XEPLOAI]) VALUES (57, 2012, 5, N'TB   ')
INSERT [dbo].[KETQUA] ([MASV], [NAM], [DIEMTB], [XEPLOAI]) VALUES (58, 2014, 9, N'GIOI ')
INSERT [dbo].[KETQUA] ([MASV], [NAM], [DIEMTB], [XEPLOAI]) VALUES (59, 2015, 6, N'TB   ')
INSERT [dbo].[KETQUA] ([MASV], [NAM], [DIEMTB], [XEPLOAI]) VALUES (60, 2014, 5, N'TB   ')
INSERT [dbo].[KETQUA] ([MASV], [NAM], [DIEMTB], [XEPLOAI]) VALUES (61, 2015, 8, N'GIOI ')
INSERT [dbo].[KETQUA] ([MASV], [NAM], [DIEMTB], [XEPLOAI]) VALUES (62, 2013, 8, N'GIOI ')
INSERT [dbo].[KETQUA] ([MASV], [NAM], [DIEMTB], [XEPLOAI]) VALUES (63, 2014, 8.5, N'GIOI ')
INSERT [dbo].[KETQUA] ([MASV], [NAM], [DIEMTB], [XEPLOAI]) VALUES (64, 2015, 5, N'TB   ')
INSERT [dbo].[KETQUA] ([MASV], [NAM], [DIEMTB], [XEPLOAI]) VALUES (65, 2015, 5, N'TB   ')
INSERT [dbo].[KETQUA] ([MASV], [NAM], [DIEMTB], [XEPLOAI]) VALUES (66, 2013, 6.5, N'KHA  ')
INSERT [dbo].[KETQUA] ([MASV], [NAM], [DIEMTB], [XEPLOAI]) VALUES (67, 2014, 7.5, N'KHA  ')
INSERT [dbo].[KETQUA] ([MASV], [NAM], [DIEMTB], [XEPLOAI]) VALUES (68, 2013, 9.5, N'GIOI ')
INSERT [dbo].[KETQUA] ([MASV], [NAM], [DIEMTB], [XEPLOAI]) VALUES (69, 2012, 9.5, N'GIOI ')
INSERT [dbo].[KETQUA] ([MASV], [NAM], [DIEMTB], [XEPLOAI]) VALUES (70, 2015, 10, N'GIOI ')
INSERT [dbo].[KETQUA] ([MASV], [NAM], [DIEMTB], [XEPLOAI]) VALUES (71, 2015, 5.5, N'TB   ')
INSERT [dbo].[KETQUA] ([MASV], [NAM], [DIEMTB], [XEPLOAI]) VALUES (72, 2013, 6.5, N'KHA  ')
INSERT [dbo].[KETQUA] ([MASV], [NAM], [DIEMTB], [XEPLOAI]) VALUES (73, 2013, 5.5, N'TB   ')
INSERT [dbo].[KETQUA] ([MASV], [NAM], [DIEMTB], [XEPLOAI]) VALUES (74, 2012, 10, N'GIOI ')
INSERT [dbo].[KETQUA] ([MASV], [NAM], [DIEMTB], [XEPLOAI]) VALUES (75, 2013, 8.5, N'GIOI ')
INSERT [dbo].[KETQUA] ([MASV], [NAM], [DIEMTB], [XEPLOAI]) VALUES (76, 2014, 9, N'GIOI ')
INSERT [dbo].[KETQUA] ([MASV], [NAM], [DIEMTB], [XEPLOAI]) VALUES (77, 2013, 6.5, N'KHA  ')
INSERT [dbo].[KETQUA] ([MASV], [NAM], [DIEMTB], [XEPLOAI]) VALUES (78, 2012, 6, N'TB   ')
INSERT [dbo].[KETQUA] ([MASV], [NAM], [DIEMTB], [XEPLOAI]) VALUES (79, 2012, 9, N'GIOI ')
INSERT [dbo].[KETQUA] ([MASV], [NAM], [DIEMTB], [XEPLOAI]) VALUES (80, 2012, 5, N'TB   ')
INSERT [dbo].[KETQUA] ([MASV], [NAM], [DIEMTB], [XEPLOAI]) VALUES (81, 2013, 8.5, N'GIOI ')
INSERT [dbo].[KETQUA] ([MASV], [NAM], [DIEMTB], [XEPLOAI]) VALUES (82, 2013, 8.5, N'GIOI ')
INSERT [dbo].[KETQUA] ([MASV], [NAM], [DIEMTB], [XEPLOAI]) VALUES (83, 2015, 6, N'TB   ')
INSERT [dbo].[KETQUA] ([MASV], [NAM], [DIEMTB], [XEPLOAI]) VALUES (84, 2015, 7, N'KHA  ')
INSERT [dbo].[KETQUA] ([MASV], [NAM], [DIEMTB], [XEPLOAI]) VALUES (85, 2012, 6.5, N'KHA  ')
INSERT [dbo].[KETQUA] ([MASV], [NAM], [DIEMTB], [XEPLOAI]) VALUES (86, 2012, 9.5, N'GIOI ')
INSERT [dbo].[KETQUA] ([MASV], [NAM], [DIEMTB], [XEPLOAI]) VALUES (87, 2014, 8, N'GIOI ')
INSERT [dbo].[KETQUA] ([MASV], [NAM], [DIEMTB], [XEPLOAI]) VALUES (88, 2013, 5, N'TB   ')
INSERT [dbo].[KETQUA] ([MASV], [NAM], [DIEMTB], [XEPLOAI]) VALUES (89, 2012, 8, N'GIOI ')
INSERT [dbo].[KETQUA] ([MASV], [NAM], [DIEMTB], [XEPLOAI]) VALUES (90, 2013, 9, N'GIOI ')
INSERT [dbo].[KETQUA] ([MASV], [NAM], [DIEMTB], [XEPLOAI]) VALUES (91, 2013, 10, N'GIOI ')
INSERT [dbo].[KETQUA] ([MASV], [NAM], [DIEMTB], [XEPLOAI]) VALUES (92, 2015, 7, N'KHA  ')
INSERT [dbo].[KETQUA] ([MASV], [NAM], [DIEMTB], [XEPLOAI]) VALUES (93, 2014, 8.5, N'GIOI ')
INSERT [dbo].[KETQUA] ([MASV], [NAM], [DIEMTB], [XEPLOAI]) VALUES (94, 2012, 7.5, N'KHA  ')
INSERT [dbo].[KETQUA] ([MASV], [NAM], [DIEMTB], [XEPLOAI]) VALUES (95, 2015, 6, N'TB   ')
INSERT [dbo].[KETQUA] ([MASV], [NAM], [DIEMTB], [XEPLOAI]) VALUES (96, 2014, 8, N'GIOI ')
INSERT [dbo].[KETQUA] ([MASV], [NAM], [DIEMTB], [XEPLOAI]) VALUES (97, 2012, 8.5, N'GIOI ')
INSERT [dbo].[KETQUA] ([MASV], [NAM], [DIEMTB], [XEPLOAI]) VALUES (98, 2013, 8, N'GIOI ')
INSERT [dbo].[KETQUA] ([MASV], [NAM], [DIEMTB], [XEPLOAI]) VALUES (99, 2015, 9.5, N'GIOI ')
INSERT [dbo].[KETQUA] ([MASV], [NAM], [DIEMTB], [XEPLOAI]) VALUES (100, 2012, 5.5, N'TB   ')
GO
INSERT [dbo].[KETQUA] ([MASV], [NAM], [DIEMTB], [XEPLOAI]) VALUES (101, 2012, 6, N'TB   ')
INSERT [dbo].[KETQUA] ([MASV], [NAM], [DIEMTB], [XEPLOAI]) VALUES (102, 2014, 8, N'GIOI ')
INSERT [dbo].[KETQUA] ([MASV], [NAM], [DIEMTB], [XEPLOAI]) VALUES (103, 2013, 5, N'TB   ')
INSERT [dbo].[KETQUA] ([MASV], [NAM], [DIEMTB], [XEPLOAI]) VALUES (104, 2014, 9.5, N'GIOI ')
INSERT [dbo].[KETQUA] ([MASV], [NAM], [DIEMTB], [XEPLOAI]) VALUES (105, 2015, 5.5, N'TB   ')
INSERT [dbo].[KETQUA] ([MASV], [NAM], [DIEMTB], [XEPLOAI]) VALUES (106, 2014, 6.5, N'KHA  ')
INSERT [dbo].[KETQUA] ([MASV], [NAM], [DIEMTB], [XEPLOAI]) VALUES (107, 2013, 6, N'TB   ')
INSERT [dbo].[KETQUA] ([MASV], [NAM], [DIEMTB], [XEPLOAI]) VALUES (108, 2015, 5.5, N'TB   ')
INSERT [dbo].[KETQUA] ([MASV], [NAM], [DIEMTB], [XEPLOAI]) VALUES (109, 2014, 6.5, N'KHA  ')
INSERT [dbo].[KETQUA] ([MASV], [NAM], [DIEMTB], [XEPLOAI]) VALUES (110, 2015, 9.5, N'GIOI ')
INSERT [dbo].[KETQUA] ([MASV], [NAM], [DIEMTB], [XEPLOAI]) VALUES (111, 2012, 8.5, N'GIOI ')
INSERT [dbo].[KETQUA] ([MASV], [NAM], [DIEMTB], [XEPLOAI]) VALUES (112, 2014, 8, N'GIOI ')
INSERT [dbo].[KETQUA] ([MASV], [NAM], [DIEMTB], [XEPLOAI]) VALUES (113, 2013, 9.5, N'GIOI ')
INSERT [dbo].[KETQUA] ([MASV], [NAM], [DIEMTB], [XEPLOAI]) VALUES (114, 2012, 8, N'GIOI ')
INSERT [dbo].[KETQUA] ([MASV], [NAM], [DIEMTB], [XEPLOAI]) VALUES (115, 2014, 9.5, N'GIOI ')
INSERT [dbo].[KETQUA] ([MASV], [NAM], [DIEMTB], [XEPLOAI]) VALUES (116, 2012, 9, N'GIOI ')
INSERT [dbo].[KETQUA] ([MASV], [NAM], [DIEMTB], [XEPLOAI]) VALUES (117, 2012, 9, N'GIOI ')
INSERT [dbo].[KETQUA] ([MASV], [NAM], [DIEMTB], [XEPLOAI]) VALUES (118, 2014, 9.5, N'GIOI ')
INSERT [dbo].[KETQUA] ([MASV], [NAM], [DIEMTB], [XEPLOAI]) VALUES (119, 2012, 6.5, N'KHA  ')
INSERT [dbo].[KETQUA] ([MASV], [NAM], [DIEMTB], [XEPLOAI]) VALUES (120, 2015, 8.5, N'GIOI ')
INSERT [dbo].[KETQUA] ([MASV], [NAM], [DIEMTB], [XEPLOAI]) VALUES (121, 2015, 6.5, N'KHA  ')
INSERT [dbo].[KETQUA] ([MASV], [NAM], [DIEMTB], [XEPLOAI]) VALUES (122, 2015, 7.5, N'KHA  ')
INSERT [dbo].[KETQUA] ([MASV], [NAM], [DIEMTB], [XEPLOAI]) VALUES (123, 2014, 5.5, N'TB   ')
INSERT [dbo].[KETQUA] ([MASV], [NAM], [DIEMTB], [XEPLOAI]) VALUES (124, 2014, 5.5, N'TB   ')
INSERT [dbo].[KETQUA] ([MASV], [NAM], [DIEMTB], [XEPLOAI]) VALUES (125, 2013, 8.5, N'GIOI ')
INSERT [dbo].[KETQUA] ([MASV], [NAM], [DIEMTB], [XEPLOAI]) VALUES (126, 2013, 6, N'TB   ')
INSERT [dbo].[KETQUA] ([MASV], [NAM], [DIEMTB], [XEPLOAI]) VALUES (127, 2015, 5, N'TB   ')
INSERT [dbo].[KETQUA] ([MASV], [NAM], [DIEMTB], [XEPLOAI]) VALUES (128, 2014, 10, N'GIOI ')
INSERT [dbo].[KETQUA] ([MASV], [NAM], [DIEMTB], [XEPLOAI]) VALUES (129, 2014, 10, N'GIOI ')
INSERT [dbo].[KETQUA] ([MASV], [NAM], [DIEMTB], [XEPLOAI]) VALUES (130, 2013, 6.5, N'KHA  ')
INSERT [dbo].[KETQUA] ([MASV], [NAM], [DIEMTB], [XEPLOAI]) VALUES (131, 2012, 5, N'TB   ')
INSERT [dbo].[KETQUA] ([MASV], [NAM], [DIEMTB], [XEPLOAI]) VALUES (132, 2015, 9, N'GIOI ')
INSERT [dbo].[KETQUA] ([MASV], [NAM], [DIEMTB], [XEPLOAI]) VALUES (133, 2015, 5.5, N'TB   ')
INSERT [dbo].[KETQUA] ([MASV], [NAM], [DIEMTB], [XEPLOAI]) VALUES (134, 2012, 7.5, N'KHA  ')
INSERT [dbo].[KETQUA] ([MASV], [NAM], [DIEMTB], [XEPLOAI]) VALUES (135, 2013, 8.5, N'GIOI ')
INSERT [dbo].[KETQUA] ([MASV], [NAM], [DIEMTB], [XEPLOAI]) VALUES (136, 2015, 5, N'TB   ')
INSERT [dbo].[KETQUA] ([MASV], [NAM], [DIEMTB], [XEPLOAI]) VALUES (137, 2015, 6.5, N'KHA  ')
INSERT [dbo].[KETQUA] ([MASV], [NAM], [DIEMTB], [XEPLOAI]) VALUES (138, 2015, 9.5, N'GIOI ')
INSERT [dbo].[KETQUA] ([MASV], [NAM], [DIEMTB], [XEPLOAI]) VALUES (139, 2015, 7, N'KHA  ')
INSERT [dbo].[KETQUA] ([MASV], [NAM], [DIEMTB], [XEPLOAI]) VALUES (140, 2013, 10, N'GIOI ')
INSERT [dbo].[KETQUA] ([MASV], [NAM], [DIEMTB], [XEPLOAI]) VALUES (141, 2012, 9, N'GIOI ')
INSERT [dbo].[KETQUA] ([MASV], [NAM], [DIEMTB], [XEPLOAI]) VALUES (142, 2015, 9.5, N'GIOI ')
INSERT [dbo].[KETQUA] ([MASV], [NAM], [DIEMTB], [XEPLOAI]) VALUES (143, 2015, 8, N'GIOI ')
INSERT [dbo].[KETQUA] ([MASV], [NAM], [DIEMTB], [XEPLOAI]) VALUES (144, 2014, 5, N'TB   ')
INSERT [dbo].[KETQUA] ([MASV], [NAM], [DIEMTB], [XEPLOAI]) VALUES (145, 2012, 7, N'KHA  ')
INSERT [dbo].[KETQUA] ([MASV], [NAM], [DIEMTB], [XEPLOAI]) VALUES (146, 2015, 7.5, N'KHA  ')
INSERT [dbo].[KETQUA] ([MASV], [NAM], [DIEMTB], [XEPLOAI]) VALUES (147, 2013, 5, N'TB   ')
INSERT [dbo].[KETQUA] ([MASV], [NAM], [DIEMTB], [XEPLOAI]) VALUES (148, 2014, 7, N'KHA  ')
INSERT [dbo].[KETQUA] ([MASV], [NAM], [DIEMTB], [XEPLOAI]) VALUES (149, 2013, 5.5, N'TB   ')
INSERT [dbo].[KETQUA] ([MASV], [NAM], [DIEMTB], [XEPLOAI]) VALUES (150, 2014, 9, N'GIOI ')
INSERT [dbo].[KETQUA] ([MASV], [NAM], [DIEMTB], [XEPLOAI]) VALUES (151, 2012, 8, N'GIOI ')
INSERT [dbo].[KETQUA] ([MASV], [NAM], [DIEMTB], [XEPLOAI]) VALUES (152, 2015, 9.5, N'GIOI ')
INSERT [dbo].[KETQUA] ([MASV], [NAM], [DIEMTB], [XEPLOAI]) VALUES (153, 2015, 9.5, N'GIOI ')
INSERT [dbo].[KETQUA] ([MASV], [NAM], [DIEMTB], [XEPLOAI]) VALUES (154, 2012, 7.5, N'KHA  ')
INSERT [dbo].[KETQUA] ([MASV], [NAM], [DIEMTB], [XEPLOAI]) VALUES (155, 2014, 7, N'KHA  ')
INSERT [dbo].[KETQUA] ([MASV], [NAM], [DIEMTB], [XEPLOAI]) VALUES (156, 2013, 9, N'GIOI ')
INSERT [dbo].[KETQUA] ([MASV], [NAM], [DIEMTB], [XEPLOAI]) VALUES (157, 2012, 9, N'GIOI ')
INSERT [dbo].[KETQUA] ([MASV], [NAM], [DIEMTB], [XEPLOAI]) VALUES (158, 2015, 6.5, N'KHA  ')
INSERT [dbo].[KETQUA] ([MASV], [NAM], [DIEMTB], [XEPLOAI]) VALUES (159, 2013, 7.5, N'KHA  ')
INSERT [dbo].[KETQUA] ([MASV], [NAM], [DIEMTB], [XEPLOAI]) VALUES (160, 2014, 5, N'TB   ')
INSERT [dbo].[KETQUA] ([MASV], [NAM], [DIEMTB], [XEPLOAI]) VALUES (161, 2015, 5.5, N'TB   ')
INSERT [dbo].[KETQUA] ([MASV], [NAM], [DIEMTB], [XEPLOAI]) VALUES (162, 2014, 5.5, N'TB   ')
INSERT [dbo].[KETQUA] ([MASV], [NAM], [DIEMTB], [XEPLOAI]) VALUES (163, 2014, 6, N'TB   ')
INSERT [dbo].[KETQUA] ([MASV], [NAM], [DIEMTB], [XEPLOAI]) VALUES (164, 2015, 5.5, N'TB   ')
INSERT [dbo].[KETQUA] ([MASV], [NAM], [DIEMTB], [XEPLOAI]) VALUES (165, 2012, 5.5, N'TB   ')
INSERT [dbo].[KETQUA] ([MASV], [NAM], [DIEMTB], [XEPLOAI]) VALUES (166, 2014, 5, N'TB   ')
INSERT [dbo].[KETQUA] ([MASV], [NAM], [DIEMTB], [XEPLOAI]) VALUES (167, 2012, 7, N'KHA  ')
INSERT [dbo].[KETQUA] ([MASV], [NAM], [DIEMTB], [XEPLOAI]) VALUES (168, 2014, 8, N'GIOI ')
INSERT [dbo].[KETQUA] ([MASV], [NAM], [DIEMTB], [XEPLOAI]) VALUES (169, 2012, 7.5, N'KHA  ')
INSERT [dbo].[KETQUA] ([MASV], [NAM], [DIEMTB], [XEPLOAI]) VALUES (170, 2014, 6, N'TB   ')
INSERT [dbo].[KETQUA] ([MASV], [NAM], [DIEMTB], [XEPLOAI]) VALUES (171, 2012, 9, N'GIOI ')
INSERT [dbo].[KETQUA] ([MASV], [NAM], [DIEMTB], [XEPLOAI]) VALUES (172, 2015, 6.5, N'KHA  ')
INSERT [dbo].[KETQUA] ([MASV], [NAM], [DIEMTB], [XEPLOAI]) VALUES (173, 2013, 6, N'TB   ')
INSERT [dbo].[KETQUA] ([MASV], [NAM], [DIEMTB], [XEPLOAI]) VALUES (174, 2012, 7, N'KHA  ')
INSERT [dbo].[KETQUA] ([MASV], [NAM], [DIEMTB], [XEPLOAI]) VALUES (175, 2015, 7.5, N'KHA  ')
INSERT [dbo].[KETQUA] ([MASV], [NAM], [DIEMTB], [XEPLOAI]) VALUES (176, 2014, 8, N'GIOI ')
INSERT [dbo].[KETQUA] ([MASV], [NAM], [DIEMTB], [XEPLOAI]) VALUES (177, 2012, 5.5, N'TB   ')
INSERT [dbo].[KETQUA] ([MASV], [NAM], [DIEMTB], [XEPLOAI]) VALUES (178, 2013, 6.5, N'KHA  ')
INSERT [dbo].[KETQUA] ([MASV], [NAM], [DIEMTB], [XEPLOAI]) VALUES (179, 2014, 10, N'GIOI ')
INSERT [dbo].[KETQUA] ([MASV], [NAM], [DIEMTB], [XEPLOAI]) VALUES (180, 2014, 6.5, N'KHA  ')
INSERT [dbo].[KETQUA] ([MASV], [NAM], [DIEMTB], [XEPLOAI]) VALUES (181, 2013, 8, N'GIOI ')
INSERT [dbo].[KETQUA] ([MASV], [NAM], [DIEMTB], [XEPLOAI]) VALUES (182, 2013, 5, N'TB   ')
INSERT [dbo].[KETQUA] ([MASV], [NAM], [DIEMTB], [XEPLOAI]) VALUES (183, 2012, 7, N'KHA  ')
INSERT [dbo].[KETQUA] ([MASV], [NAM], [DIEMTB], [XEPLOAI]) VALUES (184, 2012, 6.5, N'KHA  ')
INSERT [dbo].[KETQUA] ([MASV], [NAM], [DIEMTB], [XEPLOAI]) VALUES (185, 2014, 9, N'GIOI ')
INSERT [dbo].[KETQUA] ([MASV], [NAM], [DIEMTB], [XEPLOAI]) VALUES (186, 2014, 8, N'GIOI ')
INSERT [dbo].[KETQUA] ([MASV], [NAM], [DIEMTB], [XEPLOAI]) VALUES (187, 2012, 5.5, N'TB   ')
INSERT [dbo].[KETQUA] ([MASV], [NAM], [DIEMTB], [XEPLOAI]) VALUES (188, 2012, 10, N'GIOI ')
INSERT [dbo].[KETQUA] ([MASV], [NAM], [DIEMTB], [XEPLOAI]) VALUES (189, 2013, 8.5, N'GIOI ')
INSERT [dbo].[KETQUA] ([MASV], [NAM], [DIEMTB], [XEPLOAI]) VALUES (190, 2013, 8, N'GIOI ')
INSERT [dbo].[KETQUA] ([MASV], [NAM], [DIEMTB], [XEPLOAI]) VALUES (191, 2013, 9.5, N'GIOI ')
INSERT [dbo].[KETQUA] ([MASV], [NAM], [DIEMTB], [XEPLOAI]) VALUES (192, 2014, 10, N'GIOI ')
INSERT [dbo].[KETQUA] ([MASV], [NAM], [DIEMTB], [XEPLOAI]) VALUES (193, 2012, 6.5, N'KHA  ')
INSERT [dbo].[KETQUA] ([MASV], [NAM], [DIEMTB], [XEPLOAI]) VALUES (194, 2013, 7, N'KHA  ')
INSERT [dbo].[KETQUA] ([MASV], [NAM], [DIEMTB], [XEPLOAI]) VALUES (195, 2014, 6.5, N'KHA  ')
INSERT [dbo].[KETQUA] ([MASV], [NAM], [DIEMTB], [XEPLOAI]) VALUES (196, 2014, 8, N'GIOI ')
INSERT [dbo].[KETQUA] ([MASV], [NAM], [DIEMTB], [XEPLOAI]) VALUES (197, 2014, 6, N'TB   ')
INSERT [dbo].[KETQUA] ([MASV], [NAM], [DIEMTB], [XEPLOAI]) VALUES (198, 2015, 7, N'KHA  ')
INSERT [dbo].[KETQUA] ([MASV], [NAM], [DIEMTB], [XEPLOAI]) VALUES (199, 2015, 10, N'GIOI ')
INSERT [dbo].[KETQUA] ([MASV], [NAM], [DIEMTB], [XEPLOAI]) VALUES (200, 2015, 8.5, N'GIOI ')
GO
INSERT [dbo].[KETQUA] ([MASV], [NAM], [DIEMTB], [XEPLOAI]) VALUES (201, 2013, 10, N'GIOI ')
INSERT [dbo].[KETQUA] ([MASV], [NAM], [DIEMTB], [XEPLOAI]) VALUES (202, 2013, 9.5, N'GIOI ')
INSERT [dbo].[KETQUA] ([MASV], [NAM], [DIEMTB], [XEPLOAI]) VALUES (203, 2015, 6, N'TB   ')
INSERT [dbo].[KETQUA] ([MASV], [NAM], [DIEMTB], [XEPLOAI]) VALUES (204, 2015, 6.5, N'KHA  ')
INSERT [dbo].[KETQUA] ([MASV], [NAM], [DIEMTB], [XEPLOAI]) VALUES (205, 2014, 6.5, N'KHA  ')
INSERT [dbo].[KETQUA] ([MASV], [NAM], [DIEMTB], [XEPLOAI]) VALUES (206, 2012, 7, N'KHA  ')
INSERT [dbo].[KETQUA] ([MASV], [NAM], [DIEMTB], [XEPLOAI]) VALUES (207, 2015, 5.5, N'TB   ')
INSERT [dbo].[KETQUA] ([MASV], [NAM], [DIEMTB], [XEPLOAI]) VALUES (208, 2012, 9.5, N'GIOI ')
INSERT [dbo].[KETQUA] ([MASV], [NAM], [DIEMTB], [XEPLOAI]) VALUES (209, 2014, 9.5, N'GIOI ')
INSERT [dbo].[KETQUA] ([MASV], [NAM], [DIEMTB], [XEPLOAI]) VALUES (210, 2015, 5, N'TB   ')
INSERT [dbo].[KETQUA] ([MASV], [NAM], [DIEMTB], [XEPLOAI]) VALUES (211, 2014, 9.5, N'GIOI ')
INSERT [dbo].[KETQUA] ([MASV], [NAM], [DIEMTB], [XEPLOAI]) VALUES (212, 2013, 7.5, N'KHA  ')
INSERT [dbo].[KETQUA] ([MASV], [NAM], [DIEMTB], [XEPLOAI]) VALUES (213, 2013, 5.5, N'TB   ')
INSERT [dbo].[KETQUA] ([MASV], [NAM], [DIEMTB], [XEPLOAI]) VALUES (214, 2013, 7, N'KHA  ')
INSERT [dbo].[KETQUA] ([MASV], [NAM], [DIEMTB], [XEPLOAI]) VALUES (215, 2013, 8, N'GIOI ')
INSERT [dbo].[KETQUA] ([MASV], [NAM], [DIEMTB], [XEPLOAI]) VALUES (216, 2013, 9.5, N'GIOI ')
INSERT [dbo].[KETQUA] ([MASV], [NAM], [DIEMTB], [XEPLOAI]) VALUES (217, 2013, 6.5, N'KHA  ')
INSERT [dbo].[KETQUA] ([MASV], [NAM], [DIEMTB], [XEPLOAI]) VALUES (218, 2012, 7.5, N'KHA  ')
INSERT [dbo].[KETQUA] ([MASV], [NAM], [DIEMTB], [XEPLOAI]) VALUES (219, 2013, 7.5, N'KHA  ')
INSERT [dbo].[KETQUA] ([MASV], [NAM], [DIEMTB], [XEPLOAI]) VALUES (220, 2012, 9, N'GIOI ')
INSERT [dbo].[KETQUA] ([MASV], [NAM], [DIEMTB], [XEPLOAI]) VALUES (221, 2015, 8, N'GIOI ')
INSERT [dbo].[KETQUA] ([MASV], [NAM], [DIEMTB], [XEPLOAI]) VALUES (222, 2013, 8.5, N'GIOI ')
INSERT [dbo].[KETQUA] ([MASV], [NAM], [DIEMTB], [XEPLOAI]) VALUES (223, 2014, 5.5, N'TB   ')
INSERT [dbo].[KETQUA] ([MASV], [NAM], [DIEMTB], [XEPLOAI]) VALUES (224, 2012, 8.5, N'GIOI ')
INSERT [dbo].[KETQUA] ([MASV], [NAM], [DIEMTB], [XEPLOAI]) VALUES (225, 2014, 9, N'GIOI ')
INSERT [dbo].[KETQUA] ([MASV], [NAM], [DIEMTB], [XEPLOAI]) VALUES (226, 2015, 10, N'GIOI ')
INSERT [dbo].[KETQUA] ([MASV], [NAM], [DIEMTB], [XEPLOAI]) VALUES (227, 2012, 5, N'TB   ')
INSERT [dbo].[KETQUA] ([MASV], [NAM], [DIEMTB], [XEPLOAI]) VALUES (228, 2012, 9, N'GIOI ')
INSERT [dbo].[KETQUA] ([MASV], [NAM], [DIEMTB], [XEPLOAI]) VALUES (229, 2012, 5.5, N'TB   ')
INSERT [dbo].[KETQUA] ([MASV], [NAM], [DIEMTB], [XEPLOAI]) VALUES (230, 2012, 5, N'TB   ')
INSERT [dbo].[KETQUA] ([MASV], [NAM], [DIEMTB], [XEPLOAI]) VALUES (231, 2013, 10, N'GIOI ')
INSERT [dbo].[KETQUA] ([MASV], [NAM], [DIEMTB], [XEPLOAI]) VALUES (232, 2013, 9, N'GIOI ')
INSERT [dbo].[KETQUA] ([MASV], [NAM], [DIEMTB], [XEPLOAI]) VALUES (233, 2012, 8, N'GIOI ')
INSERT [dbo].[KETQUA] ([MASV], [NAM], [DIEMTB], [XEPLOAI]) VALUES (234, 2013, 10, N'GIOI ')
INSERT [dbo].[KETQUA] ([MASV], [NAM], [DIEMTB], [XEPLOAI]) VALUES (235, 2013, 5.5, N'TB   ')
INSERT [dbo].[KETQUA] ([MASV], [NAM], [DIEMTB], [XEPLOAI]) VALUES (236, 2015, 6.5, N'KHA  ')
INSERT [dbo].[KETQUA] ([MASV], [NAM], [DIEMTB], [XEPLOAI]) VALUES (237, 2014, 5, N'TB   ')
INSERT [dbo].[KETQUA] ([MASV], [NAM], [DIEMTB], [XEPLOAI]) VALUES (238, 2015, 5.5, N'TB   ')
INSERT [dbo].[KETQUA] ([MASV], [NAM], [DIEMTB], [XEPLOAI]) VALUES (239, 2015, 8, N'GIOI ')
INSERT [dbo].[KETQUA] ([MASV], [NAM], [DIEMTB], [XEPLOAI]) VALUES (240, 2015, 6.5, N'KHA  ')
INSERT [dbo].[KETQUA] ([MASV], [NAM], [DIEMTB], [XEPLOAI]) VALUES (241, 2014, 9.5, N'GIOI ')
INSERT [dbo].[KETQUA] ([MASV], [NAM], [DIEMTB], [XEPLOAI]) VALUES (242, 2012, 9.5, N'GIOI ')
INSERT [dbo].[KETQUA] ([MASV], [NAM], [DIEMTB], [XEPLOAI]) VALUES (243, 2013, 5.5, N'TB   ')
INSERT [dbo].[KETQUA] ([MASV], [NAM], [DIEMTB], [XEPLOAI]) VALUES (244, 2013, 7, N'KHA  ')
INSERT [dbo].[KETQUA] ([MASV], [NAM], [DIEMTB], [XEPLOAI]) VALUES (245, 2012, 6.5, N'KHA  ')
INSERT [dbo].[KETQUA] ([MASV], [NAM], [DIEMTB], [XEPLOAI]) VALUES (246, 2012, 9.5, N'GIOI ')
INSERT [dbo].[KETQUA] ([MASV], [NAM], [DIEMTB], [XEPLOAI]) VALUES (247, 2015, 9, N'GIOI ')
INSERT [dbo].[KETQUA] ([MASV], [NAM], [DIEMTB], [XEPLOAI]) VALUES (248, 2015, 7.5, N'KHA  ')
INSERT [dbo].[KETQUA] ([MASV], [NAM], [DIEMTB], [XEPLOAI]) VALUES (249, 2014, 6, N'TB   ')
INSERT [dbo].[KETQUA] ([MASV], [NAM], [DIEMTB], [XEPLOAI]) VALUES (250, 2013, 8, N'GIOI ')
INSERT [dbo].[KETQUA] ([MASV], [NAM], [DIEMTB], [XEPLOAI]) VALUES (251, 2015, 8.5, N'GIOI ')
INSERT [dbo].[KETQUA] ([MASV], [NAM], [DIEMTB], [XEPLOAI]) VALUES (252, 2012, 6, N'TB   ')
INSERT [dbo].[KETQUA] ([MASV], [NAM], [DIEMTB], [XEPLOAI]) VALUES (253, 2012, 7.5, N'KHA  ')
INSERT [dbo].[KETQUA] ([MASV], [NAM], [DIEMTB], [XEPLOAI]) VALUES (254, 2015, 5, N'TB   ')
INSERT [dbo].[KETQUA] ([MASV], [NAM], [DIEMTB], [XEPLOAI]) VALUES (255, 2012, 5.5, N'TB   ')
INSERT [dbo].[KETQUA] ([MASV], [NAM], [DIEMTB], [XEPLOAI]) VALUES (256, 2012, 5, N'TB   ')
INSERT [dbo].[KETQUA] ([MASV], [NAM], [DIEMTB], [XEPLOAI]) VALUES (257, 2013, 6.5, N'KHA  ')
INSERT [dbo].[KETQUA] ([MASV], [NAM], [DIEMTB], [XEPLOAI]) VALUES (258, 2013, 8.5, N'GIOI ')
INSERT [dbo].[KETQUA] ([MASV], [NAM], [DIEMTB], [XEPLOAI]) VALUES (259, 2015, 5.5, N'TB   ')
INSERT [dbo].[KETQUA] ([MASV], [NAM], [DIEMTB], [XEPLOAI]) VALUES (260, 2012, 8.5, N'GIOI ')
INSERT [dbo].[KETQUA] ([MASV], [NAM], [DIEMTB], [XEPLOAI]) VALUES (261, 2015, 7, N'KHA  ')
INSERT [dbo].[KETQUA] ([MASV], [NAM], [DIEMTB], [XEPLOAI]) VALUES (262, 2015, 6.5, N'KHA  ')
INSERT [dbo].[KETQUA] ([MASV], [NAM], [DIEMTB], [XEPLOAI]) VALUES (263, 2012, 10, N'GIOI ')
INSERT [dbo].[KETQUA] ([MASV], [NAM], [DIEMTB], [XEPLOAI]) VALUES (264, 2012, 5.5, N'TB   ')
INSERT [dbo].[KETQUA] ([MASV], [NAM], [DIEMTB], [XEPLOAI]) VALUES (265, 2013, 6, N'TB   ')
INSERT [dbo].[KETQUA] ([MASV], [NAM], [DIEMTB], [XEPLOAI]) VALUES (266, 2015, 10, N'GIOI ')
INSERT [dbo].[KETQUA] ([MASV], [NAM], [DIEMTB], [XEPLOAI]) VALUES (267, 2015, 10, N'GIOI ')
INSERT [dbo].[KETQUA] ([MASV], [NAM], [DIEMTB], [XEPLOAI]) VALUES (268, 2012, 7.5, N'KHA  ')
INSERT [dbo].[KETQUA] ([MASV], [NAM], [DIEMTB], [XEPLOAI]) VALUES (269, 2015, 10, N'GIOI ')
INSERT [dbo].[KETQUA] ([MASV], [NAM], [DIEMTB], [XEPLOAI]) VALUES (270, 2012, 7, N'KHA  ')
INSERT [dbo].[KETQUA] ([MASV], [NAM], [DIEMTB], [XEPLOAI]) VALUES (271, 2013, 5.5, N'TB   ')
INSERT [dbo].[KETQUA] ([MASV], [NAM], [DIEMTB], [XEPLOAI]) VALUES (272, 2015, 8, N'GIOI ')
INSERT [dbo].[KETQUA] ([MASV], [NAM], [DIEMTB], [XEPLOAI]) VALUES (273, 2013, 9.5, N'GIOI ')
INSERT [dbo].[KETQUA] ([MASV], [NAM], [DIEMTB], [XEPLOAI]) VALUES (274, 2015, 8.5, N'GIOI ')
INSERT [dbo].[KETQUA] ([MASV], [NAM], [DIEMTB], [XEPLOAI]) VALUES (275, 2014, 9.5, N'GIOI ')
INSERT [dbo].[KETQUA] ([MASV], [NAM], [DIEMTB], [XEPLOAI]) VALUES (276, 2014, 6, N'TB   ')
INSERT [dbo].[KETQUA] ([MASV], [NAM], [DIEMTB], [XEPLOAI]) VALUES (277, 2012, 5, N'TB   ')
INSERT [dbo].[KETQUA] ([MASV], [NAM], [DIEMTB], [XEPLOAI]) VALUES (278, 2012, 6.5, N'KHA  ')
INSERT [dbo].[KETQUA] ([MASV], [NAM], [DIEMTB], [XEPLOAI]) VALUES (279, 2015, 8.5, N'GIOI ')
INSERT [dbo].[KETQUA] ([MASV], [NAM], [DIEMTB], [XEPLOAI]) VALUES (280, 2015, 7, N'KHA  ')
INSERT [dbo].[KETQUA] ([MASV], [NAM], [DIEMTB], [XEPLOAI]) VALUES (281, 2012, 5, N'TB   ')
INSERT [dbo].[KETQUA] ([MASV], [NAM], [DIEMTB], [XEPLOAI]) VALUES (282, 2013, 7.5, N'KHA  ')
INSERT [dbo].[KETQUA] ([MASV], [NAM], [DIEMTB], [XEPLOAI]) VALUES (283, 2015, 9.5, N'GIOI ')
INSERT [dbo].[KETQUA] ([MASV], [NAM], [DIEMTB], [XEPLOAI]) VALUES (284, 2015, 5, N'TB   ')
INSERT [dbo].[KETQUA] ([MASV], [NAM], [DIEMTB], [XEPLOAI]) VALUES (285, 2013, 9.5, N'GIOI ')
INSERT [dbo].[KETQUA] ([MASV], [NAM], [DIEMTB], [XEPLOAI]) VALUES (286, 2015, 5.5, N'TB   ')
INSERT [dbo].[KETQUA] ([MASV], [NAM], [DIEMTB], [XEPLOAI]) VALUES (287, 2013, 7.5, N'KHA  ')
INSERT [dbo].[KETQUA] ([MASV], [NAM], [DIEMTB], [XEPLOAI]) VALUES (288, 2015, 6.5, N'KHA  ')
INSERT [dbo].[KETQUA] ([MASV], [NAM], [DIEMTB], [XEPLOAI]) VALUES (289, 2012, 5.5, N'TB   ')
INSERT [dbo].[KETQUA] ([MASV], [NAM], [DIEMTB], [XEPLOAI]) VALUES (290, 2012, 6, N'TB   ')
INSERT [dbo].[KETQUA] ([MASV], [NAM], [DIEMTB], [XEPLOAI]) VALUES (291, 2014, 10, N'GIOI ')
INSERT [dbo].[KETQUA] ([MASV], [NAM], [DIEMTB], [XEPLOAI]) VALUES (292, 2015, 6, N'TB   ')
INSERT [dbo].[KETQUA] ([MASV], [NAM], [DIEMTB], [XEPLOAI]) VALUES (293, 2014, 7, N'KHA  ')
INSERT [dbo].[KETQUA] ([MASV], [NAM], [DIEMTB], [XEPLOAI]) VALUES (294, 2013, 7, N'KHA  ')
INSERT [dbo].[KETQUA] ([MASV], [NAM], [DIEMTB], [XEPLOAI]) VALUES (295, 2012, 10, N'GIOI ')
INSERT [dbo].[KETQUA] ([MASV], [NAM], [DIEMTB], [XEPLOAI]) VALUES (296, 2015, 8.5, N'GIOI ')
INSERT [dbo].[KETQUA] ([MASV], [NAM], [DIEMTB], [XEPLOAI]) VALUES (297, 2012, 7.5, N'KHA  ')
INSERT [dbo].[KETQUA] ([MASV], [NAM], [DIEMTB], [XEPLOAI]) VALUES (298, 2014, 5, N'TB   ')
INSERT [dbo].[KETQUA] ([MASV], [NAM], [DIEMTB], [XEPLOAI]) VALUES (299, 2014, 7.5, N'KHA  ')
INSERT [dbo].[KETQUA] ([MASV], [NAM], [DIEMTB], [XEPLOAI]) VALUES (300, 2013, 10, N'GIOI ')
GO
INSERT [dbo].[KETQUA] ([MASV], [NAM], [DIEMTB], [XEPLOAI]) VALUES (301, 2014, 8.5, N'GIOI ')
INSERT [dbo].[KETQUA] ([MASV], [NAM], [DIEMTB], [XEPLOAI]) VALUES (302, 2012, 8.5, N'GIOI ')
INSERT [dbo].[KETQUA] ([MASV], [NAM], [DIEMTB], [XEPLOAI]) VALUES (303, 2013, 8.5, N'GIOI ')
INSERT [dbo].[KETQUA] ([MASV], [NAM], [DIEMTB], [XEPLOAI]) VALUES (304, 2012, 6, N'TB   ')
INSERT [dbo].[KETQUA] ([MASV], [NAM], [DIEMTB], [XEPLOAI]) VALUES (305, 2014, 10, N'GIOI ')
INSERT [dbo].[KETQUA] ([MASV], [NAM], [DIEMTB], [XEPLOAI]) VALUES (306, 2013, 9, N'GIOI ')
INSERT [dbo].[KETQUA] ([MASV], [NAM], [DIEMTB], [XEPLOAI]) VALUES (307, 2014, 6, N'TB   ')
INSERT [dbo].[KETQUA] ([MASV], [NAM], [DIEMTB], [XEPLOAI]) VALUES (308, 2015, 8, N'GIOI ')
INSERT [dbo].[KETQUA] ([MASV], [NAM], [DIEMTB], [XEPLOAI]) VALUES (309, 2015, 9.5, N'GIOI ')
INSERT [dbo].[KETQUA] ([MASV], [NAM], [DIEMTB], [XEPLOAI]) VALUES (310, 2013, 9, N'GIOI ')
INSERT [dbo].[KETQUA] ([MASV], [NAM], [DIEMTB], [XEPLOAI]) VALUES (311, 2014, 7, N'KHA  ')
INSERT [dbo].[KETQUA] ([MASV], [NAM], [DIEMTB], [XEPLOAI]) VALUES (312, 2014, 9, N'GIOI ')
INSERT [dbo].[KETQUA] ([MASV], [NAM], [DIEMTB], [XEPLOAI]) VALUES (313, 2015, 9, N'GIOI ')
INSERT [dbo].[KETQUA] ([MASV], [NAM], [DIEMTB], [XEPLOAI]) VALUES (314, 2015, 9, N'GIOI ')
INSERT [dbo].[KETQUA] ([MASV], [NAM], [DIEMTB], [XEPLOAI]) VALUES (315, 2015, 8, N'GIOI ')
INSERT [dbo].[KETQUA] ([MASV], [NAM], [DIEMTB], [XEPLOAI]) VALUES (316, 2013, 9.5, N'GIOI ')
INSERT [dbo].[KETQUA] ([MASV], [NAM], [DIEMTB], [XEPLOAI]) VALUES (317, 2012, 6, N'TB   ')
INSERT [dbo].[KETQUA] ([MASV], [NAM], [DIEMTB], [XEPLOAI]) VALUES (318, 2012, 7, N'KHA  ')
INSERT [dbo].[KETQUA] ([MASV], [NAM], [DIEMTB], [XEPLOAI]) VALUES (319, 2014, 8.5, N'GIOI ')
INSERT [dbo].[KETQUA] ([MASV], [NAM], [DIEMTB], [XEPLOAI]) VALUES (320, 2013, 7.5, N'KHA  ')
INSERT [dbo].[KETQUA] ([MASV], [NAM], [DIEMTB], [XEPLOAI]) VALUES (321, 2015, 8, N'GIOI ')
INSERT [dbo].[KETQUA] ([MASV], [NAM], [DIEMTB], [XEPLOAI]) VALUES (322, 2015, 9, N'GIOI ')
INSERT [dbo].[KETQUA] ([MASV], [NAM], [DIEMTB], [XEPLOAI]) VALUES (323, 2015, 8, N'GIOI ')
INSERT [dbo].[KETQUA] ([MASV], [NAM], [DIEMTB], [XEPLOAI]) VALUES (324, 2013, 8, N'GIOI ')
INSERT [dbo].[KETQUA] ([MASV], [NAM], [DIEMTB], [XEPLOAI]) VALUES (325, 2012, 9.5, N'GIOI ')
INSERT [dbo].[KETQUA] ([MASV], [NAM], [DIEMTB], [XEPLOAI]) VALUES (326, 2014, 8, N'GIOI ')
INSERT [dbo].[KETQUA] ([MASV], [NAM], [DIEMTB], [XEPLOAI]) VALUES (327, 2013, 9, N'GIOI ')
INSERT [dbo].[KETQUA] ([MASV], [NAM], [DIEMTB], [XEPLOAI]) VALUES (328, 2014, 5.5, N'TB   ')
INSERT [dbo].[KETQUA] ([MASV], [NAM], [DIEMTB], [XEPLOAI]) VALUES (329, 2015, 9, N'GIOI ')
INSERT [dbo].[KETQUA] ([MASV], [NAM], [DIEMTB], [XEPLOAI]) VALUES (330, 2013, 10, N'GIOI ')
INSERT [dbo].[KETQUA] ([MASV], [NAM], [DIEMTB], [XEPLOAI]) VALUES (331, 2014, 6.5, N'KHA  ')
INSERT [dbo].[KETQUA] ([MASV], [NAM], [DIEMTB], [XEPLOAI]) VALUES (332, 2015, 8, N'GIOI ')
INSERT [dbo].[KETQUA] ([MASV], [NAM], [DIEMTB], [XEPLOAI]) VALUES (333, 2015, 9.5, N'GIOI ')
INSERT [dbo].[KETQUA] ([MASV], [NAM], [DIEMTB], [XEPLOAI]) VALUES (334, 2014, 6, N'TB   ')
INSERT [dbo].[KETQUA] ([MASV], [NAM], [DIEMTB], [XEPLOAI]) VALUES (335, 2012, 7.5, N'KHA  ')
INSERT [dbo].[KETQUA] ([MASV], [NAM], [DIEMTB], [XEPLOAI]) VALUES (336, 2013, 7, N'KHA  ')
INSERT [dbo].[KETQUA] ([MASV], [NAM], [DIEMTB], [XEPLOAI]) VALUES (337, 2015, 8, N'GIOI ')
INSERT [dbo].[KETQUA] ([MASV], [NAM], [DIEMTB], [XEPLOAI]) VALUES (338, 2014, 6, N'TB   ')
INSERT [dbo].[KETQUA] ([MASV], [NAM], [DIEMTB], [XEPLOAI]) VALUES (339, 2012, 7, N'KHA  ')
INSERT [dbo].[KETQUA] ([MASV], [NAM], [DIEMTB], [XEPLOAI]) VALUES (340, 2012, 5, N'TB   ')
INSERT [dbo].[KETQUA] ([MASV], [NAM], [DIEMTB], [XEPLOAI]) VALUES (341, 2014, 7.5, N'KHA  ')
INSERT [dbo].[KETQUA] ([MASV], [NAM], [DIEMTB], [XEPLOAI]) VALUES (342, 2012, 5, N'TB   ')
INSERT [dbo].[KETQUA] ([MASV], [NAM], [DIEMTB], [XEPLOAI]) VALUES (343, 2014, 9.5, N'GIOI ')
INSERT [dbo].[KETQUA] ([MASV], [NAM], [DIEMTB], [XEPLOAI]) VALUES (344, 2014, 7.5, N'KHA  ')
INSERT [dbo].[KETQUA] ([MASV], [NAM], [DIEMTB], [XEPLOAI]) VALUES (345, 2013, 9.5, N'GIOI ')
INSERT [dbo].[KETQUA] ([MASV], [NAM], [DIEMTB], [XEPLOAI]) VALUES (346, 2014, 8.5, N'GIOI ')
INSERT [dbo].[KETQUA] ([MASV], [NAM], [DIEMTB], [XEPLOAI]) VALUES (347, 2013, 8.5, N'GIOI ')
INSERT [dbo].[KETQUA] ([MASV], [NAM], [DIEMTB], [XEPLOAI]) VALUES (348, 2012, 10, N'GIOI ')
INSERT [dbo].[KETQUA] ([MASV], [NAM], [DIEMTB], [XEPLOAI]) VALUES (349, 2015, 6, N'TB   ')
INSERT [dbo].[KETQUA] ([MASV], [NAM], [DIEMTB], [XEPLOAI]) VALUES (350, 2013, 9, N'GIOI ')
INSERT [dbo].[KETQUA] ([MASV], [NAM], [DIEMTB], [XEPLOAI]) VALUES (351, 2014, 9.5, N'GIOI ')
INSERT [dbo].[KETQUA] ([MASV], [NAM], [DIEMTB], [XEPLOAI]) VALUES (352, 2015, 7.5, N'KHA  ')
INSERT [dbo].[KETQUA] ([MASV], [NAM], [DIEMTB], [XEPLOAI]) VALUES (353, 2013, 5, N'TB   ')
INSERT [dbo].[KETQUA] ([MASV], [NAM], [DIEMTB], [XEPLOAI]) VALUES (354, 2015, 5, N'TB   ')
INSERT [dbo].[KETQUA] ([MASV], [NAM], [DIEMTB], [XEPLOAI]) VALUES (355, 2012, 6.5, N'KHA  ')
INSERT [dbo].[KETQUA] ([MASV], [NAM], [DIEMTB], [XEPLOAI]) VALUES (356, 2013, 6, N'TB   ')
INSERT [dbo].[KETQUA] ([MASV], [NAM], [DIEMTB], [XEPLOAI]) VALUES (357, 2013, 5, N'TB   ')
INSERT [dbo].[KETQUA] ([MASV], [NAM], [DIEMTB], [XEPLOAI]) VALUES (358, 2012, 8.5, N'GIOI ')
INSERT [dbo].[KETQUA] ([MASV], [NAM], [DIEMTB], [XEPLOAI]) VALUES (359, 2014, 5.5, N'TB   ')
INSERT [dbo].[KETQUA] ([MASV], [NAM], [DIEMTB], [XEPLOAI]) VALUES (360, 2013, 7.5, N'KHA  ')
INSERT [dbo].[KETQUA] ([MASV], [NAM], [DIEMTB], [XEPLOAI]) VALUES (361, 2013, 9, N'GIOI ')
INSERT [dbo].[KETQUA] ([MASV], [NAM], [DIEMTB], [XEPLOAI]) VALUES (362, 2015, 10, N'GIOI ')
INSERT [dbo].[KETQUA] ([MASV], [NAM], [DIEMTB], [XEPLOAI]) VALUES (363, 2012, 8, N'GIOI ')
INSERT [dbo].[KETQUA] ([MASV], [NAM], [DIEMTB], [XEPLOAI]) VALUES (364, 2015, 5, N'TB   ')
INSERT [dbo].[KETQUA] ([MASV], [NAM], [DIEMTB], [XEPLOAI]) VALUES (365, 2015, 9, N'GIOI ')
INSERT [dbo].[KETQUA] ([MASV], [NAM], [DIEMTB], [XEPLOAI]) VALUES (366, 2014, 7, N'KHA  ')
INSERT [dbo].[KETQUA] ([MASV], [NAM], [DIEMTB], [XEPLOAI]) VALUES (367, 2014, 5, N'TB   ')
INSERT [dbo].[KETQUA] ([MASV], [NAM], [DIEMTB], [XEPLOAI]) VALUES (368, 2015, 7.5, N'KHA  ')
INSERT [dbo].[KETQUA] ([MASV], [NAM], [DIEMTB], [XEPLOAI]) VALUES (369, 2014, 9, N'GIOI ')
INSERT [dbo].[KETQUA] ([MASV], [NAM], [DIEMTB], [XEPLOAI]) VALUES (370, 2015, 7.5, N'KHA  ')
INSERT [dbo].[KETQUA] ([MASV], [NAM], [DIEMTB], [XEPLOAI]) VALUES (371, 2014, 5, N'TB   ')
INSERT [dbo].[KETQUA] ([MASV], [NAM], [DIEMTB], [XEPLOAI]) VALUES (372, 2015, 7, N'KHA  ')
INSERT [dbo].[KETQUA] ([MASV], [NAM], [DIEMTB], [XEPLOAI]) VALUES (373, 2013, 7, N'KHA  ')
INSERT [dbo].[KETQUA] ([MASV], [NAM], [DIEMTB], [XEPLOAI]) VALUES (374, 2012, 6.5, N'KHA  ')
INSERT [dbo].[KETQUA] ([MASV], [NAM], [DIEMTB], [XEPLOAI]) VALUES (375, 2015, 6, N'TB   ')
INSERT [dbo].[KETQUA] ([MASV], [NAM], [DIEMTB], [XEPLOAI]) VALUES (376, 2012, 8.5, N'GIOI ')
INSERT [dbo].[KETQUA] ([MASV], [NAM], [DIEMTB], [XEPLOAI]) VALUES (377, 2013, 7, N'KHA  ')
INSERT [dbo].[KETQUA] ([MASV], [NAM], [DIEMTB], [XEPLOAI]) VALUES (378, 2014, 8, N'GIOI ')
INSERT [dbo].[KETQUA] ([MASV], [NAM], [DIEMTB], [XEPLOAI]) VALUES (379, 2012, 8, N'GIOI ')
INSERT [dbo].[KETQUA] ([MASV], [NAM], [DIEMTB], [XEPLOAI]) VALUES (380, 2015, 9.5, N'GIOI ')
INSERT [dbo].[KETQUA] ([MASV], [NAM], [DIEMTB], [XEPLOAI]) VALUES (381, 2012, 8.5, N'GIOI ')
INSERT [dbo].[KETQUA] ([MASV], [NAM], [DIEMTB], [XEPLOAI]) VALUES (382, 2013, 7.5, N'KHA  ')
INSERT [dbo].[KETQUA] ([MASV], [NAM], [DIEMTB], [XEPLOAI]) VALUES (383, 2014, 8.5, N'GIOI ')
INSERT [dbo].[KETQUA] ([MASV], [NAM], [DIEMTB], [XEPLOAI]) VALUES (384, 2012, 10, N'GIOI ')
INSERT [dbo].[KETQUA] ([MASV], [NAM], [DIEMTB], [XEPLOAI]) VALUES (385, 2013, 5, N'TB   ')
INSERT [dbo].[KETQUA] ([MASV], [NAM], [DIEMTB], [XEPLOAI]) VALUES (386, 2014, 7.5, N'KHA  ')
INSERT [dbo].[KETQUA] ([MASV], [NAM], [DIEMTB], [XEPLOAI]) VALUES (387, 2015, 6, N'TB   ')
INSERT [dbo].[KETQUA] ([MASV], [NAM], [DIEMTB], [XEPLOAI]) VALUES (388, 2014, 10, N'GIOI ')
INSERT [dbo].[KETQUA] ([MASV], [NAM], [DIEMTB], [XEPLOAI]) VALUES (389, 2014, 8, N'GIOI ')
INSERT [dbo].[KETQUA] ([MASV], [NAM], [DIEMTB], [XEPLOAI]) VALUES (390, 2013, 9.5, N'GIOI ')
INSERT [dbo].[KETQUA] ([MASV], [NAM], [DIEMTB], [XEPLOAI]) VALUES (391, 2015, 8, N'GIOI ')
INSERT [dbo].[KETQUA] ([MASV], [NAM], [DIEMTB], [XEPLOAI]) VALUES (392, 2015, 9, N'GIOI ')
INSERT [dbo].[KETQUA] ([MASV], [NAM], [DIEMTB], [XEPLOAI]) VALUES (393, 2013, 8.5, N'GIOI ')
INSERT [dbo].[KETQUA] ([MASV], [NAM], [DIEMTB], [XEPLOAI]) VALUES (394, 2012, 9, N'GIOI ')
INSERT [dbo].[KETQUA] ([MASV], [NAM], [DIEMTB], [XEPLOAI]) VALUES (395, 2012, 5, N'TB   ')
INSERT [dbo].[KETQUA] ([MASV], [NAM], [DIEMTB], [XEPLOAI]) VALUES (396, 2013, 7, N'KHA  ')
INSERT [dbo].[KETQUA] ([MASV], [NAM], [DIEMTB], [XEPLOAI]) VALUES (397, 2012, 10, N'GIOI ')
INSERT [dbo].[KETQUA] ([MASV], [NAM], [DIEMTB], [XEPLOAI]) VALUES (398, 2012, 9.5, N'GIOI ')
INSERT [dbo].[KETQUA] ([MASV], [NAM], [DIEMTB], [XEPLOAI]) VALUES (399, 2015, 6, N'TB   ')
INSERT [dbo].[KETQUA] ([MASV], [NAM], [DIEMTB], [XEPLOAI]) VALUES (400, 2014, 9, N'GIOI ')
GO
INSERT [dbo].[KETQUA] ([MASV], [NAM], [DIEMTB], [XEPLOAI]) VALUES (401, 2013, 7, N'KHA  ')
INSERT [dbo].[KETQUA] ([MASV], [NAM], [DIEMTB], [XEPLOAI]) VALUES (402, 2014, 9, N'GIOI ')
INSERT [dbo].[KETQUA] ([MASV], [NAM], [DIEMTB], [XEPLOAI]) VALUES (403, 2015, 7, N'KHA  ')
INSERT [dbo].[KETQUA] ([MASV], [NAM], [DIEMTB], [XEPLOAI]) VALUES (404, 2014, 5, N'TB   ')
INSERT [dbo].[KETQUA] ([MASV], [NAM], [DIEMTB], [XEPLOAI]) VALUES (405, 2012, 10, N'GIOI ')
INSERT [dbo].[KETQUA] ([MASV], [NAM], [DIEMTB], [XEPLOAI]) VALUES (406, 2015, 6.5, N'KHA  ')
INSERT [dbo].[KETQUA] ([MASV], [NAM], [DIEMTB], [XEPLOAI]) VALUES (407, 2014, 8, N'GIOI ')
INSERT [dbo].[KETQUA] ([MASV], [NAM], [DIEMTB], [XEPLOAI]) VALUES (408, 2015, 6, N'TB   ')
INSERT [dbo].[KETQUA] ([MASV], [NAM], [DIEMTB], [XEPLOAI]) VALUES (409, 2012, 9.5, N'GIOI ')
INSERT [dbo].[KETQUA] ([MASV], [NAM], [DIEMTB], [XEPLOAI]) VALUES (410, 2012, 9.5, N'GIOI ')
INSERT [dbo].[KETQUA] ([MASV], [NAM], [DIEMTB], [XEPLOAI]) VALUES (411, 2015, 7, N'KHA  ')
INSERT [dbo].[KETQUA] ([MASV], [NAM], [DIEMTB], [XEPLOAI]) VALUES (412, 2014, 8, N'GIOI ')
INSERT [dbo].[KETQUA] ([MASV], [NAM], [DIEMTB], [XEPLOAI]) VALUES (413, 2015, 8.5, N'GIOI ')
INSERT [dbo].[KETQUA] ([MASV], [NAM], [DIEMTB], [XEPLOAI]) VALUES (414, 2014, 9.5, N'GIOI ')
INSERT [dbo].[KETQUA] ([MASV], [NAM], [DIEMTB], [XEPLOAI]) VALUES (415, 2014, 6, N'TB   ')
INSERT [dbo].[KETQUA] ([MASV], [NAM], [DIEMTB], [XEPLOAI]) VALUES (416, 2014, 8.5, N'GIOI ')
INSERT [dbo].[KETQUA] ([MASV], [NAM], [DIEMTB], [XEPLOAI]) VALUES (417, 2015, 8.5, N'GIOI ')
INSERT [dbo].[KETQUA] ([MASV], [NAM], [DIEMTB], [XEPLOAI]) VALUES (418, 2015, 10, N'GIOI ')
INSERT [dbo].[KETQUA] ([MASV], [NAM], [DIEMTB], [XEPLOAI]) VALUES (419, 2014, 10, N'GIOI ')
INSERT [dbo].[KETQUA] ([MASV], [NAM], [DIEMTB], [XEPLOAI]) VALUES (420, 2013, 9, N'GIOI ')
INSERT [dbo].[KETQUA] ([MASV], [NAM], [DIEMTB], [XEPLOAI]) VALUES (421, 2013, 7.5, N'KHA  ')
INSERT [dbo].[KETQUA] ([MASV], [NAM], [DIEMTB], [XEPLOAI]) VALUES (422, 2013, 9.5, N'GIOI ')
INSERT [dbo].[KETQUA] ([MASV], [NAM], [DIEMTB], [XEPLOAI]) VALUES (423, 2014, 8, N'GIOI ')
INSERT [dbo].[KETQUA] ([MASV], [NAM], [DIEMTB], [XEPLOAI]) VALUES (424, 2015, 6.5, N'KHA  ')
INSERT [dbo].[KETQUA] ([MASV], [NAM], [DIEMTB], [XEPLOAI]) VALUES (425, 2015, 6, N'TB   ')
INSERT [dbo].[KETQUA] ([MASV], [NAM], [DIEMTB], [XEPLOAI]) VALUES (426, 2015, 7, N'KHA  ')
INSERT [dbo].[KETQUA] ([MASV], [NAM], [DIEMTB], [XEPLOAI]) VALUES (427, 2014, 8.5, N'GIOI ')
INSERT [dbo].[KETQUA] ([MASV], [NAM], [DIEMTB], [XEPLOAI]) VALUES (428, 2015, 7, N'KHA  ')
INSERT [dbo].[KETQUA] ([MASV], [NAM], [DIEMTB], [XEPLOAI]) VALUES (429, 2013, 6, N'TB   ')
INSERT [dbo].[KETQUA] ([MASV], [NAM], [DIEMTB], [XEPLOAI]) VALUES (430, 2015, 9, N'GIOI ')
INSERT [dbo].[KETQUA] ([MASV], [NAM], [DIEMTB], [XEPLOAI]) VALUES (431, 2015, 7.5, N'KHA  ')
INSERT [dbo].[KETQUA] ([MASV], [NAM], [DIEMTB], [XEPLOAI]) VALUES (432, 2014, 6, N'TB   ')
INSERT [dbo].[KETQUA] ([MASV], [NAM], [DIEMTB], [XEPLOAI]) VALUES (433, 2012, 8.5, N'GIOI ')
INSERT [dbo].[KETQUA] ([MASV], [NAM], [DIEMTB], [XEPLOAI]) VALUES (434, 2013, 7, N'KHA  ')
INSERT [dbo].[KETQUA] ([MASV], [NAM], [DIEMTB], [XEPLOAI]) VALUES (435, 2013, 7.5, N'KHA  ')
INSERT [dbo].[KETQUA] ([MASV], [NAM], [DIEMTB], [XEPLOAI]) VALUES (436, 2015, 6.5, N'KHA  ')
INSERT [dbo].[KETQUA] ([MASV], [NAM], [DIEMTB], [XEPLOAI]) VALUES (437, 2012, 6, N'TB   ')
INSERT [dbo].[KETQUA] ([MASV], [NAM], [DIEMTB], [XEPLOAI]) VALUES (438, 2013, 8.5, N'GIOI ')
INSERT [dbo].[KETQUA] ([MASV], [NAM], [DIEMTB], [XEPLOAI]) VALUES (439, 2013, 8.5, N'GIOI ')
INSERT [dbo].[KETQUA] ([MASV], [NAM], [DIEMTB], [XEPLOAI]) VALUES (440, 2014, 8, N'GIOI ')
INSERT [dbo].[KETQUA] ([MASV], [NAM], [DIEMTB], [XEPLOAI]) VALUES (441, 2015, 8.5, N'GIOI ')
INSERT [dbo].[KETQUA] ([MASV], [NAM], [DIEMTB], [XEPLOAI]) VALUES (442, 2015, 7, N'KHA  ')
INSERT [dbo].[KETQUA] ([MASV], [NAM], [DIEMTB], [XEPLOAI]) VALUES (443, 2012, 8.5, N'GIOI ')
INSERT [dbo].[KETQUA] ([MASV], [NAM], [DIEMTB], [XEPLOAI]) VALUES (444, 2015, 10, N'GIOI ')
INSERT [dbo].[KETQUA] ([MASV], [NAM], [DIEMTB], [XEPLOAI]) VALUES (445, 2012, 10, N'GIOI ')
INSERT [dbo].[KETQUA] ([MASV], [NAM], [DIEMTB], [XEPLOAI]) VALUES (446, 2013, 6.5, N'KHA  ')
INSERT [dbo].[KETQUA] ([MASV], [NAM], [DIEMTB], [XEPLOAI]) VALUES (447, 2012, 8.5, N'GIOI ')
INSERT [dbo].[KETQUA] ([MASV], [NAM], [DIEMTB], [XEPLOAI]) VALUES (448, 2012, 8.5, N'GIOI ')
INSERT [dbo].[KETQUA] ([MASV], [NAM], [DIEMTB], [XEPLOAI]) VALUES (449, 2015, 9.5, N'GIOI ')
INSERT [dbo].[KETQUA] ([MASV], [NAM], [DIEMTB], [XEPLOAI]) VALUES (450, 2013, 6, N'TB   ')
INSERT [dbo].[KETQUA] ([MASV], [NAM], [DIEMTB], [XEPLOAI]) VALUES (451, 2015, 7.5, N'KHA  ')
INSERT [dbo].[KETQUA] ([MASV], [NAM], [DIEMTB], [XEPLOAI]) VALUES (452, 2013, 5.5, N'TB   ')
INSERT [dbo].[KETQUA] ([MASV], [NAM], [DIEMTB], [XEPLOAI]) VALUES (453, 2015, 6.5, N'KHA  ')
INSERT [dbo].[KETQUA] ([MASV], [NAM], [DIEMTB], [XEPLOAI]) VALUES (454, 2012, 7, N'KHA  ')
INSERT [dbo].[KETQUA] ([MASV], [NAM], [DIEMTB], [XEPLOAI]) VALUES (455, 2012, 7, N'KHA  ')
INSERT [dbo].[KETQUA] ([MASV], [NAM], [DIEMTB], [XEPLOAI]) VALUES (456, 2013, 8.5, N'GIOI ')
INSERT [dbo].[KETQUA] ([MASV], [NAM], [DIEMTB], [XEPLOAI]) VALUES (457, 2012, 8.5, N'GIOI ')
INSERT [dbo].[KETQUA] ([MASV], [NAM], [DIEMTB], [XEPLOAI]) VALUES (458, 2013, 6, N'TB   ')
INSERT [dbo].[KETQUA] ([MASV], [NAM], [DIEMTB], [XEPLOAI]) VALUES (459, 2013, 9, N'GIOI ')
INSERT [dbo].[KETQUA] ([MASV], [NAM], [DIEMTB], [XEPLOAI]) VALUES (460, 2012, 6, N'TB   ')
INSERT [dbo].[KETQUA] ([MASV], [NAM], [DIEMTB], [XEPLOAI]) VALUES (461, 2012, 9.5, N'GIOI ')
INSERT [dbo].[KETQUA] ([MASV], [NAM], [DIEMTB], [XEPLOAI]) VALUES (462, 2015, 8, N'GIOI ')
INSERT [dbo].[KETQUA] ([MASV], [NAM], [DIEMTB], [XEPLOAI]) VALUES (463, 2013, 5, N'TB   ')
INSERT [dbo].[KETQUA] ([MASV], [NAM], [DIEMTB], [XEPLOAI]) VALUES (464, 2014, 8, N'GIOI ')
INSERT [dbo].[KETQUA] ([MASV], [NAM], [DIEMTB], [XEPLOAI]) VALUES (465, 2013, 9, N'GIOI ')
INSERT [dbo].[KETQUA] ([MASV], [NAM], [DIEMTB], [XEPLOAI]) VALUES (466, 2012, 5.5, N'TB   ')
INSERT [dbo].[KETQUA] ([MASV], [NAM], [DIEMTB], [XEPLOAI]) VALUES (467, 2015, 5, N'TB   ')
INSERT [dbo].[KETQUA] ([MASV], [NAM], [DIEMTB], [XEPLOAI]) VALUES (468, 2015, 9, N'GIOI ')
INSERT [dbo].[KETQUA] ([MASV], [NAM], [DIEMTB], [XEPLOAI]) VALUES (469, 2013, 6, N'TB   ')
INSERT [dbo].[KETQUA] ([MASV], [NAM], [DIEMTB], [XEPLOAI]) VALUES (470, 2013, 7, N'KHA  ')
INSERT [dbo].[KETQUA] ([MASV], [NAM], [DIEMTB], [XEPLOAI]) VALUES (471, 2014, 10, N'GIOI ')
INSERT [dbo].[KETQUA] ([MASV], [NAM], [DIEMTB], [XEPLOAI]) VALUES (472, 2012, 9, N'GIOI ')
INSERT [dbo].[KETQUA] ([MASV], [NAM], [DIEMTB], [XEPLOAI]) VALUES (473, 2013, 6, N'TB   ')
INSERT [dbo].[KETQUA] ([MASV], [NAM], [DIEMTB], [XEPLOAI]) VALUES (474, 2014, 10, N'GIOI ')
INSERT [dbo].[KETQUA] ([MASV], [NAM], [DIEMTB], [XEPLOAI]) VALUES (475, 2015, 9.5, N'GIOI ')
INSERT [dbo].[KETQUA] ([MASV], [NAM], [DIEMTB], [XEPLOAI]) VALUES (476, 2015, 7.5, N'KHA  ')
INSERT [dbo].[KETQUA] ([MASV], [NAM], [DIEMTB], [XEPLOAI]) VALUES (477, 2012, 7, N'KHA  ')
INSERT [dbo].[KETQUA] ([MASV], [NAM], [DIEMTB], [XEPLOAI]) VALUES (478, 2012, 7.5, N'KHA  ')
INSERT [dbo].[KETQUA] ([MASV], [NAM], [DIEMTB], [XEPLOAI]) VALUES (479, 2013, 7.5, N'KHA  ')
INSERT [dbo].[KETQUA] ([MASV], [NAM], [DIEMTB], [XEPLOAI]) VALUES (480, 2012, 9.5, N'GIOI ')
INSERT [dbo].[KETQUA] ([MASV], [NAM], [DIEMTB], [XEPLOAI]) VALUES (481, 2014, 7, N'KHA  ')
INSERT [dbo].[KETQUA] ([MASV], [NAM], [DIEMTB], [XEPLOAI]) VALUES (482, 2012, 9.5, N'GIOI ')
INSERT [dbo].[KETQUA] ([MASV], [NAM], [DIEMTB], [XEPLOAI]) VALUES (483, 2014, 7.5, N'KHA  ')
INSERT [dbo].[KETQUA] ([MASV], [NAM], [DIEMTB], [XEPLOAI]) VALUES (484, 2015, 7.5, N'KHA  ')
INSERT [dbo].[KETQUA] ([MASV], [NAM], [DIEMTB], [XEPLOAI]) VALUES (485, 2012, 6.5, N'KHA  ')
INSERT [dbo].[KETQUA] ([MASV], [NAM], [DIEMTB], [XEPLOAI]) VALUES (486, 2013, 9.5, N'GIOI ')
INSERT [dbo].[KETQUA] ([MASV], [NAM], [DIEMTB], [XEPLOAI]) VALUES (487, 2014, 7, N'KHA  ')
INSERT [dbo].[KETQUA] ([MASV], [NAM], [DIEMTB], [XEPLOAI]) VALUES (488, 2015, 6.5, N'KHA  ')
INSERT [dbo].[KETQUA] ([MASV], [NAM], [DIEMTB], [XEPLOAI]) VALUES (489, 2013, 8, N'GIOI ')
INSERT [dbo].[KETQUA] ([MASV], [NAM], [DIEMTB], [XEPLOAI]) VALUES (490, 2013, 9, N'GIOI ')
INSERT [dbo].[KETQUA] ([MASV], [NAM], [DIEMTB], [XEPLOAI]) VALUES (491, 2015, 6, N'TB   ')
INSERT [dbo].[KETQUA] ([MASV], [NAM], [DIEMTB], [XEPLOAI]) VALUES (492, 2013, 7, N'KHA  ')
INSERT [dbo].[KETQUA] ([MASV], [NAM], [DIEMTB], [XEPLOAI]) VALUES (493, 2015, 8.5, N'GIOI ')
INSERT [dbo].[KETQUA] ([MASV], [NAM], [DIEMTB], [XEPLOAI]) VALUES (494, 2012, 6, N'TB   ')
INSERT [dbo].[KETQUA] ([MASV], [NAM], [DIEMTB], [XEPLOAI]) VALUES (495, 2014, 5.5, N'TB   ')
INSERT [dbo].[KETQUA] ([MASV], [NAM], [DIEMTB], [XEPLOAI]) VALUES (496, 2012, 6.5, N'KHA  ')
INSERT [dbo].[KETQUA] ([MASV], [NAM], [DIEMTB], [XEPLOAI]) VALUES (497, 2015, 10, N'GIOI ')
INSERT [dbo].[KETQUA] ([MASV], [NAM], [DIEMTB], [XEPLOAI]) VALUES (498, 2015, 7.5, N'KHA  ')
INSERT [dbo].[KETQUA] ([MASV], [NAM], [DIEMTB], [XEPLOAI]) VALUES (499, 2014, 9, N'GIOI ')
INSERT [dbo].[KETQUA] ([MASV], [NAM], [DIEMTB], [XEPLOAI]) VALUES (500, 2014, 10, N'GIOI ')
GO
INSERT [dbo].[KETQUA] ([MASV], [NAM], [DIEMTB], [XEPLOAI]) VALUES (501, 2012, 8.5, N'GIOI ')
INSERT [dbo].[KETQUA] ([MASV], [NAM], [DIEMTB], [XEPLOAI]) VALUES (502, 2015, 9.5, N'GIOI ')
INSERT [dbo].[KETQUA] ([MASV], [NAM], [DIEMTB], [XEPLOAI]) VALUES (503, 2012, 5, N'TB   ')
INSERT [dbo].[KETQUA] ([MASV], [NAM], [DIEMTB], [XEPLOAI]) VALUES (504, 2015, 7.5, N'KHA  ')
INSERT [dbo].[KETQUA] ([MASV], [NAM], [DIEMTB], [XEPLOAI]) VALUES (505, 2013, 8.5, N'GIOI ')
INSERT [dbo].[KETQUA] ([MASV], [NAM], [DIEMTB], [XEPLOAI]) VALUES (506, 2015, 9, N'GIOI ')
INSERT [dbo].[KETQUA] ([MASV], [NAM], [DIEMTB], [XEPLOAI]) VALUES (507, 2012, 8, N'GIOI ')
INSERT [dbo].[KETQUA] ([MASV], [NAM], [DIEMTB], [XEPLOAI]) VALUES (508, 2014, 5, N'TB   ')
INSERT [dbo].[KETQUA] ([MASV], [NAM], [DIEMTB], [XEPLOAI]) VALUES (509, 2014, 7, N'KHA  ')
INSERT [dbo].[KETQUA] ([MASV], [NAM], [DIEMTB], [XEPLOAI]) VALUES (510, 2015, 9, N'GIOI ')
INSERT [dbo].[KETQUA] ([MASV], [NAM], [DIEMTB], [XEPLOAI]) VALUES (511, 2012, 8, N'GIOI ')
INSERT [dbo].[KETQUA] ([MASV], [NAM], [DIEMTB], [XEPLOAI]) VALUES (512, 2013, 9, N'GIOI ')
INSERT [dbo].[KETQUA] ([MASV], [NAM], [DIEMTB], [XEPLOAI]) VALUES (513, 2012, 7, N'KHA  ')
INSERT [dbo].[KETQUA] ([MASV], [NAM], [DIEMTB], [XEPLOAI]) VALUES (514, 2014, 5, N'TB   ')
INSERT [dbo].[KETQUA] ([MASV], [NAM], [DIEMTB], [XEPLOAI]) VALUES (515, 2014, 7, N'KHA  ')
INSERT [dbo].[KETQUA] ([MASV], [NAM], [DIEMTB], [XEPLOAI]) VALUES (516, 2012, 9.5, N'GIOI ')
INSERT [dbo].[KETQUA] ([MASV], [NAM], [DIEMTB], [XEPLOAI]) VALUES (517, 2012, 5.5, N'TB   ')
INSERT [dbo].[KETQUA] ([MASV], [NAM], [DIEMTB], [XEPLOAI]) VALUES (518, 2015, 9, N'GIOI ')
INSERT [dbo].[KETQUA] ([MASV], [NAM], [DIEMTB], [XEPLOAI]) VALUES (519, 2014, 7.5, N'KHA  ')
INSERT [dbo].[KETQUA] ([MASV], [NAM], [DIEMTB], [XEPLOAI]) VALUES (520, 2012, 6.5, N'KHA  ')
INSERT [dbo].[KETQUA] ([MASV], [NAM], [DIEMTB], [XEPLOAI]) VALUES (521, 2012, 6.5, N'KHA  ')
INSERT [dbo].[KETQUA] ([MASV], [NAM], [DIEMTB], [XEPLOAI]) VALUES (522, 2012, 5, N'TB   ')
INSERT [dbo].[KETQUA] ([MASV], [NAM], [DIEMTB], [XEPLOAI]) VALUES (523, 2013, 6.5, N'KHA  ')
INSERT [dbo].[KETQUA] ([MASV], [NAM], [DIEMTB], [XEPLOAI]) VALUES (524, 2013, 5.5, N'TB   ')
INSERT [dbo].[KETQUA] ([MASV], [NAM], [DIEMTB], [XEPLOAI]) VALUES (525, 2014, 10, N'GIOI ')
INSERT [dbo].[KETQUA] ([MASV], [NAM], [DIEMTB], [XEPLOAI]) VALUES (526, 2013, 10, N'GIOI ')
INSERT [dbo].[KETQUA] ([MASV], [NAM], [DIEMTB], [XEPLOAI]) VALUES (527, 2014, 8.5, N'GIOI ')
INSERT [dbo].[KETQUA] ([MASV], [NAM], [DIEMTB], [XEPLOAI]) VALUES (528, 2015, 9, N'GIOI ')
INSERT [dbo].[KETQUA] ([MASV], [NAM], [DIEMTB], [XEPLOAI]) VALUES (529, 2012, 7.5, N'KHA  ')
INSERT [dbo].[KETQUA] ([MASV], [NAM], [DIEMTB], [XEPLOAI]) VALUES (530, 2014, 6, N'TB   ')
INSERT [dbo].[KETQUA] ([MASV], [NAM], [DIEMTB], [XEPLOAI]) VALUES (531, 2015, 6.5, N'KHA  ')
INSERT [dbo].[KETQUA] ([MASV], [NAM], [DIEMTB], [XEPLOAI]) VALUES (532, 2015, 10, N'GIOI ')
INSERT [dbo].[KETQUA] ([MASV], [NAM], [DIEMTB], [XEPLOAI]) VALUES (533, 2014, 7.5, N'KHA  ')
INSERT [dbo].[KETQUA] ([MASV], [NAM], [DIEMTB], [XEPLOAI]) VALUES (534, 2013, 8.5, N'GIOI ')
INSERT [dbo].[KETQUA] ([MASV], [NAM], [DIEMTB], [XEPLOAI]) VALUES (535, 2013, 5, N'TB   ')
INSERT [dbo].[KETQUA] ([MASV], [NAM], [DIEMTB], [XEPLOAI]) VALUES (536, 2014, 6, N'TB   ')
INSERT [dbo].[KETQUA] ([MASV], [NAM], [DIEMTB], [XEPLOAI]) VALUES (537, 2014, 10, N'GIOI ')
INSERT [dbo].[KETQUA] ([MASV], [NAM], [DIEMTB], [XEPLOAI]) VALUES (538, 2013, 6.5, N'KHA  ')
INSERT [dbo].[KETQUA] ([MASV], [NAM], [DIEMTB], [XEPLOAI]) VALUES (539, 2015, 6, N'TB   ')
INSERT [dbo].[KETQUA] ([MASV], [NAM], [DIEMTB], [XEPLOAI]) VALUES (540, 2012, 8, N'GIOI ')
INSERT [dbo].[KETQUA] ([MASV], [NAM], [DIEMTB], [XEPLOAI]) VALUES (541, 2012, 10, N'GIOI ')
INSERT [dbo].[KETQUA] ([MASV], [NAM], [DIEMTB], [XEPLOAI]) VALUES (542, 2012, 8, N'GIOI ')
INSERT [dbo].[KETQUA] ([MASV], [NAM], [DIEMTB], [XEPLOAI]) VALUES (543, 2013, 5, N'TB   ')
INSERT [dbo].[KETQUA] ([MASV], [NAM], [DIEMTB], [XEPLOAI]) VALUES (544, 2013, 6, N'TB   ')
INSERT [dbo].[KETQUA] ([MASV], [NAM], [DIEMTB], [XEPLOAI]) VALUES (545, 2014, 6, N'TB   ')
INSERT [dbo].[KETQUA] ([MASV], [NAM], [DIEMTB], [XEPLOAI]) VALUES (546, 2014, 7, N'KHA  ')
INSERT [dbo].[KETQUA] ([MASV], [NAM], [DIEMTB], [XEPLOAI]) VALUES (547, 2014, 6, N'TB   ')
INSERT [dbo].[KETQUA] ([MASV], [NAM], [DIEMTB], [XEPLOAI]) VALUES (548, 2015, 7.5, N'KHA  ')
INSERT [dbo].[KETQUA] ([MASV], [NAM], [DIEMTB], [XEPLOAI]) VALUES (549, 2014, 6, N'TB   ')
INSERT [dbo].[KETQUA] ([MASV], [NAM], [DIEMTB], [XEPLOAI]) VALUES (550, 2012, 5.5, N'TB   ')
INSERT [dbo].[KETQUA] ([MASV], [NAM], [DIEMTB], [XEPLOAI]) VALUES (551, 2014, 5, N'TB   ')
INSERT [dbo].[KETQUA] ([MASV], [NAM], [DIEMTB], [XEPLOAI]) VALUES (552, 2012, 5, N'TB   ')
INSERT [dbo].[KETQUA] ([MASV], [NAM], [DIEMTB], [XEPLOAI]) VALUES (553, 2015, 7.5, N'KHA  ')
INSERT [dbo].[KETQUA] ([MASV], [NAM], [DIEMTB], [XEPLOAI]) VALUES (554, 2013, 6.5, N'KHA  ')
INSERT [dbo].[KETQUA] ([MASV], [NAM], [DIEMTB], [XEPLOAI]) VALUES (555, 2013, 10, N'GIOI ')
INSERT [dbo].[KETQUA] ([MASV], [NAM], [DIEMTB], [XEPLOAI]) VALUES (556, 2015, 7, N'KHA  ')
INSERT [dbo].[KETQUA] ([MASV], [NAM], [DIEMTB], [XEPLOAI]) VALUES (557, 2015, 6.5, N'KHA  ')
INSERT [dbo].[KETQUA] ([MASV], [NAM], [DIEMTB], [XEPLOAI]) VALUES (558, 2012, 9, N'GIOI ')
INSERT [dbo].[KETQUA] ([MASV], [NAM], [DIEMTB], [XEPLOAI]) VALUES (559, 2013, 7.5, N'KHA  ')
INSERT [dbo].[KETQUA] ([MASV], [NAM], [DIEMTB], [XEPLOAI]) VALUES (560, 2013, 8.5, N'GIOI ')
INSERT [dbo].[KETQUA] ([MASV], [NAM], [DIEMTB], [XEPLOAI]) VALUES (561, 2014, 8.5, N'GIOI ')
INSERT [dbo].[KETQUA] ([MASV], [NAM], [DIEMTB], [XEPLOAI]) VALUES (562, 2012, 7, N'KHA  ')
INSERT [dbo].[KETQUA] ([MASV], [NAM], [DIEMTB], [XEPLOAI]) VALUES (563, 2014, 9.5, N'GIOI ')
INSERT [dbo].[KETQUA] ([MASV], [NAM], [DIEMTB], [XEPLOAI]) VALUES (564, 2014, 6, N'TB   ')
INSERT [dbo].[KETQUA] ([MASV], [NAM], [DIEMTB], [XEPLOAI]) VALUES (565, 2014, 5.5, N'TB   ')
INSERT [dbo].[KETQUA] ([MASV], [NAM], [DIEMTB], [XEPLOAI]) VALUES (566, 2012, 6.5, N'KHA  ')
INSERT [dbo].[KETQUA] ([MASV], [NAM], [DIEMTB], [XEPLOAI]) VALUES (567, 2014, 8.5, N'GIOI ')
INSERT [dbo].[KETQUA] ([MASV], [NAM], [DIEMTB], [XEPLOAI]) VALUES (568, 2013, 7, N'KHA  ')
INSERT [dbo].[KETQUA] ([MASV], [NAM], [DIEMTB], [XEPLOAI]) VALUES (569, 2012, 9.5, N'GIOI ')
INSERT [dbo].[KETQUA] ([MASV], [NAM], [DIEMTB], [XEPLOAI]) VALUES (570, 2014, 9, N'GIOI ')
INSERT [dbo].[KETQUA] ([MASV], [NAM], [DIEMTB], [XEPLOAI]) VALUES (571, 2014, 9, N'GIOI ')
INSERT [dbo].[KETQUA] ([MASV], [NAM], [DIEMTB], [XEPLOAI]) VALUES (572, 2013, 7.5, N'KHA  ')
INSERT [dbo].[KETQUA] ([MASV], [NAM], [DIEMTB], [XEPLOAI]) VALUES (573, 2015, 8, N'GIOI ')
INSERT [dbo].[KETQUA] ([MASV], [NAM], [DIEMTB], [XEPLOAI]) VALUES (574, 2013, 6.5, N'KHA  ')
INSERT [dbo].[KETQUA] ([MASV], [NAM], [DIEMTB], [XEPLOAI]) VALUES (575, 2014, 6, N'TB   ')
INSERT [dbo].[KETQUA] ([MASV], [NAM], [DIEMTB], [XEPLOAI]) VALUES (576, 2015, 8, N'GIOI ')
INSERT [dbo].[KETQUA] ([MASV], [NAM], [DIEMTB], [XEPLOAI]) VALUES (577, 2015, 10, N'GIOI ')
INSERT [dbo].[KETQUA] ([MASV], [NAM], [DIEMTB], [XEPLOAI]) VALUES (578, 2014, 8, N'GIOI ')
INSERT [dbo].[KETQUA] ([MASV], [NAM], [DIEMTB], [XEPLOAI]) VALUES (579, 2013, 8, N'GIOI ')
INSERT [dbo].[KETQUA] ([MASV], [NAM], [DIEMTB], [XEPLOAI]) VALUES (580, 2013, 9.5, N'GIOI ')
INSERT [dbo].[KETQUA] ([MASV], [NAM], [DIEMTB], [XEPLOAI]) VALUES (581, 2015, 5.5, N'TB   ')
INSERT [dbo].[KETQUA] ([MASV], [NAM], [DIEMTB], [XEPLOAI]) VALUES (582, 2014, 6.5, N'KHA  ')
INSERT [dbo].[KETQUA] ([MASV], [NAM], [DIEMTB], [XEPLOAI]) VALUES (583, 2014, 7, N'KHA  ')
INSERT [dbo].[KETQUA] ([MASV], [NAM], [DIEMTB], [XEPLOAI]) VALUES (584, 2014, 9, N'GIOI ')
INSERT [dbo].[KETQUA] ([MASV], [NAM], [DIEMTB], [XEPLOAI]) VALUES (585, 2012, 5, N'TB   ')
INSERT [dbo].[KETQUA] ([MASV], [NAM], [DIEMTB], [XEPLOAI]) VALUES (586, 2014, 5.5, N'TB   ')
INSERT [dbo].[KETQUA] ([MASV], [NAM], [DIEMTB], [XEPLOAI]) VALUES (587, 2015, 9.5, N'GIOI ')
INSERT [dbo].[KETQUA] ([MASV], [NAM], [DIEMTB], [XEPLOAI]) VALUES (588, 2015, 7, N'KHA  ')
INSERT [dbo].[KETQUA] ([MASV], [NAM], [DIEMTB], [XEPLOAI]) VALUES (589, 2014, 5.5, N'TB   ')
INSERT [dbo].[KETQUA] ([MASV], [NAM], [DIEMTB], [XEPLOAI]) VALUES (590, 2015, 6.5, N'KHA  ')
INSERT [dbo].[KETQUA] ([MASV], [NAM], [DIEMTB], [XEPLOAI]) VALUES (591, 2015, 5, N'TB   ')
INSERT [dbo].[KETQUA] ([MASV], [NAM], [DIEMTB], [XEPLOAI]) VALUES (592, 2013, 10, N'GIOI ')
INSERT [dbo].[KETQUA] ([MASV], [NAM], [DIEMTB], [XEPLOAI]) VALUES (593, 2013, 7.5, N'KHA  ')
INSERT [dbo].[KETQUA] ([MASV], [NAM], [DIEMTB], [XEPLOAI]) VALUES (594, 2014, 8.5, N'GIOI ')
INSERT [dbo].[KETQUA] ([MASV], [NAM], [DIEMTB], [XEPLOAI]) VALUES (595, 2015, 9, N'GIOI ')
INSERT [dbo].[KETQUA] ([MASV], [NAM], [DIEMTB], [XEPLOAI]) VALUES (596, 2012, 6, N'TB   ')
INSERT [dbo].[KETQUA] ([MASV], [NAM], [DIEMTB], [XEPLOAI]) VALUES (597, 2013, 6, N'TB   ')
INSERT [dbo].[KETQUA] ([MASV], [NAM], [DIEMTB], [XEPLOAI]) VALUES (598, 2012, 7, N'KHA  ')
INSERT [dbo].[KETQUA] ([MASV], [NAM], [DIEMTB], [XEPLOAI]) VALUES (599, 2014, 5, N'TB   ')
INSERT [dbo].[KETQUA] ([MASV], [NAM], [DIEMTB], [XEPLOAI]) VALUES (600, 2012, 7.5, N'KHA  ')
GO
INSERT [dbo].[KETQUA] ([MASV], [NAM], [DIEMTB], [XEPLOAI]) VALUES (601, 2013, 7.5, N'KHA  ')
INSERT [dbo].[KETQUA] ([MASV], [NAM], [DIEMTB], [XEPLOAI]) VALUES (602, 2012, 5.5, N'TB   ')
INSERT [dbo].[KETQUA] ([MASV], [NAM], [DIEMTB], [XEPLOAI]) VALUES (603, 2014, 6.5, N'KHA  ')
INSERT [dbo].[KETQUA] ([MASV], [NAM], [DIEMTB], [XEPLOAI]) VALUES (604, 2015, 9.5, N'GIOI ')
INSERT [dbo].[KETQUA] ([MASV], [NAM], [DIEMTB], [XEPLOAI]) VALUES (605, 2013, 5.5, N'TB   ')
INSERT [dbo].[KETQUA] ([MASV], [NAM], [DIEMTB], [XEPLOAI]) VALUES (606, 2012, 9, N'GIOI ')
INSERT [dbo].[KETQUA] ([MASV], [NAM], [DIEMTB], [XEPLOAI]) VALUES (607, 2014, 7.5, N'KHA  ')
INSERT [dbo].[KETQUA] ([MASV], [NAM], [DIEMTB], [XEPLOAI]) VALUES (608, 2013, 10, N'GIOI ')
INSERT [dbo].[KETQUA] ([MASV], [NAM], [DIEMTB], [XEPLOAI]) VALUES (609, 2012, 8, N'GIOI ')
INSERT [dbo].[KETQUA] ([MASV], [NAM], [DIEMTB], [XEPLOAI]) VALUES (610, 2013, 10, N'GIOI ')
INSERT [dbo].[KETQUA] ([MASV], [NAM], [DIEMTB], [XEPLOAI]) VALUES (611, 2015, 8.5, N'GIOI ')
INSERT [dbo].[KETQUA] ([MASV], [NAM], [DIEMTB], [XEPLOAI]) VALUES (612, 2012, 5.5, N'TB   ')
INSERT [dbo].[KETQUA] ([MASV], [NAM], [DIEMTB], [XEPLOAI]) VALUES (613, 2012, 6.5, N'KHA  ')
INSERT [dbo].[KETQUA] ([MASV], [NAM], [DIEMTB], [XEPLOAI]) VALUES (614, 2013, 7, N'KHA  ')
INSERT [dbo].[KETQUA] ([MASV], [NAM], [DIEMTB], [XEPLOAI]) VALUES (615, 2014, 5.5, N'TB   ')
INSERT [dbo].[KETQUA] ([MASV], [NAM], [DIEMTB], [XEPLOAI]) VALUES (616, 2012, 9, N'GIOI ')
INSERT [dbo].[KETQUA] ([MASV], [NAM], [DIEMTB], [XEPLOAI]) VALUES (617, 2015, 5, N'TB   ')
INSERT [dbo].[KETQUA] ([MASV], [NAM], [DIEMTB], [XEPLOAI]) VALUES (618, 2014, 6.5, N'KHA  ')
INSERT [dbo].[KETQUA] ([MASV], [NAM], [DIEMTB], [XEPLOAI]) VALUES (619, 2012, 7.5, N'KHA  ')
INSERT [dbo].[KETQUA] ([MASV], [NAM], [DIEMTB], [XEPLOAI]) VALUES (620, 2014, 8, N'GIOI ')
INSERT [dbo].[KETQUA] ([MASV], [NAM], [DIEMTB], [XEPLOAI]) VALUES (621, 2012, 9, N'GIOI ')
INSERT [dbo].[KETQUA] ([MASV], [NAM], [DIEMTB], [XEPLOAI]) VALUES (622, 2013, 9.5, N'GIOI ')
INSERT [dbo].[KETQUA] ([MASV], [NAM], [DIEMTB], [XEPLOAI]) VALUES (623, 2012, 6, N'TB   ')
INSERT [dbo].[KETQUA] ([MASV], [NAM], [DIEMTB], [XEPLOAI]) VALUES (624, 2014, 10, N'GIOI ')
INSERT [dbo].[KETQUA] ([MASV], [NAM], [DIEMTB], [XEPLOAI]) VALUES (625, 2012, 6, N'TB   ')
INSERT [dbo].[KETQUA] ([MASV], [NAM], [DIEMTB], [XEPLOAI]) VALUES (626, 2014, 7.5, N'KHA  ')
INSERT [dbo].[KETQUA] ([MASV], [NAM], [DIEMTB], [XEPLOAI]) VALUES (627, 2013, 7, N'KHA  ')
INSERT [dbo].[KETQUA] ([MASV], [NAM], [DIEMTB], [XEPLOAI]) VALUES (628, 2013, 8, N'GIOI ')
INSERT [dbo].[KETQUA] ([MASV], [NAM], [DIEMTB], [XEPLOAI]) VALUES (629, 2013, 8, N'GIOI ')
INSERT [dbo].[KETQUA] ([MASV], [NAM], [DIEMTB], [XEPLOAI]) VALUES (630, 2014, 6.5, N'KHA  ')
INSERT [dbo].[KETQUA] ([MASV], [NAM], [DIEMTB], [XEPLOAI]) VALUES (631, 2013, 5, N'TB   ')
INSERT [dbo].[KETQUA] ([MASV], [NAM], [DIEMTB], [XEPLOAI]) VALUES (632, 2014, 6, N'TB   ')
INSERT [dbo].[KETQUA] ([MASV], [NAM], [DIEMTB], [XEPLOAI]) VALUES (633, 2012, 5.5, N'TB   ')
INSERT [dbo].[KETQUA] ([MASV], [NAM], [DIEMTB], [XEPLOAI]) VALUES (634, 2015, 6, N'TB   ')
INSERT [dbo].[KETQUA] ([MASV], [NAM], [DIEMTB], [XEPLOAI]) VALUES (635, 2014, 7, N'KHA  ')
INSERT [dbo].[KETQUA] ([MASV], [NAM], [DIEMTB], [XEPLOAI]) VALUES (636, 2015, 6, N'TB   ')
INSERT [dbo].[KETQUA] ([MASV], [NAM], [DIEMTB], [XEPLOAI]) VALUES (637, 2015, 5.5, N'TB   ')
INSERT [dbo].[KETQUA] ([MASV], [NAM], [DIEMTB], [XEPLOAI]) VALUES (638, 2012, 6.5, N'KHA  ')
INSERT [dbo].[KETQUA] ([MASV], [NAM], [DIEMTB], [XEPLOAI]) VALUES (639, 2014, 5.5, N'TB   ')
INSERT [dbo].[KETQUA] ([MASV], [NAM], [DIEMTB], [XEPLOAI]) VALUES (640, 2015, 6.5, N'KHA  ')
INSERT [dbo].[KETQUA] ([MASV], [NAM], [DIEMTB], [XEPLOAI]) VALUES (641, 2013, 7, N'KHA  ')
INSERT [dbo].[KETQUA] ([MASV], [NAM], [DIEMTB], [XEPLOAI]) VALUES (642, 2013, 9.5, N'GIOI ')
INSERT [dbo].[KETQUA] ([MASV], [NAM], [DIEMTB], [XEPLOAI]) VALUES (643, 2014, 10, N'GIOI ')
INSERT [dbo].[KETQUA] ([MASV], [NAM], [DIEMTB], [XEPLOAI]) VALUES (644, 2015, 8, N'GIOI ')
INSERT [dbo].[KETQUA] ([MASV], [NAM], [DIEMTB], [XEPLOAI]) VALUES (645, 2014, 9, N'GIOI ')
INSERT [dbo].[KETQUA] ([MASV], [NAM], [DIEMTB], [XEPLOAI]) VALUES (646, 2012, 8, N'GIOI ')
INSERT [dbo].[KETQUA] ([MASV], [NAM], [DIEMTB], [XEPLOAI]) VALUES (647, 2015, 8, N'GIOI ')
INSERT [dbo].[KETQUA] ([MASV], [NAM], [DIEMTB], [XEPLOAI]) VALUES (648, 2014, 6.5, N'KHA  ')
INSERT [dbo].[KETQUA] ([MASV], [NAM], [DIEMTB], [XEPLOAI]) VALUES (649, 2014, 9.5, N'GIOI ')
INSERT [dbo].[KETQUA] ([MASV], [NAM], [DIEMTB], [XEPLOAI]) VALUES (650, 2015, 6.5, N'KHA  ')
INSERT [dbo].[KETQUA] ([MASV], [NAM], [DIEMTB], [XEPLOAI]) VALUES (651, 2015, 5, N'TB   ')
INSERT [dbo].[KETQUA] ([MASV], [NAM], [DIEMTB], [XEPLOAI]) VALUES (652, 2013, 7.5, N'KHA  ')
INSERT [dbo].[KETQUA] ([MASV], [NAM], [DIEMTB], [XEPLOAI]) VALUES (653, 2013, 10, N'GIOI ')
INSERT [dbo].[KETQUA] ([MASV], [NAM], [DIEMTB], [XEPLOAI]) VALUES (654, 2013, 9.5, N'GIOI ')
INSERT [dbo].[KETQUA] ([MASV], [NAM], [DIEMTB], [XEPLOAI]) VALUES (655, 2014, 9, N'GIOI ')
INSERT [dbo].[KETQUA] ([MASV], [NAM], [DIEMTB], [XEPLOAI]) VALUES (656, 2013, 10, N'GIOI ')
INSERT [dbo].[KETQUA] ([MASV], [NAM], [DIEMTB], [XEPLOAI]) VALUES (657, 2014, 5.5, N'TB   ')
INSERT [dbo].[KETQUA] ([MASV], [NAM], [DIEMTB], [XEPLOAI]) VALUES (658, 2014, 7.5, N'KHA  ')
INSERT [dbo].[KETQUA] ([MASV], [NAM], [DIEMTB], [XEPLOAI]) VALUES (659, 2012, 6, N'TB   ')
INSERT [dbo].[KETQUA] ([MASV], [NAM], [DIEMTB], [XEPLOAI]) VALUES (660, 2013, 5, N'TB   ')
INSERT [dbo].[KETQUA] ([MASV], [NAM], [DIEMTB], [XEPLOAI]) VALUES (661, 2012, 5, N'TB   ')
INSERT [dbo].[KETQUA] ([MASV], [NAM], [DIEMTB], [XEPLOAI]) VALUES (662, 2012, 8.5, N'GIOI ')
INSERT [dbo].[KETQUA] ([MASV], [NAM], [DIEMTB], [XEPLOAI]) VALUES (663, 2014, 7, N'KHA  ')
INSERT [dbo].[KETQUA] ([MASV], [NAM], [DIEMTB], [XEPLOAI]) VALUES (664, 2012, 6.5, N'KHA  ')
INSERT [dbo].[KETQUA] ([MASV], [NAM], [DIEMTB], [XEPLOAI]) VALUES (665, 2012, 5.5, N'TB   ')
INSERT [dbo].[KETQUA] ([MASV], [NAM], [DIEMTB], [XEPLOAI]) VALUES (666, 2014, 6.5, N'KHA  ')
INSERT [dbo].[KETQUA] ([MASV], [NAM], [DIEMTB], [XEPLOAI]) VALUES (667, 2012, 9.5, N'GIOI ')
INSERT [dbo].[KETQUA] ([MASV], [NAM], [DIEMTB], [XEPLOAI]) VALUES (668, 2012, 8, N'GIOI ')
INSERT [dbo].[KETQUA] ([MASV], [NAM], [DIEMTB], [XEPLOAI]) VALUES (669, 2014, 10, N'GIOI ')
INSERT [dbo].[KETQUA] ([MASV], [NAM], [DIEMTB], [XEPLOAI]) VALUES (670, 2014, 6.5, N'KHA  ')
INSERT [dbo].[KETQUA] ([MASV], [NAM], [DIEMTB], [XEPLOAI]) VALUES (671, 2014, 7.5, N'KHA  ')
INSERT [dbo].[KETQUA] ([MASV], [NAM], [DIEMTB], [XEPLOAI]) VALUES (672, 2014, 8.5, N'GIOI ')
INSERT [dbo].[KETQUA] ([MASV], [NAM], [DIEMTB], [XEPLOAI]) VALUES (673, 2015, 7, N'KHA  ')
INSERT [dbo].[KETQUA] ([MASV], [NAM], [DIEMTB], [XEPLOAI]) VALUES (674, 2015, 6, N'TB   ')
INSERT [dbo].[KETQUA] ([MASV], [NAM], [DIEMTB], [XEPLOAI]) VALUES (675, 2014, 8.5, N'GIOI ')
INSERT [dbo].[KETQUA] ([MASV], [NAM], [DIEMTB], [XEPLOAI]) VALUES (676, 2014, 8.5, N'GIOI ')
INSERT [dbo].[KETQUA] ([MASV], [NAM], [DIEMTB], [XEPLOAI]) VALUES (677, 2014, 6.5, N'KHA  ')
INSERT [dbo].[KETQUA] ([MASV], [NAM], [DIEMTB], [XEPLOAI]) VALUES (678, 2014, 5, N'TB   ')
INSERT [dbo].[KETQUA] ([MASV], [NAM], [DIEMTB], [XEPLOAI]) VALUES (679, 2015, 7, N'KHA  ')
INSERT [dbo].[KETQUA] ([MASV], [NAM], [DIEMTB], [XEPLOAI]) VALUES (680, 2014, 7.5, N'KHA  ')
INSERT [dbo].[KETQUA] ([MASV], [NAM], [DIEMTB], [XEPLOAI]) VALUES (681, 2012, 10, N'GIOI ')
INSERT [dbo].[KETQUA] ([MASV], [NAM], [DIEMTB], [XEPLOAI]) VALUES (682, 2015, 6.5, N'KHA  ')
INSERT [dbo].[KETQUA] ([MASV], [NAM], [DIEMTB], [XEPLOAI]) VALUES (683, 2015, 5, N'TB   ')
INSERT [dbo].[KETQUA] ([MASV], [NAM], [DIEMTB], [XEPLOAI]) VALUES (684, 2015, 7.5, N'KHA  ')
INSERT [dbo].[KETQUA] ([MASV], [NAM], [DIEMTB], [XEPLOAI]) VALUES (685, 2013, 6, N'TB   ')
INSERT [dbo].[KETQUA] ([MASV], [NAM], [DIEMTB], [XEPLOAI]) VALUES (686, 2015, 6, N'TB   ')
INSERT [dbo].[KETQUA] ([MASV], [NAM], [DIEMTB], [XEPLOAI]) VALUES (687, 2014, 9.5, N'GIOI ')
INSERT [dbo].[KETQUA] ([MASV], [NAM], [DIEMTB], [XEPLOAI]) VALUES (688, 2013, 6, N'TB   ')
INSERT [dbo].[KETQUA] ([MASV], [NAM], [DIEMTB], [XEPLOAI]) VALUES (689, 2013, 8, N'GIOI ')
INSERT [dbo].[KETQUA] ([MASV], [NAM], [DIEMTB], [XEPLOAI]) VALUES (690, 2013, 8, N'GIOI ')
INSERT [dbo].[KETQUA] ([MASV], [NAM], [DIEMTB], [XEPLOAI]) VALUES (691, 2013, 9, N'GIOI ')
INSERT [dbo].[KETQUA] ([MASV], [NAM], [DIEMTB], [XEPLOAI]) VALUES (692, 2015, 5, N'TB   ')
INSERT [dbo].[KETQUA] ([MASV], [NAM], [DIEMTB], [XEPLOAI]) VALUES (693, 2012, 10, N'GIOI ')
INSERT [dbo].[KETQUA] ([MASV], [NAM], [DIEMTB], [XEPLOAI]) VALUES (694, 2014, 5.5, N'TB   ')
INSERT [dbo].[KETQUA] ([MASV], [NAM], [DIEMTB], [XEPLOAI]) VALUES (695, 2012, 6.5, N'KHA  ')
INSERT [dbo].[KETQUA] ([MASV], [NAM], [DIEMTB], [XEPLOAI]) VALUES (696, 2012, 9.5, N'GIOI ')
INSERT [dbo].[KETQUA] ([MASV], [NAM], [DIEMTB], [XEPLOAI]) VALUES (697, 2012, 6, N'TB   ')
INSERT [dbo].[KETQUA] ([MASV], [NAM], [DIEMTB], [XEPLOAI]) VALUES (698, 2013, 7, N'KHA  ')
INSERT [dbo].[KETQUA] ([MASV], [NAM], [DIEMTB], [XEPLOAI]) VALUES (699, 2013, 5.5, N'TB   ')
INSERT [dbo].[KETQUA] ([MASV], [NAM], [DIEMTB], [XEPLOAI]) VALUES (700, 2015, 5.5, N'TB   ')
GO
INSERT [dbo].[KETQUA] ([MASV], [NAM], [DIEMTB], [XEPLOAI]) VALUES (701, 2013, 5.5, N'TB   ')
INSERT [dbo].[KETQUA] ([MASV], [NAM], [DIEMTB], [XEPLOAI]) VALUES (702, 2014, 9, N'GIOI ')
INSERT [dbo].[KETQUA] ([MASV], [NAM], [DIEMTB], [XEPLOAI]) VALUES (703, 2012, 6.5, N'KHA  ')
INSERT [dbo].[KETQUA] ([MASV], [NAM], [DIEMTB], [XEPLOAI]) VALUES (704, 2013, 8, N'GIOI ')
INSERT [dbo].[KETQUA] ([MASV], [NAM], [DIEMTB], [XEPLOAI]) VALUES (705, 2015, 8, N'GIOI ')
INSERT [dbo].[KETQUA] ([MASV], [NAM], [DIEMTB], [XEPLOAI]) VALUES (706, 2014, 10, N'GIOI ')
INSERT [dbo].[KETQUA] ([MASV], [NAM], [DIEMTB], [XEPLOAI]) VALUES (707, 2012, 9, N'GIOI ')
INSERT [dbo].[KETQUA] ([MASV], [NAM], [DIEMTB], [XEPLOAI]) VALUES (708, 2015, 9.5, N'GIOI ')
INSERT [dbo].[KETQUA] ([MASV], [NAM], [DIEMTB], [XEPLOAI]) VALUES (709, 2013, 5.5, N'TB   ')
INSERT [dbo].[KETQUA] ([MASV], [NAM], [DIEMTB], [XEPLOAI]) VALUES (710, 2013, 5, N'TB   ')
INSERT [dbo].[KETQUA] ([MASV], [NAM], [DIEMTB], [XEPLOAI]) VALUES (711, 2014, 5, N'TB   ')
INSERT [dbo].[KETQUA] ([MASV], [NAM], [DIEMTB], [XEPLOAI]) VALUES (712, 2013, 7.5, N'KHA  ')
INSERT [dbo].[KETQUA] ([MASV], [NAM], [DIEMTB], [XEPLOAI]) VALUES (713, 2013, 9, N'GIOI ')
INSERT [dbo].[KETQUA] ([MASV], [NAM], [DIEMTB], [XEPLOAI]) VALUES (714, 2013, 8.5, N'GIOI ')
INSERT [dbo].[KETQUA] ([MASV], [NAM], [DIEMTB], [XEPLOAI]) VALUES (715, 2013, 8.5, N'GIOI ')
INSERT [dbo].[KETQUA] ([MASV], [NAM], [DIEMTB], [XEPLOAI]) VALUES (716, 2013, 6, N'TB   ')
INSERT [dbo].[KETQUA] ([MASV], [NAM], [DIEMTB], [XEPLOAI]) VALUES (717, 2015, 8.5, N'GIOI ')
INSERT [dbo].[KETQUA] ([MASV], [NAM], [DIEMTB], [XEPLOAI]) VALUES (718, 2013, 9, N'GIOI ')
INSERT [dbo].[KETQUA] ([MASV], [NAM], [DIEMTB], [XEPLOAI]) VALUES (719, 2015, 5.5, N'TB   ')
INSERT [dbo].[KETQUA] ([MASV], [NAM], [DIEMTB], [XEPLOAI]) VALUES (720, 2014, 6.5, N'KHA  ')
INSERT [dbo].[KETQUA] ([MASV], [NAM], [DIEMTB], [XEPLOAI]) VALUES (721, 2012, 6, N'TB   ')
INSERT [dbo].[KETQUA] ([MASV], [NAM], [DIEMTB], [XEPLOAI]) VALUES (722, 2014, 5.5, N'TB   ')
INSERT [dbo].[KETQUA] ([MASV], [NAM], [DIEMTB], [XEPLOAI]) VALUES (723, 2012, 10, N'GIOI ')
INSERT [dbo].[KETQUA] ([MASV], [NAM], [DIEMTB], [XEPLOAI]) VALUES (724, 2014, 8, N'GIOI ')
INSERT [dbo].[KETQUA] ([MASV], [NAM], [DIEMTB], [XEPLOAI]) VALUES (725, 2013, 6, N'TB   ')
INSERT [dbo].[KETQUA] ([MASV], [NAM], [DIEMTB], [XEPLOAI]) VALUES (726, 2013, 8, N'GIOI ')
INSERT [dbo].[KETQUA] ([MASV], [NAM], [DIEMTB], [XEPLOAI]) VALUES (727, 2012, 5, N'TB   ')
INSERT [dbo].[KETQUA] ([MASV], [NAM], [DIEMTB], [XEPLOAI]) VALUES (728, 2012, 7.5, N'KHA  ')
INSERT [dbo].[KETQUA] ([MASV], [NAM], [DIEMTB], [XEPLOAI]) VALUES (729, 2012, 5.5, N'TB   ')
INSERT [dbo].[KETQUA] ([MASV], [NAM], [DIEMTB], [XEPLOAI]) VALUES (730, 2014, 7, N'KHA  ')
INSERT [dbo].[KETQUA] ([MASV], [NAM], [DIEMTB], [XEPLOAI]) VALUES (731, 2012, 10, N'GIOI ')
INSERT [dbo].[KETQUA] ([MASV], [NAM], [DIEMTB], [XEPLOAI]) VALUES (732, 2013, 10, N'GIOI ')
INSERT [dbo].[KETQUA] ([MASV], [NAM], [DIEMTB], [XEPLOAI]) VALUES (733, 2013, 6, N'TB   ')
INSERT [dbo].[KETQUA] ([MASV], [NAM], [DIEMTB], [XEPLOAI]) VALUES (734, 2012, 7, N'KHA  ')
INSERT [dbo].[KETQUA] ([MASV], [NAM], [DIEMTB], [XEPLOAI]) VALUES (735, 2013, 6.5, N'KHA  ')
INSERT [dbo].[KETQUA] ([MASV], [NAM], [DIEMTB], [XEPLOAI]) VALUES (736, 2012, 8, N'GIOI ')
INSERT [dbo].[KETQUA] ([MASV], [NAM], [DIEMTB], [XEPLOAI]) VALUES (737, 2012, 10, N'GIOI ')
INSERT [dbo].[KETQUA] ([MASV], [NAM], [DIEMTB], [XEPLOAI]) VALUES (738, 2015, 9, N'GIOI ')
INSERT [dbo].[KETQUA] ([MASV], [NAM], [DIEMTB], [XEPLOAI]) VALUES (739, 2015, 8.5, N'GIOI ')
INSERT [dbo].[KETQUA] ([MASV], [NAM], [DIEMTB], [XEPLOAI]) VALUES (740, 2014, 10, N'GIOI ')
INSERT [dbo].[KETQUA] ([MASV], [NAM], [DIEMTB], [XEPLOAI]) VALUES (741, 2013, 6.5, N'KHA  ')
INSERT [dbo].[KETQUA] ([MASV], [NAM], [DIEMTB], [XEPLOAI]) VALUES (742, 2014, 6, N'TB   ')
INSERT [dbo].[KETQUA] ([MASV], [NAM], [DIEMTB], [XEPLOAI]) VALUES (743, 2012, 5, N'TB   ')
INSERT [dbo].[KETQUA] ([MASV], [NAM], [DIEMTB], [XEPLOAI]) VALUES (744, 2012, 8.5, N'GIOI ')
INSERT [dbo].[KETQUA] ([MASV], [NAM], [DIEMTB], [XEPLOAI]) VALUES (745, 2013, 7.5, N'KHA  ')
INSERT [dbo].[KETQUA] ([MASV], [NAM], [DIEMTB], [XEPLOAI]) VALUES (746, 2012, 5.5, N'TB   ')
INSERT [dbo].[KETQUA] ([MASV], [NAM], [DIEMTB], [XEPLOAI]) VALUES (747, 2012, 8.5, N'GIOI ')
INSERT [dbo].[KETQUA] ([MASV], [NAM], [DIEMTB], [XEPLOAI]) VALUES (748, 2013, 10, N'GIOI ')
INSERT [dbo].[KETQUA] ([MASV], [NAM], [DIEMTB], [XEPLOAI]) VALUES (749, 2013, 6.5, N'KHA  ')
INSERT [dbo].[KETQUA] ([MASV], [NAM], [DIEMTB], [XEPLOAI]) VALUES (750, 2015, 6.5, N'KHA  ')
INSERT [dbo].[KETQUA] ([MASV], [NAM], [DIEMTB], [XEPLOAI]) VALUES (751, 2013, 7.5, N'KHA  ')
INSERT [dbo].[KETQUA] ([MASV], [NAM], [DIEMTB], [XEPLOAI]) VALUES (752, 2012, 8.5, N'GIOI ')
INSERT [dbo].[KETQUA] ([MASV], [NAM], [DIEMTB], [XEPLOAI]) VALUES (753, 2013, 5, N'TB   ')
INSERT [dbo].[KETQUA] ([MASV], [NAM], [DIEMTB], [XEPLOAI]) VALUES (754, 2012, 7.5, N'KHA  ')
INSERT [dbo].[KETQUA] ([MASV], [NAM], [DIEMTB], [XEPLOAI]) VALUES (755, 2015, 5.5, N'TB   ')
INSERT [dbo].[KETQUA] ([MASV], [NAM], [DIEMTB], [XEPLOAI]) VALUES (756, 2014, 10, N'GIOI ')
INSERT [dbo].[KETQUA] ([MASV], [NAM], [DIEMTB], [XEPLOAI]) VALUES (757, 2013, 5.5, N'TB   ')
INSERT [dbo].[KETQUA] ([MASV], [NAM], [DIEMTB], [XEPLOAI]) VALUES (758, 2013, 9, N'GIOI ')
INSERT [dbo].[KETQUA] ([MASV], [NAM], [DIEMTB], [XEPLOAI]) VALUES (759, 2014, 9.5, N'GIOI ')
INSERT [dbo].[KETQUA] ([MASV], [NAM], [DIEMTB], [XEPLOAI]) VALUES (760, 2015, 6, N'TB   ')
INSERT [dbo].[KETQUA] ([MASV], [NAM], [DIEMTB], [XEPLOAI]) VALUES (761, 2014, 7.5, N'KHA  ')
INSERT [dbo].[KETQUA] ([MASV], [NAM], [DIEMTB], [XEPLOAI]) VALUES (762, 2014, 7.5, N'KHA  ')
INSERT [dbo].[KETQUA] ([MASV], [NAM], [DIEMTB], [XEPLOAI]) VALUES (763, 2014, 8.5, N'GIOI ')
INSERT [dbo].[KETQUA] ([MASV], [NAM], [DIEMTB], [XEPLOAI]) VALUES (764, 2015, 7.5, N'KHA  ')
INSERT [dbo].[KETQUA] ([MASV], [NAM], [DIEMTB], [XEPLOAI]) VALUES (765, 2012, 7, N'KHA  ')
INSERT [dbo].[KETQUA] ([MASV], [NAM], [DIEMTB], [XEPLOAI]) VALUES (766, 2015, 7, N'KHA  ')
INSERT [dbo].[KETQUA] ([MASV], [NAM], [DIEMTB], [XEPLOAI]) VALUES (767, 2014, 8.5, N'GIOI ')
INSERT [dbo].[KETQUA] ([MASV], [NAM], [DIEMTB], [XEPLOAI]) VALUES (768, 2014, 6, N'TB   ')
INSERT [dbo].[KETQUA] ([MASV], [NAM], [DIEMTB], [XEPLOAI]) VALUES (769, 2013, 5.5, N'TB   ')
INSERT [dbo].[KETQUA] ([MASV], [NAM], [DIEMTB], [XEPLOAI]) VALUES (770, 2012, 7, N'KHA  ')
INSERT [dbo].[KETQUA] ([MASV], [NAM], [DIEMTB], [XEPLOAI]) VALUES (771, 2012, 8, N'GIOI ')
INSERT [dbo].[KETQUA] ([MASV], [NAM], [DIEMTB], [XEPLOAI]) VALUES (772, 2013, 8.5, N'GIOI ')
INSERT [dbo].[KETQUA] ([MASV], [NAM], [DIEMTB], [XEPLOAI]) VALUES (773, 2013, 6, N'TB   ')
INSERT [dbo].[KETQUA] ([MASV], [NAM], [DIEMTB], [XEPLOAI]) VALUES (774, 2015, 8.5, N'GIOI ')
INSERT [dbo].[KETQUA] ([MASV], [NAM], [DIEMTB], [XEPLOAI]) VALUES (775, 2014, 8.5, N'GIOI ')
INSERT [dbo].[KETQUA] ([MASV], [NAM], [DIEMTB], [XEPLOAI]) VALUES (776, 2014, 9, N'GIOI ')
INSERT [dbo].[KETQUA] ([MASV], [NAM], [DIEMTB], [XEPLOAI]) VALUES (777, 2015, 10, N'GIOI ')
INSERT [dbo].[KETQUA] ([MASV], [NAM], [DIEMTB], [XEPLOAI]) VALUES (778, 2013, 5, N'TB   ')
INSERT [dbo].[KETQUA] ([MASV], [NAM], [DIEMTB], [XEPLOAI]) VALUES (779, 2014, 9.5, N'GIOI ')
INSERT [dbo].[KETQUA] ([MASV], [NAM], [DIEMTB], [XEPLOAI]) VALUES (780, 2012, 5.5, N'TB   ')
INSERT [dbo].[KETQUA] ([MASV], [NAM], [DIEMTB], [XEPLOAI]) VALUES (781, 2015, 10, N'GIOI ')
INSERT [dbo].[KETQUA] ([MASV], [NAM], [DIEMTB], [XEPLOAI]) VALUES (782, 2013, 6, N'TB   ')
INSERT [dbo].[KETQUA] ([MASV], [NAM], [DIEMTB], [XEPLOAI]) VALUES (783, 2012, 7.5, N'KHA  ')
INSERT [dbo].[KETQUA] ([MASV], [NAM], [DIEMTB], [XEPLOAI]) VALUES (784, 2015, 5, N'TB   ')
INSERT [dbo].[KETQUA] ([MASV], [NAM], [DIEMTB], [XEPLOAI]) VALUES (785, 2013, 9, N'GIOI ')
INSERT [dbo].[KETQUA] ([MASV], [NAM], [DIEMTB], [XEPLOAI]) VALUES (786, 2012, 5, N'TB   ')
INSERT [dbo].[KETQUA] ([MASV], [NAM], [DIEMTB], [XEPLOAI]) VALUES (787, 2014, 8.5, N'GIOI ')
INSERT [dbo].[KETQUA] ([MASV], [NAM], [DIEMTB], [XEPLOAI]) VALUES (788, 2014, 8.5, N'GIOI ')
INSERT [dbo].[KETQUA] ([MASV], [NAM], [DIEMTB], [XEPLOAI]) VALUES (789, 2012, 8, N'GIOI ')
INSERT [dbo].[KETQUA] ([MASV], [NAM], [DIEMTB], [XEPLOAI]) VALUES (790, 2014, 7, N'KHA  ')
INSERT [dbo].[KETQUA] ([MASV], [NAM], [DIEMTB], [XEPLOAI]) VALUES (791, 2014, 9.5, N'GIOI ')
INSERT [dbo].[KETQUA] ([MASV], [NAM], [DIEMTB], [XEPLOAI]) VALUES (792, 2013, 5.5, N'TB   ')
INSERT [dbo].[KETQUA] ([MASV], [NAM], [DIEMTB], [XEPLOAI]) VALUES (793, 2015, 5, N'TB   ')
INSERT [dbo].[KETQUA] ([MASV], [NAM], [DIEMTB], [XEPLOAI]) VALUES (794, 2015, 8.5, N'GIOI ')
INSERT [dbo].[KETQUA] ([MASV], [NAM], [DIEMTB], [XEPLOAI]) VALUES (795, 2014, 9, N'GIOI ')
INSERT [dbo].[KETQUA] ([MASV], [NAM], [DIEMTB], [XEPLOAI]) VALUES (796, 2012, 9.5, N'GIOI ')
INSERT [dbo].[KETQUA] ([MASV], [NAM], [DIEMTB], [XEPLOAI]) VALUES (797, 2015, 7.5, N'KHA  ')
INSERT [dbo].[KETQUA] ([MASV], [NAM], [DIEMTB], [XEPLOAI]) VALUES (798, 2015, 7, N'KHA  ')
INSERT [dbo].[KETQUA] ([MASV], [NAM], [DIEMTB], [XEPLOAI]) VALUES (799, 2014, 5, N'TB   ')
INSERT [dbo].[KETQUA] ([MASV], [NAM], [DIEMTB], [XEPLOAI]) VALUES (800, 2014, 5.5, N'TB   ')
GO
INSERT [dbo].[KETQUA] ([MASV], [NAM], [DIEMTB], [XEPLOAI]) VALUES (801, 2015, 9, N'GIOI ')
INSERT [dbo].[KETQUA] ([MASV], [NAM], [DIEMTB], [XEPLOAI]) VALUES (802, 2015, 10, N'GIOI ')
INSERT [dbo].[KETQUA] ([MASV], [NAM], [DIEMTB], [XEPLOAI]) VALUES (803, 2014, 9, N'GIOI ')
INSERT [dbo].[KETQUA] ([MASV], [NAM], [DIEMTB], [XEPLOAI]) VALUES (804, 2014, 9.5, N'GIOI ')
INSERT [dbo].[KETQUA] ([MASV], [NAM], [DIEMTB], [XEPLOAI]) VALUES (805, 2013, 6.5, N'KHA  ')
INSERT [dbo].[KETQUA] ([MASV], [NAM], [DIEMTB], [XEPLOAI]) VALUES (806, 2014, 7.5, N'KHA  ')
INSERT [dbo].[KETQUA] ([MASV], [NAM], [DIEMTB], [XEPLOAI]) VALUES (807, 2012, 10, N'GIOI ')
INSERT [dbo].[KETQUA] ([MASV], [NAM], [DIEMTB], [XEPLOAI]) VALUES (808, 2015, 9.5, N'GIOI ')
INSERT [dbo].[KETQUA] ([MASV], [NAM], [DIEMTB], [XEPLOAI]) VALUES (809, 2015, 10, N'GIOI ')
INSERT [dbo].[KETQUA] ([MASV], [NAM], [DIEMTB], [XEPLOAI]) VALUES (810, 2013, 10, N'GIOI ')
INSERT [dbo].[KETQUA] ([MASV], [NAM], [DIEMTB], [XEPLOAI]) VALUES (811, 2014, 8, N'GIOI ')
INSERT [dbo].[KETQUA] ([MASV], [NAM], [DIEMTB], [XEPLOAI]) VALUES (812, 2015, 5.5, N'TB   ')
INSERT [dbo].[KETQUA] ([MASV], [NAM], [DIEMTB], [XEPLOAI]) VALUES (813, 2014, 8.5, N'GIOI ')
INSERT [dbo].[KETQUA] ([MASV], [NAM], [DIEMTB], [XEPLOAI]) VALUES (814, 2012, 9, N'GIOI ')
INSERT [dbo].[KETQUA] ([MASV], [NAM], [DIEMTB], [XEPLOAI]) VALUES (815, 2012, 9.5, N'GIOI ')
INSERT [dbo].[KETQUA] ([MASV], [NAM], [DIEMTB], [XEPLOAI]) VALUES (816, 2014, 6.5, N'KHA  ')
INSERT [dbo].[KETQUA] ([MASV], [NAM], [DIEMTB], [XEPLOAI]) VALUES (817, 2015, 8.5, N'GIOI ')
INSERT [dbo].[KETQUA] ([MASV], [NAM], [DIEMTB], [XEPLOAI]) VALUES (818, 2013, 5.5, N'TB   ')
INSERT [dbo].[KETQUA] ([MASV], [NAM], [DIEMTB], [XEPLOAI]) VALUES (819, 2012, 9.5, N'GIOI ')
INSERT [dbo].[KETQUA] ([MASV], [NAM], [DIEMTB], [XEPLOAI]) VALUES (820, 2015, 10, N'GIOI ')
INSERT [dbo].[KETQUA] ([MASV], [NAM], [DIEMTB], [XEPLOAI]) VALUES (821, 2013, 9, N'GIOI ')
INSERT [dbo].[KETQUA] ([MASV], [NAM], [DIEMTB], [XEPLOAI]) VALUES (822, 2012, 6, N'TB   ')
INSERT [dbo].[KETQUA] ([MASV], [NAM], [DIEMTB], [XEPLOAI]) VALUES (823, 2012, 10, N'GIOI ')
INSERT [dbo].[KETQUA] ([MASV], [NAM], [DIEMTB], [XEPLOAI]) VALUES (824, 2012, 5.5, N'TB   ')
INSERT [dbo].[KETQUA] ([MASV], [NAM], [DIEMTB], [XEPLOAI]) VALUES (825, 2015, 7.5, N'KHA  ')
INSERT [dbo].[KETQUA] ([MASV], [NAM], [DIEMTB], [XEPLOAI]) VALUES (826, 2015, 9, N'GIOI ')
INSERT [dbo].[KETQUA] ([MASV], [NAM], [DIEMTB], [XEPLOAI]) VALUES (827, 2013, 6, N'TB   ')
INSERT [dbo].[KETQUA] ([MASV], [NAM], [DIEMTB], [XEPLOAI]) VALUES (828, 2013, 6, N'TB   ')
INSERT [dbo].[KETQUA] ([MASV], [NAM], [DIEMTB], [XEPLOAI]) VALUES (829, 2014, 9.5, N'GIOI ')
INSERT [dbo].[KETQUA] ([MASV], [NAM], [DIEMTB], [XEPLOAI]) VALUES (830, 2014, 9.5, N'GIOI ')
INSERT [dbo].[KETQUA] ([MASV], [NAM], [DIEMTB], [XEPLOAI]) VALUES (831, 2014, 7.5, N'KHA  ')
INSERT [dbo].[KETQUA] ([MASV], [NAM], [DIEMTB], [XEPLOAI]) VALUES (832, 2013, 5.5, N'TB   ')
INSERT [dbo].[KETQUA] ([MASV], [NAM], [DIEMTB], [XEPLOAI]) VALUES (833, 2014, 5.5, N'TB   ')
INSERT [dbo].[KETQUA] ([MASV], [NAM], [DIEMTB], [XEPLOAI]) VALUES (834, 2013, 5.5, N'TB   ')
INSERT [dbo].[KETQUA] ([MASV], [NAM], [DIEMTB], [XEPLOAI]) VALUES (835, 2013, 10, N'GIOI ')
INSERT [dbo].[KETQUA] ([MASV], [NAM], [DIEMTB], [XEPLOAI]) VALUES (836, 2013, 8, N'GIOI ')
INSERT [dbo].[KETQUA] ([MASV], [NAM], [DIEMTB], [XEPLOAI]) VALUES (837, 2014, 7, N'KHA  ')
INSERT [dbo].[KETQUA] ([MASV], [NAM], [DIEMTB], [XEPLOAI]) VALUES (838, 2014, 5.5, N'TB   ')
INSERT [dbo].[KETQUA] ([MASV], [NAM], [DIEMTB], [XEPLOAI]) VALUES (839, 2015, 8.5, N'GIOI ')
INSERT [dbo].[KETQUA] ([MASV], [NAM], [DIEMTB], [XEPLOAI]) VALUES (840, 2012, 6, N'TB   ')
INSERT [dbo].[KETQUA] ([MASV], [NAM], [DIEMTB], [XEPLOAI]) VALUES (841, 2014, 5, N'TB   ')
INSERT [dbo].[KETQUA] ([MASV], [NAM], [DIEMTB], [XEPLOAI]) VALUES (842, 2012, 10, N'GIOI ')
INSERT [dbo].[KETQUA] ([MASV], [NAM], [DIEMTB], [XEPLOAI]) VALUES (843, 2012, 7, N'KHA  ')
INSERT [dbo].[KETQUA] ([MASV], [NAM], [DIEMTB], [XEPLOAI]) VALUES (844, 2013, 5.5, N'TB   ')
INSERT [dbo].[KETQUA] ([MASV], [NAM], [DIEMTB], [XEPLOAI]) VALUES (845, 2015, 5.5, N'TB   ')
INSERT [dbo].[KETQUA] ([MASV], [NAM], [DIEMTB], [XEPLOAI]) VALUES (846, 2014, 5.5, N'TB   ')
INSERT [dbo].[KETQUA] ([MASV], [NAM], [DIEMTB], [XEPLOAI]) VALUES (847, 2013, 10, N'GIOI ')
INSERT [dbo].[KETQUA] ([MASV], [NAM], [DIEMTB], [XEPLOAI]) VALUES (848, 2014, 5.5, N'TB   ')
INSERT [dbo].[KETQUA] ([MASV], [NAM], [DIEMTB], [XEPLOAI]) VALUES (849, 2014, 5, N'TB   ')
INSERT [dbo].[KETQUA] ([MASV], [NAM], [DIEMTB], [XEPLOAI]) VALUES (850, 2012, 8, N'GIOI ')
INSERT [dbo].[KETQUA] ([MASV], [NAM], [DIEMTB], [XEPLOAI]) VALUES (851, 2014, 7.5, N'KHA  ')
INSERT [dbo].[KETQUA] ([MASV], [NAM], [DIEMTB], [XEPLOAI]) VALUES (852, 2012, 6, N'TB   ')
INSERT [dbo].[KETQUA] ([MASV], [NAM], [DIEMTB], [XEPLOAI]) VALUES (853, 2015, 8, N'GIOI ')
INSERT [dbo].[KETQUA] ([MASV], [NAM], [DIEMTB], [XEPLOAI]) VALUES (854, 2015, 10, N'GIOI ')
INSERT [dbo].[KETQUA] ([MASV], [NAM], [DIEMTB], [XEPLOAI]) VALUES (855, 2013, 5.5, N'TB   ')
INSERT [dbo].[KETQUA] ([MASV], [NAM], [DIEMTB], [XEPLOAI]) VALUES (856, 2014, 6.5, N'KHA  ')
INSERT [dbo].[KETQUA] ([MASV], [NAM], [DIEMTB], [XEPLOAI]) VALUES (857, 2012, 7, N'KHA  ')
INSERT [dbo].[KETQUA] ([MASV], [NAM], [DIEMTB], [XEPLOAI]) VALUES (858, 2012, 7.5, N'KHA  ')
INSERT [dbo].[KETQUA] ([MASV], [NAM], [DIEMTB], [XEPLOAI]) VALUES (859, 2012, 9.5, N'GIOI ')
INSERT [dbo].[KETQUA] ([MASV], [NAM], [DIEMTB], [XEPLOAI]) VALUES (860, 2012, 9, N'GIOI ')
INSERT [dbo].[KETQUA] ([MASV], [NAM], [DIEMTB], [XEPLOAI]) VALUES (861, 2014, 7, N'KHA  ')
INSERT [dbo].[KETQUA] ([MASV], [NAM], [DIEMTB], [XEPLOAI]) VALUES (862, 2012, 7.5, N'KHA  ')
INSERT [dbo].[KETQUA] ([MASV], [NAM], [DIEMTB], [XEPLOAI]) VALUES (863, 2015, 7.5, N'KHA  ')
INSERT [dbo].[KETQUA] ([MASV], [NAM], [DIEMTB], [XEPLOAI]) VALUES (864, 2013, 9.5, N'GIOI ')
INSERT [dbo].[KETQUA] ([MASV], [NAM], [DIEMTB], [XEPLOAI]) VALUES (865, 2012, 5.5, N'TB   ')
INSERT [dbo].[KETQUA] ([MASV], [NAM], [DIEMTB], [XEPLOAI]) VALUES (866, 2015, 8.5, N'GIOI ')
INSERT [dbo].[KETQUA] ([MASV], [NAM], [DIEMTB], [XEPLOAI]) VALUES (867, 2013, 7.5, N'KHA  ')
INSERT [dbo].[KETQUA] ([MASV], [NAM], [DIEMTB], [XEPLOAI]) VALUES (868, 2012, 9.5, N'GIOI ')
INSERT [dbo].[KETQUA] ([MASV], [NAM], [DIEMTB], [XEPLOAI]) VALUES (869, 2012, 10, N'GIOI ')
INSERT [dbo].[KETQUA] ([MASV], [NAM], [DIEMTB], [XEPLOAI]) VALUES (870, 2015, 8.5, N'GIOI ')
INSERT [dbo].[KETQUA] ([MASV], [NAM], [DIEMTB], [XEPLOAI]) VALUES (871, 2015, 8.5, N'GIOI ')
INSERT [dbo].[KETQUA] ([MASV], [NAM], [DIEMTB], [XEPLOAI]) VALUES (872, 2013, 7, N'KHA  ')
INSERT [dbo].[KETQUA] ([MASV], [NAM], [DIEMTB], [XEPLOAI]) VALUES (873, 2015, 9, N'GIOI ')
INSERT [dbo].[KETQUA] ([MASV], [NAM], [DIEMTB], [XEPLOAI]) VALUES (874, 2012, 8, N'GIOI ')
INSERT [dbo].[KETQUA] ([MASV], [NAM], [DIEMTB], [XEPLOAI]) VALUES (875, 2015, 9.5, N'GIOI ')
INSERT [dbo].[KETQUA] ([MASV], [NAM], [DIEMTB], [XEPLOAI]) VALUES (876, 2015, 5, N'TB   ')
INSERT [dbo].[KETQUA] ([MASV], [NAM], [DIEMTB], [XEPLOAI]) VALUES (877, 2015, 9, N'GIOI ')
INSERT [dbo].[KETQUA] ([MASV], [NAM], [DIEMTB], [XEPLOAI]) VALUES (878, 2013, 8.5, N'GIOI ')
INSERT [dbo].[KETQUA] ([MASV], [NAM], [DIEMTB], [XEPLOAI]) VALUES (879, 2015, 9.5, N'GIOI ')
INSERT [dbo].[KETQUA] ([MASV], [NAM], [DIEMTB], [XEPLOAI]) VALUES (880, 2014, 5, N'TB   ')
INSERT [dbo].[KETQUA] ([MASV], [NAM], [DIEMTB], [XEPLOAI]) VALUES (881, 2014, 10, N'GIOI ')
INSERT [dbo].[KETQUA] ([MASV], [NAM], [DIEMTB], [XEPLOAI]) VALUES (882, 2015, 7, N'KHA  ')
INSERT [dbo].[KETQUA] ([MASV], [NAM], [DIEMTB], [XEPLOAI]) VALUES (883, 2015, 9.5, N'GIOI ')
INSERT [dbo].[KETQUA] ([MASV], [NAM], [DIEMTB], [XEPLOAI]) VALUES (884, 2015, 7.5, N'KHA  ')
INSERT [dbo].[KETQUA] ([MASV], [NAM], [DIEMTB], [XEPLOAI]) VALUES (885, 2013, 9.5, N'GIOI ')
INSERT [dbo].[KETQUA] ([MASV], [NAM], [DIEMTB], [XEPLOAI]) VALUES (886, 2013, 7.5, N'KHA  ')
INSERT [dbo].[KETQUA] ([MASV], [NAM], [DIEMTB], [XEPLOAI]) VALUES (887, 2015, 10, N'GIOI ')
INSERT [dbo].[KETQUA] ([MASV], [NAM], [DIEMTB], [XEPLOAI]) VALUES (888, 2014, 5, N'TB   ')
INSERT [dbo].[KETQUA] ([MASV], [NAM], [DIEMTB], [XEPLOAI]) VALUES (889, 2014, 7, N'KHA  ')
INSERT [dbo].[KETQUA] ([MASV], [NAM], [DIEMTB], [XEPLOAI]) VALUES (890, 2012, 6, N'TB   ')
INSERT [dbo].[KETQUA] ([MASV], [NAM], [DIEMTB], [XEPLOAI]) VALUES (891, 2012, 10, N'GIOI ')
INSERT [dbo].[KETQUA] ([MASV], [NAM], [DIEMTB], [XEPLOAI]) VALUES (892, 2013, 9.5, N'GIOI ')
INSERT [dbo].[KETQUA] ([MASV], [NAM], [DIEMTB], [XEPLOAI]) VALUES (893, 2014, 8.5, N'GIOI ')
INSERT [dbo].[KETQUA] ([MASV], [NAM], [DIEMTB], [XEPLOAI]) VALUES (894, 2015, 9, N'GIOI ')
INSERT [dbo].[KETQUA] ([MASV], [NAM], [DIEMTB], [XEPLOAI]) VALUES (895, 2012, 6, N'TB   ')
INSERT [dbo].[KETQUA] ([MASV], [NAM], [DIEMTB], [XEPLOAI]) VALUES (896, 2012, 5, N'TB   ')
INSERT [dbo].[KETQUA] ([MASV], [NAM], [DIEMTB], [XEPLOAI]) VALUES (897, 2015, 9, N'GIOI ')
INSERT [dbo].[KETQUA] ([MASV], [NAM], [DIEMTB], [XEPLOAI]) VALUES (898, 2013, 9, N'GIOI ')
INSERT [dbo].[KETQUA] ([MASV], [NAM], [DIEMTB], [XEPLOAI]) VALUES (899, 2015, 8.5, N'GIOI ')
INSERT [dbo].[KETQUA] ([MASV], [NAM], [DIEMTB], [XEPLOAI]) VALUES (900, 2014, 10, N'GIOI ')
GO
INSERT [dbo].[KETQUA] ([MASV], [NAM], [DIEMTB], [XEPLOAI]) VALUES (901, 2013, 9, N'GIOI ')
INSERT [dbo].[KETQUA] ([MASV], [NAM], [DIEMTB], [XEPLOAI]) VALUES (902, 2015, 10, N'GIOI ')
INSERT [dbo].[KETQUA] ([MASV], [NAM], [DIEMTB], [XEPLOAI]) VALUES (903, 2015, 6, N'TB   ')
INSERT [dbo].[KETQUA] ([MASV], [NAM], [DIEMTB], [XEPLOAI]) VALUES (904, 2012, 5, N'TB   ')
INSERT [dbo].[KETQUA] ([MASV], [NAM], [DIEMTB], [XEPLOAI]) VALUES (905, 2014, 7.5, N'KHA  ')
INSERT [dbo].[KETQUA] ([MASV], [NAM], [DIEMTB], [XEPLOAI]) VALUES (906, 2013, 8, N'GIOI ')
INSERT [dbo].[KETQUA] ([MASV], [NAM], [DIEMTB], [XEPLOAI]) VALUES (907, 2014, 8, N'GIOI ')
INSERT [dbo].[KETQUA] ([MASV], [NAM], [DIEMTB], [XEPLOAI]) VALUES (908, 2012, 6.5, N'KHA  ')
INSERT [dbo].[KETQUA] ([MASV], [NAM], [DIEMTB], [XEPLOAI]) VALUES (909, 2012, 6.5, N'KHA  ')
INSERT [dbo].[KETQUA] ([MASV], [NAM], [DIEMTB], [XEPLOAI]) VALUES (910, 2015, 5, N'TB   ')
INSERT [dbo].[KETQUA] ([MASV], [NAM], [DIEMTB], [XEPLOAI]) VALUES (911, 2014, 8, N'GIOI ')
INSERT [dbo].[KETQUA] ([MASV], [NAM], [DIEMTB], [XEPLOAI]) VALUES (912, 2012, 9, N'GIOI ')
INSERT [dbo].[KETQUA] ([MASV], [NAM], [DIEMTB], [XEPLOAI]) VALUES (913, 2012, 8.5, N'GIOI ')
INSERT [dbo].[KETQUA] ([MASV], [NAM], [DIEMTB], [XEPLOAI]) VALUES (914, 2013, 6, N'TB   ')
INSERT [dbo].[KETQUA] ([MASV], [NAM], [DIEMTB], [XEPLOAI]) VALUES (915, 2013, 9, N'GIOI ')
INSERT [dbo].[KETQUA] ([MASV], [NAM], [DIEMTB], [XEPLOAI]) VALUES (916, 2014, 9, N'GIOI ')
INSERT [dbo].[KETQUA] ([MASV], [NAM], [DIEMTB], [XEPLOAI]) VALUES (917, 2014, 6.5, N'KHA  ')
INSERT [dbo].[KETQUA] ([MASV], [NAM], [DIEMTB], [XEPLOAI]) VALUES (918, 2015, 6.5, N'KHA  ')
INSERT [dbo].[KETQUA] ([MASV], [NAM], [DIEMTB], [XEPLOAI]) VALUES (919, 2015, 8.5, N'GIOI ')
INSERT [dbo].[KETQUA] ([MASV], [NAM], [DIEMTB], [XEPLOAI]) VALUES (920, 2015, 9.5, N'GIOI ')
INSERT [dbo].[KETQUA] ([MASV], [NAM], [DIEMTB], [XEPLOAI]) VALUES (921, 2012, 6, N'TB   ')
INSERT [dbo].[KETQUA] ([MASV], [NAM], [DIEMTB], [XEPLOAI]) VALUES (922, 2014, 9.5, N'GIOI ')
INSERT [dbo].[KETQUA] ([MASV], [NAM], [DIEMTB], [XEPLOAI]) VALUES (923, 2015, 7, N'KHA  ')
INSERT [dbo].[KETQUA] ([MASV], [NAM], [DIEMTB], [XEPLOAI]) VALUES (924, 2015, 6, N'TB   ')
INSERT [dbo].[KETQUA] ([MASV], [NAM], [DIEMTB], [XEPLOAI]) VALUES (925, 2012, 8.5, N'GIOI ')
INSERT [dbo].[KETQUA] ([MASV], [NAM], [DIEMTB], [XEPLOAI]) VALUES (926, 2015, 9.5, N'GIOI ')
INSERT [dbo].[KETQUA] ([MASV], [NAM], [DIEMTB], [XEPLOAI]) VALUES (927, 2015, 7, N'KHA  ')
INSERT [dbo].[KETQUA] ([MASV], [NAM], [DIEMTB], [XEPLOAI]) VALUES (928, 2013, 8, N'GIOI ')
INSERT [dbo].[KETQUA] ([MASV], [NAM], [DIEMTB], [XEPLOAI]) VALUES (929, 2012, 7.5, N'KHA  ')
INSERT [dbo].[KETQUA] ([MASV], [NAM], [DIEMTB], [XEPLOAI]) VALUES (930, 2012, 8.5, N'GIOI ')
INSERT [dbo].[KETQUA] ([MASV], [NAM], [DIEMTB], [XEPLOAI]) VALUES (931, 2013, 9.5, N'GIOI ')
INSERT [dbo].[KETQUA] ([MASV], [NAM], [DIEMTB], [XEPLOAI]) VALUES (932, 2014, 7, N'KHA  ')
INSERT [dbo].[KETQUA] ([MASV], [NAM], [DIEMTB], [XEPLOAI]) VALUES (933, 2015, 5.5, N'TB   ')
INSERT [dbo].[KETQUA] ([MASV], [NAM], [DIEMTB], [XEPLOAI]) VALUES (934, 2012, 8.5, N'GIOI ')
INSERT [dbo].[KETQUA] ([MASV], [NAM], [DIEMTB], [XEPLOAI]) VALUES (935, 2014, 9, N'GIOI ')
INSERT [dbo].[KETQUA] ([MASV], [NAM], [DIEMTB], [XEPLOAI]) VALUES (936, 2014, 7, N'KHA  ')
INSERT [dbo].[KETQUA] ([MASV], [NAM], [DIEMTB], [XEPLOAI]) VALUES (937, 2014, 6, N'TB   ')
INSERT [dbo].[KETQUA] ([MASV], [NAM], [DIEMTB], [XEPLOAI]) VALUES (938, 2014, 5, N'TB   ')
INSERT [dbo].[KETQUA] ([MASV], [NAM], [DIEMTB], [XEPLOAI]) VALUES (939, 2014, 7.5, N'KHA  ')
INSERT [dbo].[KETQUA] ([MASV], [NAM], [DIEMTB], [XEPLOAI]) VALUES (940, 2015, 5, N'TB   ')
INSERT [dbo].[KETQUA] ([MASV], [NAM], [DIEMTB], [XEPLOAI]) VALUES (941, 2013, 6.5, N'KHA  ')
INSERT [dbo].[KETQUA] ([MASV], [NAM], [DIEMTB], [XEPLOAI]) VALUES (942, 2014, 6, N'TB   ')
INSERT [dbo].[KETQUA] ([MASV], [NAM], [DIEMTB], [XEPLOAI]) VALUES (943, 2012, 9.5, N'GIOI ')
INSERT [dbo].[KETQUA] ([MASV], [NAM], [DIEMTB], [XEPLOAI]) VALUES (944, 2013, 6.5, N'KHA  ')
INSERT [dbo].[KETQUA] ([MASV], [NAM], [DIEMTB], [XEPLOAI]) VALUES (945, 2012, 6.5, N'KHA  ')
INSERT [dbo].[KETQUA] ([MASV], [NAM], [DIEMTB], [XEPLOAI]) VALUES (946, 2013, 9.5, N'GIOI ')
INSERT [dbo].[KETQUA] ([MASV], [NAM], [DIEMTB], [XEPLOAI]) VALUES (947, 2015, 10, N'GIOI ')
INSERT [dbo].[KETQUA] ([MASV], [NAM], [DIEMTB], [XEPLOAI]) VALUES (948, 2013, 6.5, N'KHA  ')
INSERT [dbo].[KETQUA] ([MASV], [NAM], [DIEMTB], [XEPLOAI]) VALUES (949, 2013, 10, N'GIOI ')
INSERT [dbo].[KETQUA] ([MASV], [NAM], [DIEMTB], [XEPLOAI]) VALUES (950, 2013, 5, N'TB   ')
INSERT [dbo].[KETQUA] ([MASV], [NAM], [DIEMTB], [XEPLOAI]) VALUES (951, 2013, 6.5, N'KHA  ')
INSERT [dbo].[KETQUA] ([MASV], [NAM], [DIEMTB], [XEPLOAI]) VALUES (952, 2013, 6.5, N'KHA  ')
INSERT [dbo].[KETQUA] ([MASV], [NAM], [DIEMTB], [XEPLOAI]) VALUES (953, 2013, 7.5, N'KHA  ')
INSERT [dbo].[KETQUA] ([MASV], [NAM], [DIEMTB], [XEPLOAI]) VALUES (954, 2013, 8, N'GIOI ')
INSERT [dbo].[KETQUA] ([MASV], [NAM], [DIEMTB], [XEPLOAI]) VALUES (955, 2015, 8, N'GIOI ')
INSERT [dbo].[KETQUA] ([MASV], [NAM], [DIEMTB], [XEPLOAI]) VALUES (956, 2014, 9, N'GIOI ')
INSERT [dbo].[KETQUA] ([MASV], [NAM], [DIEMTB], [XEPLOAI]) VALUES (957, 2012, 7, N'KHA  ')
INSERT [dbo].[KETQUA] ([MASV], [NAM], [DIEMTB], [XEPLOAI]) VALUES (958, 2014, 7.5, N'KHA  ')
INSERT [dbo].[KETQUA] ([MASV], [NAM], [DIEMTB], [XEPLOAI]) VALUES (959, 2015, 5, N'TB   ')
INSERT [dbo].[KETQUA] ([MASV], [NAM], [DIEMTB], [XEPLOAI]) VALUES (960, 2015, 5, N'TB   ')
INSERT [dbo].[KETQUA] ([MASV], [NAM], [DIEMTB], [XEPLOAI]) VALUES (961, 2014, 5, N'TB   ')
INSERT [dbo].[KETQUA] ([MASV], [NAM], [DIEMTB], [XEPLOAI]) VALUES (962, 2013, 6.5, N'KHA  ')
INSERT [dbo].[KETQUA] ([MASV], [NAM], [DIEMTB], [XEPLOAI]) VALUES (963, 2012, 7.5, N'KHA  ')
INSERT [dbo].[KETQUA] ([MASV], [NAM], [DIEMTB], [XEPLOAI]) VALUES (964, 2012, 8, N'GIOI ')
INSERT [dbo].[KETQUA] ([MASV], [NAM], [DIEMTB], [XEPLOAI]) VALUES (965, 2014, 6.5, N'KHA  ')
INSERT [dbo].[KETQUA] ([MASV], [NAM], [DIEMTB], [XEPLOAI]) VALUES (966, 2012, 5, N'TB   ')
INSERT [dbo].[KETQUA] ([MASV], [NAM], [DIEMTB], [XEPLOAI]) VALUES (967, 2012, 8, N'GIOI ')
INSERT [dbo].[KETQUA] ([MASV], [NAM], [DIEMTB], [XEPLOAI]) VALUES (968, 2015, 5.5, N'TB   ')
INSERT [dbo].[KETQUA] ([MASV], [NAM], [DIEMTB], [XEPLOAI]) VALUES (969, 2015, 9.5, N'GIOI ')
INSERT [dbo].[KETQUA] ([MASV], [NAM], [DIEMTB], [XEPLOAI]) VALUES (970, 2013, 10, N'GIOI ')
INSERT [dbo].[KETQUA] ([MASV], [NAM], [DIEMTB], [XEPLOAI]) VALUES (971, 2013, 6.5, N'KHA  ')
INSERT [dbo].[KETQUA] ([MASV], [NAM], [DIEMTB], [XEPLOAI]) VALUES (972, 2013, 5, N'TB   ')
INSERT [dbo].[KETQUA] ([MASV], [NAM], [DIEMTB], [XEPLOAI]) VALUES (973, 2012, 9, N'GIOI ')
INSERT [dbo].[KETQUA] ([MASV], [NAM], [DIEMTB], [XEPLOAI]) VALUES (974, 2012, 10, N'GIOI ')
INSERT [dbo].[KETQUA] ([MASV], [NAM], [DIEMTB], [XEPLOAI]) VALUES (975, 2012, 8, N'GIOI ')
INSERT [dbo].[KETQUA] ([MASV], [NAM], [DIEMTB], [XEPLOAI]) VALUES (976, 2012, 6, N'TB   ')
INSERT [dbo].[KETQUA] ([MASV], [NAM], [DIEMTB], [XEPLOAI]) VALUES (977, 2013, 8.5, N'GIOI ')
INSERT [dbo].[KETQUA] ([MASV], [NAM], [DIEMTB], [XEPLOAI]) VALUES (978, 2012, 9, N'GIOI ')
INSERT [dbo].[KETQUA] ([MASV], [NAM], [DIEMTB], [XEPLOAI]) VALUES (979, 2013, 5, N'TB   ')
INSERT [dbo].[KETQUA] ([MASV], [NAM], [DIEMTB], [XEPLOAI]) VALUES (980, 2012, 7.5, N'KHA  ')
INSERT [dbo].[KETQUA] ([MASV], [NAM], [DIEMTB], [XEPLOAI]) VALUES (981, 2012, 5, N'TB   ')
INSERT [dbo].[KETQUA] ([MASV], [NAM], [DIEMTB], [XEPLOAI]) VALUES (982, 2012, 9, N'GIOI ')
INSERT [dbo].[KETQUA] ([MASV], [NAM], [DIEMTB], [XEPLOAI]) VALUES (983, 2014, 6.5, N'KHA  ')
INSERT [dbo].[KETQUA] ([MASV], [NAM], [DIEMTB], [XEPLOAI]) VALUES (984, 2012, 7.5, N'KHA  ')
INSERT [dbo].[KETQUA] ([MASV], [NAM], [DIEMTB], [XEPLOAI]) VALUES (985, 2014, 8, N'GIOI ')
INSERT [dbo].[KETQUA] ([MASV], [NAM], [DIEMTB], [XEPLOAI]) VALUES (986, 2013, 5, N'TB   ')
INSERT [dbo].[KETQUA] ([MASV], [NAM], [DIEMTB], [XEPLOAI]) VALUES (987, 2013, 5, N'TB   ')
INSERT [dbo].[KETQUA] ([MASV], [NAM], [DIEMTB], [XEPLOAI]) VALUES (988, 2015, 8, N'GIOI ')
INSERT [dbo].[KETQUA] ([MASV], [NAM], [DIEMTB], [XEPLOAI]) VALUES (989, 2014, 5.5, N'TB   ')
INSERT [dbo].[KETQUA] ([MASV], [NAM], [DIEMTB], [XEPLOAI]) VALUES (990, 2012, 5.5, N'TB   ')
INSERT [dbo].[KETQUA] ([MASV], [NAM], [DIEMTB], [XEPLOAI]) VALUES (991, 2015, 7.5, N'KHA  ')
INSERT [dbo].[KETQUA] ([MASV], [NAM], [DIEMTB], [XEPLOAI]) VALUES (992, 2014, 5, N'TB   ')
INSERT [dbo].[KETQUA] ([MASV], [NAM], [DIEMTB], [XEPLOAI]) VALUES (993, 2013, 7, N'KHA  ')
INSERT [dbo].[KETQUA] ([MASV], [NAM], [DIEMTB], [XEPLOAI]) VALUES (994, 2013, 10, N'GIOI ')
INSERT [dbo].[KETQUA] ([MASV], [NAM], [DIEMTB], [XEPLOAI]) VALUES (995, 2014, 7, N'KHA  ')
INSERT [dbo].[KETQUA] ([MASV], [NAM], [DIEMTB], [XEPLOAI]) VALUES (996, 2013, 8, N'GIOI ')
INSERT [dbo].[KETQUA] ([MASV], [NAM], [DIEMTB], [XEPLOAI]) VALUES (997, 2012, 9.5, N'GIOI ')
INSERT [dbo].[KETQUA] ([MASV], [NAM], [DIEMTB], [XEPLOAI]) VALUES (998, 2015, 5, N'TB   ')
INSERT [dbo].[KETQUA] ([MASV], [NAM], [DIEMTB], [XEPLOAI]) VALUES (999, 2012, 7, N'KHA  ')
INSERT [dbo].[KETQUA] ([MASV], [NAM], [DIEMTB], [XEPLOAI]) VALUES (1000, 2014, 7, N'KHA  ')
GO
